cell_id,dataset,donor_id,condition,cell_type,INS,IAPP,PDX1,MAFA,NKX6-1,SLC2A2,GABRA2,PPP1R1A,ADCYAP1,ENTPD3,HSPA5,XBP1,DDIT3,ATF4,HERPUD1,IL1R2,HLA-DRA,HLA-DPA1,GBP2,TNFRSF10A,NDUFA1,NDUFB5,SDHA,UQCRC1,COX4I1,ATP5F1A,GENE000,GENE001,GENE002,GENE003,GENE004,GENE005,GENE006,GENE007,GENE008,GENE009,GENE010,GENE011,GENE012,GENE013,GENE014,GENE015,GENE016,GENE017,GENE018,GENE019,GENE020,GENE021,GENE022,GENE023,GENE024,GENE025,GENE026,GENE027,GENE028,GENE029,GENE030,GENE031,GENE032,GENE033,GENE034,GENE035,GENE036,GENE037,GENE038,GENE039,GENE040,GENE041,GENE042,GENE043,GENE044,GENE045,GENE046,GENE047,GENE048,GENE049,GENE050,GENE051,GENE052,GENE053,GENE054,GENE055,GENE056,GENE057,GENE058,GENE059,GENE060,GENE061,GENE062,GENE063,GENE064,GENE065,GENE066,GENE067,GENE068,GENE069,GENE070,GENE071,GENE072,GENE073,GENE074,GENE075,GENE076,GENE077,GENE078,GENE079
ND_donor_01_cell_000,demo,ND_donor_01,ND,beta,31,24,21,24,29,19,13,25,33,25,1,1,1,0,1,2,3,3,1,1,8,5,9,7,4,4,0,4,2,3,2,0,3,0,0,2,6,3,2,5,0,2,3,3,0,2,4,0,0,1,1,0,4,0,2,1,4,3,0,4,2,2,1,0,0,3,0,1,2,1,0,3,2,0,4,1,3,2,5,4,1,2,2,3,1,1,2,2,0,1,0,4,0,0,2,2,2,2,2,2,0,1,2,5,1,3
ND_donor_01_cell_001,demo,ND_donor_01,ND,beta,34,34,27,26,23,33,32,42,27,29,0,3,2,0,1,0,1,3,3,2,9,6,7,9,6,8,1,1,2,2,1,1,2,0,2,3,3,1,1,0,1,0,0,0,1,3,2,2,2,3,4,0,4,0,0,3,1,1,2,2,1,0,1,3,4,2,3,2,0,0,0,1,3,1,0,2,2,2,1,0,2,3,2,0,1,2,2,2,0,1,0,1,1,1,2,2,2,0,0,0,1,1,1,4,1,2
ND_donor_01_cell_002,demo,ND_donor_01,ND,beta,21,25,12,27,26,10,18,22,23,18,4,4,1,4,2,3,1,4,2,3,5,8,2,2,3,4,3,0,0,1,1,0,3,3,0,1,3,2,2,0,1,4,0,1,4,0,3,0,1,1,1,0,2,3,3,3,2,0,0,6,3,1,2,0,0,2,2,2,4,1,1,0,0,1,2,3,0,2,4,4,1,3,1,0,1,3,0,1,3,1,1,1,1,3,4,1,3,0,4,0,1,2,4,3,1,2
ND_donor_01_cell_003,demo,ND_donor_01,ND,beta,17,26,14,16,25,20,20,19,21,28,1,5,0,3,6,0,1,3,4,1,2,5,6,4,8,4,4,2,1,1,4,3,6,1,2,1,3,3,3,2,1,4,2,1,2,1,1,0,1,2,1,2,6,2,0,2,2,1,0,4,3,3,0,1,4,0,2,2,1,2,4,0,0,4,1,2,1,2,4,1,0,4,1,0,2,1,1,1,3,2,0,3,2,2,2,0,0,0,1,0,1,1,2,1,5,1
ND_donor_01_cell_004,demo,ND_donor_01,ND,beta,29,33,28,37,21,27,33,26,35,24,1,0,2,1,2,1,2,5,1,1,5,4,7,7,7,2,3,3,2,0,2,1,0,1,1,2,3,1,2,2,0,1,1,1,4,1,2,2,1,4,0,0,0,0,2,5,2,3,2,1,1,1,3,2,0,4,2,2,6,0,2,3,3,5,2,2,2,3,5,1,0,1,1,3,3,4,1,4,4,3,0,2,1,3,4,1,2,2,4,0,1,0,6,4,2,0
ND_donor_01_cell_005,demo,ND_donor_01,ND,beta,29,32,23,20,23,38,28,31,25,22,2,4,3,2,0,1,1,0,2,1,7,3,3,6,7,5,2,0,2,5,1,0,1,1,2,2,3,2,2,0,3,0,3,2,2,4,4,2,2,1,4,0,4,5,3,1,0,1,0,0,1,3,1,3,3,2,0,1,3,6,3,2,1,0,1,3,3,1,0,0,2,0,4,4,2,0,1,1,4,0,0,2,3,4,0,1,7,1,1,1,3,2,2,0,4,6
ND_donor_01_cell_006,demo,ND_donor_01,ND,beta,18,26,27,18,31,17,29,18,20,18,3,2,1,1,0,1,2,2,2,3,10,7,5,3,6,8,1,0,1,3,2,2,3,2,5,2,0,4,2,0,1,1,4,2,2,3,4,2,6,1,1,1,0,3,2,3,1,3,0,2,0,4,2,1,0,2,0,0,3,2,1,2,0,0,3,1,4,0,0,0,1,0,5,0,2,3,7,1,1,5,2,1,2,1,1,1,2,2,4,3,4,2,1,0,1,1
ND_donor_01_cell_007,demo,ND_donor_01,ND,beta,16,8,21,13,11,10,7,12,11,11,4,2,5,6,7,2,2,4,3,3,4,4,6,6,6,6,1,0,0,4,3,0,0,2,2,1,0,1,2,4,2,2,2,1,0,0,3,1,1,0,3,0,2,5,3,1,3,1,3,2,1,2,2,0,4,2,3,2,0,2,3,0,2,4,3,2,0,0,0,4,1,0,0,1,1,1,3,2,2,0,0,1,4,1,2,2,1,3,1,2,0,2,0,0,1,4
ND_donor_01_cell_008,demo,ND_donor_01,ND,beta,69,64,53,72,71,67,66,63,51,67,1,2,0,1,0,0,0,0,0,2,6,10,11,8,12,7,3,2,3,0,2,0,2,0,1,2,4,2,1,5,2,5,1,5,3,7,0,3,0,0,1,3,2,2,1,0,3,5,3,3,3,3,2,2,0,2,2,3,1,2,2,1,1,1,1,5,3,1,1,1,1,3,0,0,2,1,0,1,1,1,0,1,2,3,1,0,7,1,0,3,1,2,1,3,3,3
ND_donor_01_cell_009,demo,ND_donor_01,ND,beta,85,73,70,78,78,88,76,81,100,64,1,1,1,0,1,0,0,0,0,0,9,11,14,8,9,6,0,1,1,2,0,3,1,0,3,2,2,3,1,4,1,4,2,6,0,1,1,4,0,1,0,1,0,1,1,2,1,1,3,3,0,1,1,2,0,0,2,0,0,1,5,0,0,0,1,2,0,1,0,4,1,3,2,0,0,1,2,1,1,0,3,0,1,3,0,1,1,4,3,2,2,2,2,0,0,3
ND_donor_01_cell_010,demo,ND_donor_01,ND,beta,56,59,57,66,78,59,63,54,69,73,0,1,0,0,1,1,1,1,1,0,5,11,3,7,9,9,1,0,1,1,0,0,1,3,0,0,1,1,1,2,3,1,2,5,0,0,3,1,1,2,1,1,5,0,0,0,1,0,2,2,0,1,2,2,2,2,1,1,0,0,3,1,1,3,1,0,0,1,3,2,0,1,2,1,1,1,0,2,1,0,2,1,1,2,1,3,3,3,1,3,1,1,3,3,0,1
ND_donor_01_cell_011,demo,ND_donor_01,ND,beta,43,34,48,33,44,30,36,27,35,31,1,3,0,0,0,0,1,0,3,0,4,6,5,5,2,3,4,1,0,1,4,1,1,3,0,0,0,2,1,1,1,1,0,1,3,1,0,2,3,0,1,2,1,1,2,3,2,2,2,3,1,4,3,1,6,3,7,1,3,4,4,3,3,3,1,0,6,3,0,2,0,0,0,0,2,0,1,3,0,1,0,0,3,0,1,2,1,2,2,1,2,2,2,0,1,0
ND_donor_01_cell_012,demo,ND_donor_01,ND,beta,36,29,31,33,46,31,34,52,46,40,3,1,1,3,1,0,2,4,0,2,7,7,6,6,12,9,1,1,2,1,4,3,0,4,3,1,1,0,1,0,0,3,0,2,5,2,2,0,1,0,1,2,3,6,0,3,1,3,4,2,0,3,1,1,1,4,2,3,0,3,1,3,0,3,2,1,8,0,4,2,0,1,3,3,0,1,3,2,3,0,2,3,2,0,2,6,1,1,1,1,1,1,0,0,0,1
ND_donor_01_cell_013,demo,ND_donor_01,ND,beta,59,49,56,56,55,54,36,51,35,46,0,1,1,0,0,0,3,1,0,1,4,3,3,9,9,7,0,1,2,0,2,0,4,3,1,3,0,4,2,0,3,4,1,2,1,4,2,2,2,2,1,4,7,3,3,4,4,0,3,4,1,1,4,1,0,0,1,2,1,0,2,1,3,1,0,3,4,1,1,4,0,1,0,0,2,2,5,0,4,0,0,0,3,1,3,1,0,1,2,5,2,2,2,0,0,0
ND_donor_01_cell_014,demo,ND_donor_01,ND,beta,30,28,21,32,28,32,32,23,21,21,1,0,2,2,0,2,1,1,0,2,6,7,9,5,4,7,2,2,2,1,1,3,0,3,0,1,1,1,0,2,3,5,0,2,4,1,5,3,5,0,1,3,1,1,6,0,0,2,3,2,1,1,2,1,2,2,0,0,2,3,1,1,3,0,0,0,1,4,1,4,0,2,4,0,4,1,2,1,3,2,0,2,2,3,3,1,0,1,4,3,0,2,0,3,2,2
ND_donor_01_cell_015,demo,ND_donor_01,ND,beta,33,31,26,26,31,21,18,28,20,29,3,1,1,1,0,3,3,3,2,0,2,8,11,5,5,8,5,1,1,1,2,4,8,3,7,1,4,1,1,0,2,1,3,1,0,3,0,1,0,1,3,2,3,2,2,3,2,2,1,2,0,0,4,2,0,1,0,2,8,2,2,1,1,2,2,3,1,1,3,3,0,2,3,0,3,3,1,0,1,1,1,1,0,0,1,0,2,3,2,2,6,0,0,1,1,3
ND_donor_01_cell_016,demo,ND_donor_01,ND,beta,49,54,59,57,65,50,63,52,49,62,1,1,0,1,1,0,1,0,0,1,9,7,6,7,10,4,2,2,0,3,2,2,1,3,4,1,2,3,2,1,2,2,2,3,2,0,4,0,2,1,4,3,0,4,3,4,2,3,4,3,3,0,2,1,5,0,2,3,4,3,4,1,2,6,1,2,1,2,1,2,3,0,5,4,3,4,3,1,3,0,3,2,4,2,1,2,1,4,2,3,2,0,1,5,1,1
ND_donor_01_cell_017,demo,ND_donor_01,ND,beta,14,15,16,18,16,10,11,19,16,16,4,2,3,5,4,6,7,3,2,0,10,5,4,4,6,4,1,3,5,0,0,1,0,0,1,2,3,1,1,1,0,0,2,0,1,1,0,1,0,1,3,2,1,4,2,6,3,1,1,1,1,2,1,3,2,0,3,5,1,2,0,4,2,3,3,0,1,1,2,2,2,1,4,0,5,0,2,3,2,0,2,4,2,0,0,1,2,2,3,2,1,0,2,7,2,2
ND_donor_01_cell_018,demo,ND_donor_01,ND,beta,37,33,48,43,32,45,40,36,45,43,0,2,0,1,0,0,0,0,1,1,5,15,10,9,4,9,1,4,1,0,7,2,2,4,2,2,1,1,0,1,0,0,2,2,2,3,7,0,4,1,1,3,1,1,2,1,0,4,0,0,0,2,3,2,4,1,1,2,0,2,4,2,3,2,4,3,3,1,5,2,1,3,0,4,1,1,1,5,0,1,2,1,4,1,2,0,2,5,3,2,2,2,4,0,3,2
ND_donor_01_cell_019,demo,ND_donor_01,ND,beta,22,30,28,34,18,28,42,22,22,28,1,1,5,2,3,1,4,0,3,1,2,8,9,7,11,6,0,1,1,3,1,2,0,2,1,0,4,0,1,1,1,1,0,5,1,2,2,1,0,1,0,1,3,0,2,2,1,1,4,1,1,3,0,3,2,1,0,1,6,0,1,1,0,4,4,9,0,0,2,2,0,1,4,1,1,6,2,3,3,4,2,0,2,2,3,0,2,2,3,1,3,0,1,3,1,4
ND_donor_01_cell_020,demo,ND_donor_01,ND,beta,42,39,37,35,33,30,31,29,27,24,1,1,3,2,1,3,3,3,3,3,6,5,6,2,8,5,0,3,0,1,0,2,1,4,3,1,2,0,1,2,2,0,0,1,4,1,2,3,0,0,0,3,2,6,0,5,3,3,0,2,2,5,3,2,2,5,1,3,1,4,0,2,1,2,1,4,1,3,3,1,1,0,4,0,5,4,2,2,3,2,3,1,0,0,1,1,2,2,1,1,5,0,2,3,0,1
ND_donor_01_cell_021,demo,ND_donor_01,ND,beta,28,27,43,34,33,36,28,29,47,39,0,1,2,2,2,5,5,0,1,1,5,6,9,6,7,6,1,4,2,2,2,3,0,1,5,1,3,4,2,0,0,2,2,0,0,1,1,1,2,0,0,2,6,1,3,1,1,4,1,1,1,3,0,4,5,1,1,1,1,1,0,1,0,1,3,0,3,0,3,1,2,1,4,1,2,4,0,1,1,2,2,0,3,1,1,0,1,1,5,1,0,0,1,2,0,5
ND_donor_01_cell_022,demo,ND_donor_01,ND,beta,20,15,11,14,26,24,20,25,21,18,4,1,3,5,4,2,0,4,4,4,9,2,4,3,9,4,2,2,2,3,2,0,6,0,0,2,1,1,0,0,1,1,1,1,3,6,3,1,0,0,4,2,1,1,5,5,2,6,2,2,1,1,0,1,4,3,0,3,3,1,3,5,2,0,0,5,1,0,1,4,1,2,0,1,2,0,4,3,1,4,1,3,1,0,0,4,1,3,5,3,0,2,2,4,2,1
ND_donor_01_cell_023,demo,ND_donor_01,ND,beta,15,11,15,16,14,21,14,15,21,17,4,3,3,5,2,4,4,2,0,3,5,10,4,4,5,6,0,2,1,3,0,0,0,4,3,3,3,3,2,1,2,1,2,2,0,2,3,0,4,0,2,4,1,1,2,1,1,2,2,0,2,0,0,2,5,0,0,2,0,1,5,2,3,2,2,0,1,2,1,1,4,0,1,1,0,0,2,2,1,4,1,3,2,2,0,0,3,5,0,1,2,4,0,1,1,1
ND_donor_01_cell_024,demo,ND_donor_01,ND,beta,13,10,11,8,12,6,9,19,14,11,5,3,8,4,8,2,5,5,3,7,5,7,3,3,2,6,1,1,2,1,5,1,1,3,4,4,0,1,4,2,3,3,2,2,1,1,2,0,2,4,1,3,3,0,1,1,0,4,3,4,1,1,0,0,1,2,5,3,2,1,2,0,1,2,1,3,3,0,0,0,1,4,1,4,3,0,1,1,6,1,3,0,2,3,1,1,4,1,3,4,1,6,3,2,3,1
ND_donor_01_cell_025,demo,ND_donor_01,ND,beta,21,17,23,24,18,11,17,24,18,19,5,3,3,1,2,2,3,1,3,2,2,6,2,3,9,2,2,1,2,2,0,6,1,3,0,4,1,1,1,2,0,3,2,0,2,1,2,0,0,1,1,1,0,0,5,3,4,3,5,0,1,2,2,1,1,1,5,5,0,1,0,4,4,2,3,2,2,0,1,1,3,1,2,2,3,1,2,3,0,1,2,0,2,1,3,1,0,1,1,0,0,6,7,0,2,1
ND_donor_01_cell_026,demo,ND_donor_01,ND,beta,39,43,33,31,33,34,32,34,39,33,0,0,0,0,0,1,2,3,1,4,3,5,2,7,11,7,2,2,6,4,0,1,3,2,4,4,2,5,3,2,1,0,1,3,4,4,1,0,2,3,2,2,3,0,1,4,0,0,2,4,0,1,0,1,1,0,2,2,2,1,2,6,2,1,0,3,0,1,3,1,4,1,0,4,1,0,1,2,0,1,2,1,4,3,4,1,1,7,0,2,0,0,2,0,2,2
ND_donor_01_cell_027,demo,ND_donor_01,ND,beta,10,13,11,9,8,11,16,15,11,17,5,1,3,4,5,3,5,5,5,2,3,5,7,6,8,7,0,2,2,3,1,1,3,3,1,4,1,0,2,0,2,1,0,1,2,0,3,1,1,2,2,2,5,1,1,2,2,1,4,0,0,2,0,0,4,2,0,2,3,2,1,1,1,0,0,1,3,1,5,1,1,1,1,0,1,2,1,1,0,0,5,1,3,0,1,3,0,3,1,1,1,3,1,1,0,4
ND_donor_01_cell_028,demo,ND_donor_01,ND,beta,15,22,29,24,18,21,17,17,23,23,3,3,3,3,2,2,4,4,1,2,7,7,3,7,6,5,3,1,3,2,4,3,0,1,5,5,0,1,2,2,3,2,1,1,1,1,0,2,0,1,3,3,1,2,1,1,0,0,0,2,1,1,8,3,3,2,0,4,4,1,0,3,1,3,3,3,1,1,0,0,3,4,4,3,0,1,2,0,3,0,1,0,1,4,2,2,0,0,1,1,1,0,2,2,0,1
ND_donor_01_cell_029,demo,ND_donor_01,ND,beta,49,38,43,45,40,38,40,46,39,49,0,0,1,1,0,0,3,2,2,2,11,6,4,6,8,9,2,0,2,2,1,0,2,1,4,6,0,4,2,5,0,0,1,1,0,2,0,4,3,0,0,2,0,4,1,0,2,2,4,6,0,1,0,3,0,5,1,4,1,1,1,2,1,3,3,4,0,2,1,1,3,2,1,0,3,0,0,3,4,1,1,5,2,1,0,3,0,4,3,0,3,0,1,3,0,2
ND_donor_01_cell_030,demo,ND_donor_01,ND,beta,45,38,42,39,37,42,39,31,43,34,0,0,1,1,4,1,1,1,1,2,10,9,6,4,4,3,4,3,3,1,1,1,4,0,6,0,2,1,1,1,0,1,1,2,0,0,1,1,1,0,3,1,3,1,2,8,4,2,0,2,1,4,1,0,2,1,0,3,4,2,1,7,2,0,2,3,1,0,0,2,0,2,6,1,0,3,2,0,0,1,1,0,1,2,1,2,0,0,2,2,1,2,4,1,1,1
ND_donor_01_cell_031,demo,ND_donor_01,ND,beta,18,21,18,26,21,20,13,20,12,19,4,4,4,3,5,3,4,2,2,1,6,10,4,11,3,7,3,1,0,0,3,1,2,2,1,0,2,3,1,1,4,2,4,0,3,1,4,1,3,1,6,1,2,2,2,0,3,2,2,2,2,1,3,0,0,2,7,1,2,1,3,3,2,2,2,3,1,3,1,1,1,0,0,4,0,3,2,0,2,5,0,3,4,4,3,5,0,3,1,1,2,0,2,1,1,2
ND_donor_01_cell_032,demo,ND_donor_01,ND,beta,34,23,30,30,29,35,30,23,22,31,3,1,2,2,2,3,3,2,2,5,5,4,4,9,8,7,1,2,3,4,0,1,6,1,2,1,1,0,2,4,1,0,4,0,1,1,4,1,0,1,0,4,1,0,2,1,2,1,0,2,0,0,1,1,2,0,3,1,3,2,2,5,1,2,0,0,2,0,1,5,1,2,3,1,0,1,2,3,1,2,0,3,1,3,0,2,2,0,2,2,0,0,3,1,1,0
ND_donor_01_cell_033,demo,ND_donor_01,ND,beta,36,41,28,23,31,42,40,34,36,38,1,3,2,2,3,2,2,0,3,2,7,8,5,4,6,9,1,2,0,1,3,1,2,1,2,0,6,1,2,3,3,4,1,4,4,2,1,2,0,2,0,0,0,1,1,0,1,2,1,3,2,1,2,2,1,4,1,1,2,3,6,0,1,4,1,4,3,2,2,6,2,0,1,0,4,1,0,2,0,2,0,0,1,2,1,2,5,2,0,1,4,2,1,3,1,0
ND_donor_01_cell_034,demo,ND_donor_01,ND,beta,44,40,46,39,47,64,54,50,63,37,1,3,0,1,1,1,2,0,0,1,8,9,9,10,4,7,2,0,4,2,2,3,2,0,3,1,1,2,1,1,0,2,4,2,2,3,3,0,1,1,0,0,5,0,4,5,1,3,2,1,2,4,0,1,2,3,1,2,0,2,3,2,0,3,0,3,2,0,1,0,2,1,2,4,2,0,4,0,2,1,0,1,3,1,0,2,3,2,2,3,6,4,4,0,3,2
ND_donor_01_cell_035,demo,ND_donor_01,ND,beta,24,25,20,28,25,23,17,23,29,18,4,2,1,1,6,6,0,2,1,0,8,6,5,7,8,5,2,3,0,1,3,4,8,0,2,3,6,0,1,0,5,2,3,2,1,2,0,3,3,1,2,0,2,3,1,2,1,8,1,0,4,4,3,1,2,1,3,0,3,2,1,2,0,0,0,0,1,2,0,3,0,3,3,1,1,1,2,1,0,3,1,0,2,1,0,0,6,3,1,1,0,0,1,3,4,1
ND_donor_01_cell_036,demo,ND_donor_01,ND,beta,53,51,46,51,47,54,53,53,52,54,0,3,3,0,0,2,0,1,2,2,10,10,8,9,9,10,4,0,1,1,2,2,6,2,4,3,2,2,2,0,2,5,1,0,0,2,0,1,1,3,0,4,1,3,0,0,3,2,3,3,0,0,1,1,2,0,0,2,4,5,5,2,1,0,0,0,3,0,2,1,3,3,2,5,3,1,6,2,0,3,3,0,2,0,0,2,0,2,3,3,4,1,1,0,0,1
ND_donor_01_cell_037,demo,ND_donor_01,ND,beta,14,12,14,19,21,11,20,24,21,21,6,2,2,6,4,3,0,0,3,5,3,5,6,9,3,7,1,0,0,0,0,1,3,0,3,4,1,0,0,1,3,2,3,3,1,3,5,0,1,0,1,1,0,5,5,2,1,1,4,4,6,1,0,2,3,0,5,2,3,2,1,3,1,1,0,3,1,1,1,3,0,0,0,2,0,4,1,2,1,2,4,0,0,3,3,0,3,3,1,3,1,2,1,1,2,1
ND_donor_01_cell_038,demo,ND_donor_01,ND,beta,16,16,17,13,8,13,10,22,11,14,6,7,4,1,4,2,8,4,11,4,6,5,5,10,2,9,1,1,2,1,0,4,2,1,3,2,2,2,1,1,1,1,2,1,0,1,0,1,0,6,3,1,1,2,2,3,1,1,2,2,6,2,0,3,3,4,1,1,3,1,1,1,1,5,0,1,0,1,1,4,0,2,3,2,2,1,2,0,2,1,3,1,1,4,0,1,1,3,3,1,1,2,3,3,1,0
ND_donor_01_cell_039,demo,ND_donor_01,ND,beta,34,35,35,54,34,47,39,44,29,42,0,2,1,0,1,0,1,1,0,0,3,6,6,7,6,8,0,2,2,5,0,2,0,1,0,3,0,1,3,3,0,4,0,0,0,0,6,0,4,2,2,2,4,3,1,3,1,1,1,3,0,0,0,1,1,4,1,0,1,1,1,1,1,0,1,1,0,0,3,0,0,0,2,0,3,1,3,2,3,3,0,0,5,2,0,0,1,0,1,0,4,1,2,2,2,0
ND_donor_01_cell_040,demo,ND_donor_01,ND,beta,19,17,28,24,18,20,15,19,21,26,2,2,2,4,2,3,1,1,4,3,3,4,6,5,2,6,3,1,1,1,1,2,5,0,4,4,0,1,3,1,2,6,2,0,2,1,4,1,1,1,0,1,2,0,2,1,2,0,1,1,8,0,0,3,1,2,1,2,4,1,0,1,3,1,1,4,2,1,2,0,1,1,1,4,0,2,6,1,2,2,3,3,4,0,0,1,0,1,2,1,2,0,2,2,2,3
ND_donor_01_cell_041,demo,ND_donor_01,ND,beta,115,114,104,88,96,101,103,113,102,103,0,0,1,1,0,0,1,0,0,1,12,13,10,9,10,8,3,2,2,0,1,2,1,0,2,0,1,3,2,0,1,5,3,2,1,4,1,0,2,0,2,1,5,4,0,0,3,1,0,2,2,1,1,4,1,0,6,1,1,1,1,1,3,1,1,2,1,1,2,2,1,4,1,4,3,3,2,0,3,2,3,3,4,1,1,0,2,1,0,2,1,1,0,3,5,0
ND_donor_01_cell_042,demo,ND_donor_01,ND,beta,32,35,20,24,28,28,26,22,29,22,3,2,2,1,0,2,1,1,0,2,3,4,8,8,6,5,1,1,1,1,0,0,0,1,2,3,1,1,0,4,1,1,1,1,2,2,0,1,0,5,3,0,2,5,3,2,4,3,2,1,2,0,3,3,0,2,2,0,0,3,0,2,2,6,0,3,2,1,0,3,1,0,0,3,3,4,4,2,0,1,2,2,4,1,1,2,2,1,0,1,0,4,2,1,0,3
ND_donor_01_cell_043,demo,ND_donor_01,ND,beta,42,33,29,32,33,35,37,31,41,32,3,4,0,0,2,3,0,3,1,1,4,3,3,10,4,9,0,0,1,2,2,0,0,2,1,1,3,3,2,1,1,3,0,0,0,2,0,7,2,4,0,2,5,1,3,3,0,3,8,4,4,3,1,1,4,2,2,0,0,2,2,5,0,4,1,4,0,0,0,1,0,3,0,3,1,2,4,1,0,0,2,1,1,0,2,3,0,1,1,3,8,4,2,1,1,2
ND_donor_01_cell_044,demo,ND_donor_01,ND,beta,29,22,18,28,13,18,27,13,17,18,1,4,2,2,1,4,0,3,3,2,5,5,8,2,7,6,2,0,1,0,3,2,3,1,4,2,2,3,2,1,1,3,2,2,3,1,5,2,3,0,0,4,4,0,2,4,2,1,1,1,2,4,3,2,0,2,0,1,3,1,0,5,1,4,2,1,1,1,2,4,1,4,3,1,1,3,2,1,0,4,4,1,1,0,0,1,1,1,4,1,1,0,0,0,0,1
ND_donor_01_cell_045,demo,ND_donor_01,ND,beta,45,34,37,38,40,27,52,49,30,36,0,0,0,0,3,1,1,1,0,1,5,11,7,5,4,4,3,3,6,4,1,1,2,2,1,2,0,3,0,3,4,1,0,0,4,1,0,2,1,2,4,1,2,3,2,1,1,4,1,3,2,5,2,1,3,3,0,1,1,4,3,1,3,0,3,3,3,2,0,0,0,2,0,6,2,1,1,0,1,1,1,4,2,4,3,2,0,3,1,1,1,2,0,1,3,0
ND_donor_01_cell_046,demo,ND_donor_01,ND,beta,27,30,24,25,29,28,30,27,27,28,1,1,3,2,2,4,3,4,3,2,4,8,12,9,10,9,1,3,0,3,0,1,5,1,1,4,0,1,1,2,3,0,2,1,0,1,3,2,2,1,5,3,0,2,0,4,0,0,1,3,3,1,8,2,4,1,3,2,3,2,2,2,1,5,0,1,0,4,2,1,2,1,3,1,0,0,2,2,5,1,0,1,2,1,0,3,0,1,1,5,4,1,2,0,2,0
ND_donor_01_cell_047,demo,ND_donor_01,ND,beta,9,11,15,13,12,13,8,18,14,14,5,2,3,3,0,5,8,6,6,11,4,2,2,4,5,4,1,2,3,0,0,0,0,4,1,1,3,3,0,4,1,2,1,2,4,4,3,3,3,3,0,1,1,0,0,2,5,1,1,3,4,2,3,0,1,3,1,2,2,1,2,1,1,2,2,1,3,1,4,1,0,1,1,2,2,0,2,2,1,4,2,0,3,3,2,4,3,0,1,1,3,6,0,3,1,2
ND_donor_01_cell_048,demo,ND_donor_01,ND,beta,21,17,16,16,20,13,22,15,20,22,2,2,3,0,2,1,1,4,2,1,3,4,3,6,5,5,2,0,1,1,3,1,3,2,2,0,2,2,4,1,1,3,2,3,4,0,2,0,1,2,4,2,3,0,2,6,1,1,2,1,2,1,5,2,3,2,1,2,2,2,1,0,0,3,3,1,2,1,0,3,0,2,5,3,2,3,4,6,1,2,1,1,0,3,1,4,1,0,2,2,3,5,0,0,0,2
ND_donor_01_cell_049,demo,ND_donor_01,ND,beta,79,60,82,64,84,66,81,85,81,81,0,1,0,0,0,1,2,1,0,1,6,16,7,11,11,12,1,2,4,1,1,0,1,2,1,1,0,1,0,2,1,1,2,3,1,0,1,1,1,0,3,4,2,0,1,1,4,0,1,2,0,2,3,3,2,4,1,7,3,0,2,2,4,2,1,5,3,5,0,2,1,0,2,0,1,1,2,2,0,3,4,0,0,1,3,3,5,2,5,4,2,0,2,4,3,0
ND_donor_01_cell_050,demo,ND_donor_01,ND,beta,58,50,61,66,48,41,53,56,63,46,0,1,0,0,1,0,3,0,1,1,10,7,9,9,9,7,1,0,0,2,0,1,4,1,6,1,0,0,0,2,1,3,2,2,4,4,3,1,1,0,2,5,3,2,2,2,1,3,2,1,1,4,2,0,0,6,1,5,0,2,2,3,1,6,1,4,0,2,0,4,4,4,0,1,1,5,4,2,0,1,0,1,0,0,0,4,2,3,2,1,0,4,1,1,1,5
ND_donor_01_cell_051,demo,ND_donor_01,ND,beta,32,30,16,21,30,20,29,32,25,23,1,1,1,6,3,2,2,2,2,3,7,7,4,12,10,11,0,1,1,2,1,1,1,3,2,0,2,4,3,1,1,0,2,1,0,6,3,1,4,2,3,1,1,2,4,3,3,0,0,3,1,4,4,2,2,4,3,3,0,0,0,2,1,2,0,3,1,1,1,4,2,0,2,1,2,0,4,0,0,4,2,1,1,3,2,4,0,0,4,1,2,0,1,3,2,3
ND_donor_01_cell_052,demo,ND_donor_01,ND,beta,7,7,8,4,7,7,4,7,8,7,6,10,5,5,5,4,5,5,4,9,3,0,9,3,3,1,2,2,0,1,5,1,0,2,1,4,4,3,0,3,1,6,0,3,3,4,2,1,3,3,0,1,1,1,1,0,0,1,2,1,0,0,0,1,0,1,1,1,0,2,3,4,0,1,5,5,1,5,4,1,2,0,3,4,3,3,1,1,2,3,0,0,3,0,0,1,1,0,1,0,3,0,2,1,3,3
ND_donor_01_cell_053,demo,ND_donor_01,ND,beta,21,22,24,31,22,26,23,19,24,27,1,1,1,1,3,2,0,3,1,4,6,13,8,4,8,6,4,1,4,1,1,1,3,4,4,0,2,1,0,1,0,4,1,1,2,2,1,0,3,0,0,0,1,3,1,3,1,1,0,3,1,0,2,2,1,3,1,5,1,2,2,0,1,1,2,2,1,3,1,6,1,3,1,1,3,0,0,0,3,3,1,2,3,0,2,4,6,3,3,4,0,4,0,3,4,1
ND_donor_01_cell_054,demo,ND_donor_01,ND,beta,70,67,81,80,85,72,92,80,71,87,1,0,0,1,0,0,0,0,1,0,12,16,14,18,14,7,1,4,2,0,3,1,0,1,2,5,1,4,4,2,3,2,4,1,3,0,1,2,0,3,5,2,0,3,1,4,2,1,0,2,0,2,4,1,3,3,2,7,0,2,0,2,0,2,2,2,3,4,2,1,4,2,1,1,0,2,2,5,4,2,4,1,3,4,0,0,1,3,0,1,3,3,2,0,2,4
ND_donor_01_cell_055,demo,ND_donor_01,ND,beta,31,29,37,34,27,33,30,34,38,27,0,3,3,1,1,1,2,3,3,3,9,2,8,5,2,4,3,0,2,2,2,1,1,0,3,1,3,1,2,2,1,3,1,1,2,0,1,4,4,1,2,1,1,1,1,0,2,1,3,2,0,2,1,3,2,0,1,1,5,3,1,1,2,2,0,0,4,1,1,0,0,2,2,6,1,0,0,0,0,1,1,1,2,1,2,2,1,0,2,1,2,1,0,2,1,1
ND_donor_01_cell_056,demo,ND_donor_01,ND,beta,18,16,12,15,18,13,12,12,10,13,5,3,7,7,7,2,5,4,7,7,8,5,6,11,6,8,0,2,2,0,1,2,3,0,1,2,1,0,0,0,3,5,2,3,2,0,0,2,2,3,0,1,3,0,4,2,3,3,1,5,2,2,3,2,1,4,0,4,2,2,2,0,2,1,0,2,3,0,1,4,1,2,0,4,2,7,3,1,1,1,2,2,3,1,3,1,0,2,4,0,0,2,0,1,1,2
ND_donor_01_cell_057,demo,ND_donor_01,ND,beta,26,23,28,26,21,23,25,16,16,16,2,1,3,4,1,0,5,3,2,2,10,5,5,7,2,6,4,0,6,1,0,0,5,2,1,2,4,0,2,3,2,5,3,1,1,1,4,2,0,3,2,1,1,0,2,2,2,2,1,2,3,3,1,0,3,1,6,1,1,1,0,5,0,0,3,3,1,2,1,3,1,0,3,1,2,2,1,2,4,2,3,0,0,1,1,3,2,2,1,2,0,0,3,3,2,0
ND_donor_01_cell_058,demo,ND_donor_01,ND,beta,48,53,44,45,75,54,45,41,54,34,0,1,1,1,0,0,0,0,0,1,9,8,10,7,10,10,2,3,2,2,3,2,0,0,1,2,4,1,3,2,0,1,4,5,1,1,1,0,2,2,1,2,2,2,1,2,3,1,2,3,2,2,2,2,2,0,0,4,4,0,0,0,1,0,3,0,0,0,2,0,3,1,1,0,0,3,5,0,1,1,6,1,5,3,0,0,1,3,2,1,1,1,0,2,1,0
ND_donor_01_cell_059,demo,ND_donor_01,ND,beta,29,50,36,41,39,40,33,30,36,32,1,1,1,2,1,1,1,2,4,2,8,11,6,4,7,12,2,2,8,1,3,1,1,2,1,1,0,2,0,6,1,4,1,0,2,4,1,0,3,6,0,0,1,2,1,1,1,3,0,2,0,1,2,6,1,0,3,0,2,2,0,3,4,2,1,2,2,5,4,3,2,5,1,2,0,3,0,0,1,0,3,2,0,0,0,3,0,2,2,2,0,3,5,3,2,2
ND_donor_01_cell_060,demo,ND_donor_01,ND,beta,19,14,18,17,22,22,18,26,16,19,5,3,3,4,4,2,2,2,3,4,3,2,1,6,5,2,2,0,2,2,3,3,0,1,1,2,2,5,4,0,9,3,1,1,3,5,2,0,3,0,4,0,3,1,0,2,0,3,2,1,4,3,2,0,0,0,0,4,3,1,1,2,1,4,1,1,4,0,0,2,0,1,2,3,1,2,1,0,2,0,0,0,3,1,1,0,0,0,2,3,2,1,1,1,3,1
ND_donor_01_cell_061,demo,ND_donor_01,ND,beta,31,44,59,44,39,48,37,50,45,51,0,2,0,3,2,0,2,2,1,1,6,4,4,4,5,8,1,0,5,0,1,1,1,3,0,2,2,2,4,3,0,0,0,0,4,6,1,2,2,3,2,3,0,2,2,3,1,2,3,0,1,0,1,3,1,1,0,1,2,0,2,4,3,2,1,2,1,4,3,2,1,1,1,3,0,0,1,1,0,1,0,0,3,0,0,0,5,3,1,5,3,4,3,3,3,2
ND_donor_01_cell_062,demo,ND_donor_01,ND,beta,71,64,67,72,56,70,72,67,69,71,0,1,0,0,2,0,2,1,1,0,13,12,8,10,8,10,2,0,1,0,3,1,3,1,4,4,2,1,1,5,1,2,2,1,2,1,2,0,6,2,0,0,2,0,0,2,2,5,4,1,4,0,0,2,0,0,1,2,2,2,1,4,1,5,2,0,2,4,3,0,5,1,0,1,0,0,0,1,0,4,4,3,2,2,0,0,1,2,3,3,0,1,0,0,6,2
ND_donor_01_cell_063,demo,ND_donor_01,ND,beta,33,39,22,31,44,36,40,23,42,36,3,2,1,0,1,1,1,1,2,2,9,5,9,11,5,10,2,5,2,2,1,0,2,2,1,2,0,0,5,0,4,0,2,4,1,3,2,1,2,1,1,0,0,2,4,1,2,5,4,2,4,1,1,1,2,3,0,2,2,3,0,3,1,1,3,2,5,3,0,3,3,2,1,3,0,4,4,2,1,1,3,3,2,0,1,1,1,0,3,2,5,2,3,3,5,2
ND_donor_01_cell_064,demo,ND_donor_01,ND,beta,18,16,21,23,15,14,21,13,19,21,1,2,3,6,5,1,3,4,2,2,7,6,8,3,8,5,5,4,5,1,2,2,1,4,2,2,1,3,2,2,2,0,1,4,4,2,1,0,1,4,1,1,4,1,0,5,5,2,3,3,1,1,4,1,2,0,0,0,2,3,1,3,2,1,2,2,1,2,2,1,2,6,3,1,2,1,2,0,4,1,1,2,1,3,1,0,0,3,1,3,0,0,3,5,7,0
ND_donor_01_cell_065,demo,ND_donor_01,ND,beta,45,43,41,49,49,63,50,31,50,47,2,1,1,0,1,1,0,1,1,2,8,7,5,13,5,8,1,4,0,0,1,1,1,3,0,1,1,0,0,1,0,4,3,6,1,0,2,3,2,2,1,2,5,3,1,0,1,1,4,0,2,0,3,1,2,5,2,1,5,3,3,1,3,0,4,2,1,1,0,2,3,2,1,3,2,0,0,5,2,0,4,2,1,0,1,3,3,1,5,0,4,1,4,5,2,3
ND_donor_01_cell_066,demo,ND_donor_01,ND,beta,52,56,51,55,55,49,58,43,56,47,0,1,1,1,0,0,2,0,0,1,9,7,6,10,12,5,2,0,2,1,2,4,4,2,2,1,0,5,0,2,2,1,4,3,2,2,2,1,4,2,2,2,1,1,1,2,0,6,5,1,2,2,6,2,2,1,6,0,5,0,3,3,2,2,2,2,1,2,0,0,5,6,0,2,0,4,2,2,2,0,0,0,2,1,0,3,1,0,1,4,1,2,4,1,1,2
ND_donor_01_cell_067,demo,ND_donor_01,ND,beta,12,15,14,12,13,18,19,15,17,9,1,3,3,3,2,1,3,1,3,3,3,6,8,5,3,10,2,2,1,1,1,0,3,2,0,3,0,0,0,0,6,2,2,5,1,1,2,2,3,0,3,1,2,2,3,0,1,3,1,4,0,1,2,6,7,4,1,2,1,2,3,2,0,0,0,0,1,1,2,2,2,0,3,0,1,1,6,2,0,2,3,4,0,1,3,2,1,0,1,2,2,2,1,1,4,2
ND_donor_01_cell_068,demo,ND_donor_01,ND,beta,30,47,36,37,32,33,28,36,28,32,1,0,1,1,2,3,2,3,0,0,11,6,5,9,5,8,2,1,3,3,1,5,0,2,7,2,0,3,1,2,0,4,4,2,2,1,2,6,0,2,1,1,1,0,2,0,1,4,3,2,2,1,2,0,1,5,0,5,0,1,3,1,0,0,0,0,0,2,1,1,4,2,1,5,7,0,0,0,1,1,0,2,0,1,1,4,1,2,1,1,2,5,3,3,1,2
ND_donor_01_cell_069,demo,ND_donor_01,ND,beta,31,27,44,43,40,44,32,42,37,33,1,1,2,3,1,4,0,1,1,1,14,10,7,6,9,8,3,1,1,0,4,1,2,2,0,1,2,0,0,0,0,8,3,1,1,1,1,1,2,2,1,6,0,2,0,4,3,3,2,2,3,2,2,0,2,3,0,0,2,2,0,5,1,2,1,2,0,0,7,4,1,3,0,1,1,1,1,3,0,4,0,2,3,0,1,2,4,1,0,0,0,2,1,1,3,0
ND_donor_01_cell_070,demo,ND_donor_01,ND,beta,29,31,31,30,32,19,36,29,29,32,1,1,0,1,2,3,2,0,0,2,8,10,7,5,6,8,4,0,0,1,5,2,0,4,1,7,2,1,1,0,2,2,0,4,2,1,0,3,4,4,2,1,1,3,3,1,1,3,1,3,0,1,2,1,1,2,2,0,1,0,2,0,3,0,0,1,1,1,0,2,0,3,1,1,1,1,0,1,2,1,2,2,3,1,4,3,1,1,3,3,2,1,3,0,1,3
ND_donor_01_cell_071,demo,ND_donor_01,ND,beta,29,39,33,20,32,36,30,37,34,25,3,0,2,0,0,4,0,2,2,2,9,3,9,10,8,9,0,4,3,3,1,4,2,1,0,2,2,1,2,1,2,1,0,0,0,2,1,0,3,0,2,2,3,1,0,0,1,2,1,1,2,1,4,1,0,0,4,2,0,2,5,6,4,1,1,0,0,1,5,3,0,1,0,5,0,2,3,1,1,2,2,2,2,1,2,1,1,1,4,1,0,3,1,3,2,2
ND_donor_01_cell_072,demo,ND_donor_01,ND,beta,45,45,54,53,46,31,46,35,38,54,2,1,1,0,1,0,0,3,0,1,9,10,7,10,6,8,1,1,4,4,6,2,1,0,2,2,2,0,0,3,5,3,2,0,0,2,3,0,0,3,4,1,5,2,3,0,0,1,1,0,5,0,3,1,5,3,3,1,1,5,2,6,3,0,2,3,0,2,1,1,1,3,0,2,0,0,0,0,2,1,3,1,2,2,1,2,5,2,3,2,1,1,1,0,1,2
ND_donor_01_cell_073,demo,ND_donor_01,ND,beta,44,42,49,48,45,49,41,44,52,56,0,0,1,1,1,0,0,1,0,1,4,8,8,4,5,15,2,1,0,4,0,3,1,1,0,0,3,1,0,3,4,0,2,3,1,1,2,3,1,1,0,2,0,2,2,3,2,0,5,0,1,2,4,1,1,1,0,0,3,1,0,4,2,1,0,2,2,1,1,0,0,0,0,1,2,3,3,2,2,1,2,1,0,0,1,2,1,2,2,3,0,1,4,5,1,1
ND_donor_01_cell_074,demo,ND_donor_01,ND,beta,20,22,26,28,18,18,30,23,19,29,1,1,3,4,0,2,1,0,1,3,8,3,11,4,7,8,0,3,1,2,2,2,5,0,0,2,6,1,4,2,1,1,2,3,4,1,3,1,5,3,3,2,0,1,7,4,2,4,4,2,1,2,1,2,3,3,2,5,1,1,1,3,1,2,1,0,1,2,2,2,1,1,0,6,0,0,1,0,5,2,1,7,1,2,1,1,2,2,3,0,0,3,1,0,4,4
ND_donor_01_cell_075,demo,ND_donor_01,ND,beta,24,23,25,30,22,34,28,26,24,22,3,3,2,0,3,4,2,2,2,1,8,6,4,2,6,4,0,1,4,3,2,1,1,0,0,1,2,1,0,2,1,1,2,3,0,1,7,2,1,1,3,1,1,0,1,2,3,2,4,0,2,2,1,3,2,0,1,0,4,2,0,1,2,1,2,1,2,2,3,0,2,1,0,3,1,2,3,2,5,3,3,0,0,1,1,5,1,4,2,2,1,1,4,1,4,1
ND_donor_01_cell_076,demo,ND_donor_01,ND,beta,25,22,27,23,25,28,21,11,18,14,5,1,1,0,3,3,1,3,7,2,9,7,3,8,3,10,1,0,0,2,1,0,1,1,1,10,2,1,1,0,1,2,3,5,4,2,0,2,1,5,4,1,5,3,1,1,2,0,2,1,2,1,0,5,2,1,1,1,0,1,1,1,1,1,0,1,2,1,3,0,1,1,3,1,1,0,5,2,2,1,2,1,2,4,1,0,0,0,4,2,2,1,0,1,0,2
ND_donor_01_cell_077,demo,ND_donor_01,ND,beta,35,23,28,44,30,43,41,37,24,32,2,0,1,2,4,2,2,3,2,1,5,6,7,7,7,6,1,2,1,1,3,1,0,4,3,1,5,2,3,1,3,1,0,1,1,1,1,0,2,1,1,2,5,2,0,2,3,4,3,2,1,2,3,0,2,1,1,2,1,5,1,1,4,1,1,2,1,8,0,2,4,2,4,3,4,1,1,1,0,3,3,5,4,0,0,8,1,2,0,0,2,4,4,3,1,3
ND_donor_01_cell_078,demo,ND_donor_01,ND,beta,5,5,6,7,4,3,8,4,7,11,9,17,13,10,14,9,14,17,12,7,2,2,0,0,3,2,1,4,2,0,1,2,0,1,0,3,1,0,5,2,2,3,1,3,2,2,2,0,6,2,1,2,0,2,2,0,3,6,1,3,2,2,0,0,3,1,3,2,1,1,0,0,4,2,2,0,0,1,2,0,3,0,1,1,1,1,2,3,2,0,3,1,1,0,1,4,2,2,2,0,1,3,2,3,3,4
ND_donor_01_cell_079,demo,ND_donor_01,ND,beta,34,17,34,29,22,24,27,28,18,23,2,2,1,0,4,0,0,2,1,3,5,3,6,2,5,2,2,2,0,2,1,0,1,0,0,0,1,3,2,0,2,0,2,1,3,2,3,3,2,1,3,0,1,2,1,3,5,4,3,3,0,4,1,4,1,0,1,1,3,4,2,0,3,3,0,2,0,2,0,0,2,3,2,1,0,4,3,1,1,1,0,1,1,0,2,1,1,1,1,0,0,3,0,1,1,3
ND_donor_01_cell_080,demo,ND_donor_01,ND,beta,52,43,47,44,42,41,52,41,48,38,1,0,2,2,0,1,3,1,2,0,7,6,7,9,6,8,1,1,1,0,6,2,2,0,4,4,2,0,2,1,1,0,0,2,0,2,1,0,1,0,1,5,3,1,3,2,2,0,1,0,1,2,0,1,1,2,3,4,1,3,4,7,2,5,3,3,1,2,5,2,2,1,5,3,3,1,2,4,1,2,6,0,2,2,2,2,0,1,3,1,2,2,1,2,3,1
ND_donor_01_cell_081,demo,ND_donor_01,ND,beta,29,17,31,26,23,21,19,22,17,24,2,2,3,0,1,1,2,2,3,1,7,8,8,8,7,8,2,2,5,0,4,1,1,6,3,2,1,1,1,0,3,3,1,3,1,1,0,0,1,4,2,5,3,1,0,3,0,1,1,2,2,2,1,4,3,1,4,1,3,1,3,3,2,2,0,1,0,2,3,1,5,1,1,3,1,4,2,1,0,1,0,3,4,4,0,1,0,3,3,0,2,4,2,4,1,1
ND_donor_01_cell_082,demo,ND_donor_01,ND,beta,51,65,72,63,59,89,66,56,63,64,0,1,0,2,0,1,1,2,0,0,7,4,9,3,10,8,0,1,2,4,1,4,2,1,0,4,3,1,2,1,2,0,0,0,0,0,1,1,4,6,1,1,3,1,1,3,2,3,3,1,0,4,0,3,2,0,0,0,2,3,2,2,4,0,2,0,1,2,1,4,1,1,5,2,3,4,2,1,3,1,2,1,0,0,0,2,0,9,1,2,2,5,5,1,3,6
ND_donor_01_cell_083,demo,ND_donor_01,ND,beta,59,38,36,54,41,42,56,48,55,39,1,3,0,0,0,0,1,1,1,0,8,7,8,4,9,7,2,0,2,0,2,2,0,0,2,2,4,1,3,1,0,3,2,2,5,0,2,5,1,4,6,1,2,2,0,2,2,3,3,1,1,1,3,3,1,1,3,2,1,3,2,2,0,2,0,0,5,2,3,0,4,2,0,5,4,4,0,0,0,2,1,0,3,2,2,3,3,3,3,1,1,2,2,2,0,0
ND_donor_01_cell_084,demo,ND_donor_01,ND,beta,17,16,17,19,21,20,17,21,29,16,3,2,4,2,3,3,2,5,1,3,6,3,6,7,6,2,2,4,2,3,0,0,2,2,0,1,1,1,2,1,7,3,1,2,5,2,2,2,2,2,1,4,0,1,2,3,2,1,2,2,4,0,3,2,2,0,4,0,3,2,0,1,3,3,0,1,0,3,3,0,4,5,1,2,2,2,1,4,4,0,0,0,1,0,1,3,3,0,2,1,2,3,3,1,3,0
ND_donor_01_cell_085,demo,ND_donor_01,ND,beta,7,12,8,8,10,12,13,16,11,7,4,3,3,5,3,6,6,7,8,8,5,6,5,2,0,4,3,0,2,3,2,3,1,1,2,3,0,2,3,0,1,4,1,1,3,0,1,1,2,3,2,2,0,3,2,1,1,5,3,1,1,0,3,0,2,3,3,4,0,1,4,1,0,1,4,3,4,2,3,1,4,4,3,3,1,2,3,0,1,0,2,5,3,0,0,0,2,0,0,1,3,0,2,4,1,1
ND_donor_01_cell_086,demo,ND_donor_01,ND,beta,57,55,62,57,67,50,55,45,53,51,2,0,0,0,0,0,0,0,2,0,11,9,7,9,5,12,1,1,0,4,4,2,0,7,2,1,6,2,3,0,3,1,0,1,4,2,2,0,1,0,0,3,2,2,3,1,3,5,4,4,1,0,1,1,0,0,1,0,0,0,0,0,5,0,3,5,2,0,3,1,0,1,2,0,3,3,1,1,0,1,0,3,0,0,0,2,1,1,1,0,1,6,6,2,4,7
ND_donor_01_cell_087,demo,ND_donor_01,ND,beta,60,55,53,49,55,50,61,58,49,47,0,2,0,0,0,0,1,1,1,0,8,12,12,10,7,10,0,1,0,3,0,5,3,2,3,3,3,1,4,2,1,0,1,1,1,3,1,0,1,0,2,2,0,4,1,3,1,1,4,4,1,1,1,1,1,1,2,1,1,1,5,0,0,4,0,0,2,3,2,3,4,3,2,1,1,1,3,4,2,2,1,2,0,0,1,2,0,2,1,3,1,3,4,3,4,2
ND_donor_01_cell_088,demo,ND_donor_01,ND,beta,100,73,88,88,83,78,81,79,90,91,1,1,1,0,0,0,1,1,0,0,8,10,10,12,12,9,4,3,0,1,2,4,4,2,0,2,1,5,3,0,2,2,3,1,0,3,2,1,1,6,1,0,1,2,2,1,0,0,0,7,3,3,0,0,2,2,2,3,0,1,0,1,1,4,2,0,4,2,1,1,1,0,4,2,0,5,3,1,2,1,0,4,0,5,1,1,3,6,2,4,0,1,0,0,1,2
ND_donor_01_cell_089,demo,ND_donor_01,ND,beta,30,24,30,28,32,24,23,29,25,32,1,1,1,2,4,1,2,3,5,3,11,10,6,4,11,5,3,1,2,1,3,0,1,3,2,1,4,1,2,1,3,3,1,1,0,3,1,3,1,3,2,6,2,1,2,1,0,2,0,0,1,5,2,0,1,0,2,4,2,4,3,1,1,1,6,1,0,2,1,0,0,3,1,3,0,4,2,1,8,1,2,1,1,1,5,1,1,0,1,1,2,2,4,0,0,0
ND_donor_01_cell_090,demo,ND_donor_01,ND,beta,8,14,15,12,10,15,15,10,13,17,6,2,5,7,4,5,2,11,3,7,4,4,2,4,7,1,1,4,2,0,0,0,4,1,1,0,0,1,4,2,2,0,0,1,2,4,3,1,2,0,2,0,1,3,3,3,3,2,3,0,0,2,1,2,0,0,0,5,2,2,3,1,4,1,0,3,1,2,0,0,0,2,0,3,1,5,4,2,1,2,1,1,1,5,1,2,1,0,2,3,0,1,0,2,1,3
ND_donor_01_cell_091,demo,ND_donor_01,ND,beta,14,15,21,23,17,24,15,18,25,19,4,2,2,1,2,0,5,5,0,1,13,7,7,8,7,5,1,0,5,1,0,1,2,3,0,1,0,0,3,1,1,2,1,3,0,2,1,0,0,2,1,1,3,2,2,4,1,1,0,2,1,0,2,1,1,3,2,3,2,0,1,0,3,3,2,4,1,2,0,0,0,6,2,1,1,4,3,4,1,3,1,0,1,1,2,0,2,0,5,2,0,1,1,2,1,3
ND_donor_01_cell_092,demo,ND_donor_01,ND,beta,30,27,22,26,21,27,15,24,31,21,3,0,2,2,5,2,3,1,0,1,6,7,9,7,3,3,4,5,1,0,2,3,0,2,3,4,2,0,0,1,0,1,2,2,0,1,0,4,1,2,3,1,3,2,2,3,2,1,2,0,1,3,1,0,2,1,2,1,1,0,0,2,2,3,3,5,3,0,2,1,1,0,0,1,2,2,2,2,2,6,0,1,2,1,2,3,5,1,4,2,1,1,1,3,1,1
ND_donor_01_cell_093,demo,ND_donor_01,ND,beta,90,80,75,86,77,84,68,77,55,73,1,1,0,0,0,0,0,0,1,0,4,7,9,6,8,9,2,1,1,2,0,1,1,2,2,5,2,4,0,2,2,2,1,2,2,2,1,1,3,4,1,2,0,0,0,2,1,2,0,2,0,3,2,0,1,2,0,3,2,4,2,0,0,0,1,1,2,2,1,1,1,0,2,3,1,0,4,2,5,2,4,2,1,1,2,3,3,0,2,1,1,1,4,3,2,0
ND_donor_01_cell_094,demo,ND_donor_01,ND,beta,29,29,25,32,25,22,31,32,32,30,2,1,1,2,4,4,2,3,2,4,5,6,4,3,5,4,2,2,0,2,4,2,4,0,2,4,2,0,0,1,2,1,2,0,1,1,3,1,1,3,1,2,2,1,2,1,0,2,0,2,0,0,0,0,1,2,0,0,0,3,2,0,1,0,4,4,5,3,0,0,1,1,0,3,3,0,2,1,1,1,0,1,1,3,1,1,1,4,3,0,1,0,4,1,1,1
ND_donor_01_cell_095,demo,ND_donor_01,ND,beta,29,20,29,30,19,31,26,34,24,24,2,1,2,0,3,5,1,3,1,1,9,5,9,6,8,6,1,0,0,1,4,1,3,5,0,0,0,1,4,3,1,2,2,0,2,4,2,1,3,1,3,0,1,1,6,3,1,3,0,3,2,4,1,2,2,0,6,0,3,3,0,2,6,2,1,0,1,2,1,0,0,0,2,1,0,3,0,1,1,1,2,2,2,0,1,1,1,1,1,2,1,1,1,1,0,2
ND_donor_01_cell_096,demo,ND_donor_01,ND,beta,23,16,15,20,24,22,22,26,32,27,3,2,3,5,5,3,3,1,3,7,6,7,6,6,3,8,1,0,3,2,4,0,0,3,2,1,2,5,0,1,2,2,2,1,3,2,0,3,2,1,10,1,4,1,3,0,2,3,0,1,0,0,5,0,1,2,2,0,1,4,2,1,3,0,1,2,2,2,2,1,1,2,2,5,0,0,2,3,1,3,2,2,2,1,2,3,1,1,1,2,0,0,1,0,2,2
ND_donor_01_cell_097,demo,ND_donor_01,ND,beta,13,28,22,23,19,24,20,26,26,28,2,2,1,1,2,3,2,1,1,1,4,4,7,5,7,5,0,1,1,2,1,1,0,3,0,0,1,0,1,3,0,3,6,6,0,3,1,1,3,1,4,5,2,0,1,2,1,0,0,3,0,1,1,0,2,3,4,0,0,1,1,4,1,3,3,1,0,2,1,0,2,0,5,2,4,3,1,1,2,1,2,3,3,2,2,0,1,5,1,0,1,0,2,0,0,2
ND_donor_01_cell_098,demo,ND_donor_01,ND,beta,21,15,20,21,17,18,16,31,21,20,1,3,5,3,3,3,1,3,3,1,8,5,10,5,6,6,1,2,0,1,3,2,4,6,3,1,1,2,2,0,3,2,1,4,1,1,1,0,4,1,0,1,2,2,2,3,1,0,0,5,2,3,0,0,4,1,4,0,4,5,0,2,7,1,0,1,1,1,1,4,1,2,1,1,3,2,2,2,3,3,1,0,0,3,1,1,1,9,1,1,1,1,1,3,2,2
ND_donor_01_cell_099,demo,ND_donor_01,ND,beta,11,17,13,11,7,14,16,14,12,11,6,6,7,4,7,6,3,8,3,6,6,5,5,6,4,5,2,0,0,1,0,4,2,0,1,2,4,1,4,2,1,1,2,1,1,0,3,4,2,2,2,0,3,3,1,1,2,2,2,0,3,2,1,0,0,0,3,1,0,3,0,2,0,0,1,4,3,2,3,0,1,3,4,1,4,2,1,2,0,2,0,1,2,2,2,1,1,1,1,5,2,3,0,3,5,0
ND_donor_01_cell_100,demo,ND_donor_01,ND,beta,40,13,23,36,32,28,25,21,28,26,1,1,2,1,1,1,2,4,9,3,8,8,11,4,6,4,0,1,3,6,2,2,4,3,0,4,0,1,2,0,1,0,4,1,2,2,3,2,0,2,1,3,0,0,3,1,1,2,2,1,1,2,0,0,1,2,1,4,0,3,1,2,3,3,0,2,1,2,1,1,2,5,1,2,1,0,1,1,3,3,4,5,4,1,3,0,0,1,0,3,0,0,1,4,1,0
ND_donor_01_cell_101,demo,ND_donor_01,ND,beta,63,44,41,46,49,53,49,47,47,40,1,1,2,1,0,1,0,0,1,0,8,6,5,9,12,10,0,1,0,1,3,0,0,0,0,0,1,2,1,2,0,3,0,4,2,0,3,1,1,1,0,4,6,2,1,0,2,0,1,1,3,0,2,1,1,3,4,1,3,0,2,2,4,2,3,2,2,3,2,4,3,4,1,0,2,1,1,1,1,1,2,0,4,1,1,3,1,0,2,4,1,1,6,0,0,2
ND_donor_01_cell_102,demo,ND_donor_01,ND,beta,9,15,18,17,16,15,21,14,12,18,3,1,5,1,1,2,3,1,1,2,6,6,6,7,7,6,0,2,1,1,1,4,1,0,1,3,1,1,2,1,4,0,1,2,5,0,3,0,1,0,1,3,4,2,3,0,1,2,0,0,1,1,4,1,1,3,2,0,2,0,2,2,3,0,6,3,2,1,2,0,2,5,0,3,2,4,2,1,3,0,8,0,0,1,3,4,2,1,1,4,2,1,5,3,0,0
ND_donor_01_cell_103,demo,ND_donor_01,ND,beta,22,15,16,18,19,23,19,18,19,34,0,1,0,3,4,2,5,1,4,1,3,6,2,6,3,3,3,0,1,3,1,0,2,2,2,2,1,1,0,4,1,3,4,0,2,1,3,1,2,3,1,1,1,1,1,1,0,1,0,3,1,2,0,3,1,2,2,0,1,0,1,2,4,0,3,1,0,3,4,1,1,3,1,2,0,0,1,1,0,4,3,3,2,2,2,1,2,2,0,3,2,4,1,3,0,4
ND_donor_01_cell_104,demo,ND_donor_01,ND,beta,60,42,38,50,46,60,51,61,51,55,1,0,2,2,1,0,2,0,2,2,4,6,3,10,5,9,0,0,3,4,2,1,1,0,0,1,1,1,2,2,1,4,3,0,1,1,2,2,4,6,7,3,5,2,6,1,1,1,1,1,2,6,0,3,0,3,1,4,1,1,1,1,1,1,2,1,3,5,2,1,3,1,1,1,1,2,2,1,0,0,2,3,1,1,2,0,1,1,5,3,1,0,3,1,1,1
ND_donor_01_cell_105,demo,ND_donor_01,ND,beta,23,19,32,37,33,24,24,23,29,30,1,1,0,1,0,2,1,2,1,2,9,10,7,10,7,8,1,1,0,0,2,0,3,3,1,2,1,5,3,1,2,2,5,2,3,3,4,2,0,0,4,1,1,2,0,6,3,0,1,0,1,1,0,1,3,0,0,8,1,3,2,2,6,0,0,2,2,2,0,6,3,0,2,2,1,3,0,1,1,3,5,0,2,1,4,1,0,1,3,3,0,3,2,1,0,1
ND_donor_01_cell_106,demo,ND_donor_01,ND,beta,18,30,23,29,25,37,25,36,29,29,3,3,0,2,2,0,1,2,1,2,8,5,10,8,9,5,1,3,2,2,3,1,1,1,2,2,0,2,1,1,2,1,1,2,3,1,4,0,0,1,0,1,0,2,0,1,0,0,1,1,3,2,2,0,0,2,0,0,3,2,1,2,2,2,0,1,1,0,1,8,4,1,0,0,0,4,2,1,4,2,4,1,0,0,2,1,3,2,3,0,3,0,0,0,1,1
ND_donor_01_cell_107,demo,ND_donor_01,ND,beta,93,78,88,62,82,76,89,74,85,85,0,1,1,0,1,0,0,0,0,0,13,13,12,7,7,6,5,0,1,1,1,1,4,1,4,1,3,1,4,0,2,1,5,2,1,4,2,1,0,6,1,3,0,2,1,3,2,1,1,0,0,0,0,2,6,0,3,0,0,0,3,1,2,3,2,2,5,1,1,1,2,2,2,5,4,3,0,2,4,0,6,5,4,0,3,0,1,2,2,0,0,2,1,0,2,2
ND_donor_01_cell_108,demo,ND_donor_01,ND,beta,21,37,25,27,24,18,28,25,27,22,1,1,4,0,5,2,0,0,0,2,6,5,9,12,7,7,0,2,4,2,0,0,2,2,2,0,2,3,1,3,2,0,4,1,2,1,2,2,1,1,3,1,0,1,1,2,4,4,2,1,3,2,1,1,3,3,1,4,1,0,2,2,0,0,3,5,3,2,0,1,0,1,1,1,0,3,0,4,0,3,2,2,1,2,0,0,0,3,2,1,1,1,3,0,1,0
ND_donor_01_cell_109,demo,ND_donor_01,ND,beta,20,24,36,23,23,28,28,29,24,18,2,1,1,2,2,0,3,0,2,0,3,8,6,9,9,5,1,3,2,2,3,4,3,1,3,5,1,2,0,0,4,1,1,0,0,2,0,3,0,2,5,0,2,1,1,1,0,0,1,3,0,3,1,2,1,3,0,3,4,2,2,1,3,3,0,1,1,2,1,0,0,2,2,0,0,2,2,6,1,1,3,1,3,0,3,5,6,2,3,1,3,0,1,4,0,6
ND_donor_01_cell_110,demo,ND_donor_01,ND,beta,32,30,34,35,37,32,35,22,33,29,3,3,3,3,3,3,2,0,1,1,9,11,7,12,5,7,0,3,2,4,1,1,0,0,1,5,3,0,1,0,3,0,2,0,4,0,1,3,1,4,1,0,2,1,2,2,0,0,1,0,1,1,5,1,0,2,1,3,1,4,1,3,3,0,2,1,2,0,1,4,0,2,1,0,1,2,1,1,1,1,1,1,2,1,2,2,1,1,2,3,5,1,1,1,3,1
ND_donor_01_cell_111,demo,ND_donor_01,ND,beta,40,26,34,26,24,26,30,26,28,29,4,1,3,1,0,2,2,2,3,5,7,4,8,2,4,7,1,4,4,1,2,0,1,2,1,1,1,0,1,1,2,0,3,1,4,2,0,0,3,0,2,2,1,6,0,2,2,0,0,1,0,1,2,0,3,4,1,2,0,3,3,3,4,3,2,3,0,2,2,5,0,0,3,0,6,2,0,1,2,1,4,0,1,1,1,1,0,2,3,3,2,2,3,2,2,4
ND_donor_01_cell_112,demo,ND_donor_01,ND,beta,34,36,33,32,40,30,37,43,35,39,2,2,1,3,2,2,1,2,4,0,8,4,8,3,7,5,3,2,2,1,0,3,0,1,0,2,3,2,1,0,1,1,1,1,2,2,0,0,0,2,0,3,2,0,1,1,2,3,1,0,3,1,3,0,0,2,2,2,3,2,0,0,3,1,1,3,1,4,0,0,4,1,1,4,1,5,5,4,0,1,2,1,3,4,3,4,0,2,1,2,2,5,1,1,0,0
ND_donor_01_cell_113,demo,ND_donor_01,ND,beta,35,32,39,18,33,24,32,26,31,33,3,4,1,1,1,1,3,3,1,3,5,9,3,6,13,8,1,1,4,2,1,1,2,1,3,1,1,3,1,2,1,0,3,5,1,2,3,0,3,1,3,2,1,0,3,1,2,2,1,0,3,2,4,4,1,2,1,1,2,1,1,1,4,1,0,2,0,1,2,1,1,2,5,2,3,1,2,3,2,2,0,1,2,2,2,1,1,1,5,0,0,1,1,2,5,0
ND_donor_01_cell_114,demo,ND_donor_01,ND,beta,33,29,37,38,33,35,46,25,39,35,1,4,0,3,0,1,1,1,0,2,5,5,8,8,12,12,3,1,6,3,1,0,0,0,1,1,3,0,4,4,0,0,1,1,2,4,3,6,1,6,2,0,2,1,0,1,0,1,0,2,4,3,2,1,0,1,3,1,1,6,2,1,3,2,1,1,5,2,2,1,4,0,3,0,2,3,2,1,5,3,1,1,1,2,3,1,4,2,4,3,2,0,2,1,0,3
ND_donor_01_cell_115,demo,ND_donor_01,ND,beta,14,9,13,13,10,14,8,11,12,14,4,7,2,1,5,5,1,4,2,3,11,2,3,3,4,12,1,0,1,2,3,1,0,7,0,5,8,1,1,1,0,2,5,2,2,3,1,0,2,3,0,4,1,1,1,1,1,3,0,3,0,4,2,0,1,0,3,0,2,2,5,2,0,0,1,0,5,0,2,3,1,4,1,0,2,2,0,1,1,1,1,5,0,2,1,3,0,0,2,0,5,4,1,1,1,2
ND_donor_01_cell_116,demo,ND_donor_01,ND,beta,29,28,27,28,32,28,29,20,28,45,2,3,0,1,2,1,1,3,0,0,7,2,5,4,3,9,2,2,0,5,1,1,0,0,4,3,5,3,0,1,3,1,3,0,0,2,1,1,2,1,5,0,3,0,2,1,1,4,3,1,3,0,4,0,2,2,1,3,4,1,1,1,1,1,5,1,0,1,3,1,1,2,2,1,1,2,0,0,0,1,3,1,3,2,1,2,2,2,1,3,1,0,1,1,0,3
ND_donor_01_cell_117,demo,ND_donor_01,ND,beta,61,65,69,75,68,83,68,82,66,79,0,2,0,0,0,2,0,1,0,2,4,11,3,6,9,8,6,1,2,0,4,1,1,4,3,2,2,3,2,1,4,0,0,4,0,5,2,1,4,2,5,1,1,5,0,3,2,4,4,3,0,1,0,2,1,0,2,3,2,3,1,1,0,0,2,1,3,1,0,2,3,2,2,1,0,1,0,4,1,0,0,0,3,1,2,7,1,1,8,0,4,3,6,1,0,4
ND_donor_01_cell_118,demo,ND_donor_01,ND,beta,18,29,16,22,16,23,23,16,19,11,3,1,5,4,2,5,5,2,4,1,6,5,5,3,5,1,2,3,5,7,1,0,2,0,2,6,1,1,0,1,0,0,2,3,0,3,3,3,1,5,3,0,4,4,1,7,1,1,4,4,0,1,3,2,2,4,0,2,0,3,0,1,0,2,2,3,2,2,3,4,1,0,2,2,1,2,2,2,1,3,0,1,3,3,1,1,3,2,1,2,0,0,2,0,1,3
ND_donor_01_cell_119,demo,ND_donor_01,ND,beta,30,30,33,30,34,29,29,33,29,36,0,3,1,0,1,0,2,1,0,0,6,11,8,7,7,9,1,5,1,4,4,1,2,1,2,2,1,3,1,1,1,0,1,0,0,2,1,3,2,0,0,3,2,3,4,1,3,1,3,0,2,0,2,1,2,2,2,5,1,3,4,2,5,2,4,0,3,2,0,1,2,0,1,2,3,1,2,0,1,3,2,3,1,0,1,2,3,0,4,3,1,0,1,1,2,2
ND_donor_02_cell_000,demo,ND_donor_02,ND,beta,47,52,49,54,45,46,50,57,50,53,1,1,1,0,0,2,0,0,2,0,8,9,9,10,8,8,2,1,2,0,6,2,4,0,1,2,1,0,1,3,3,1,4,2,4,0,1,3,0,4,2,3,3,0,1,1,1,4,1,3,4,0,0,0,3,0,2,1,2,4,3,3,0,0,2,1,0,3,2,0,0,1,2,4,2,4,0,4,2,4,2,1,4,2,1,1,1,3,2,1,0,2,3,3,1,1
ND_donor_02_cell_001,demo,ND_donor_02,ND,beta,64,67,62,66,80,74,67,69,74,68,1,1,1,0,0,0,0,1,0,1,8,6,10,10,4,6,0,3,0,0,0,3,0,2,3,1,2,2,3,3,1,1,1,2,1,4,1,6,0,0,1,2,1,2,0,3,0,1,1,3,3,6,3,4,3,0,3,4,4,3,2,0,1,1,0,0,0,7,1,1,2,0,1,1,0,1,3,1,1,3,0,1,2,3,0,4,1,0,1,2,5,1,1,1,0,2
ND_donor_02_cell_002,demo,ND_donor_02,ND,beta,14,22,23,18,18,9,11,10,13,11,1,1,0,2,4,3,4,1,2,2,5,5,3,6,10,6,1,1,2,0,1,3,2,3,4,1,1,4,1,1,1,2,1,0,2,1,1,2,1,0,2,1,0,2,1,1,1,2,3,0,3,1,3,1,2,1,0,2,1,1,0,3,1,1,1,0,3,2,0,1,0,1,4,1,0,1,0,0,0,1,1,3,1,4,0,5,1,2,4,2,2,9,0,4,2,1
ND_donor_02_cell_003,demo,ND_donor_02,ND,beta,65,57,60,69,54,51,71,57,51,52,0,2,1,0,0,0,0,0,0,0,9,8,6,3,12,6,3,4,4,1,5,3,2,0,2,2,3,1,4,2,4,2,5,1,0,2,3,2,0,2,1,4,1,2,0,0,0,1,0,0,3,4,3,2,0,2,3,2,2,1,2,2,2,3,1,3,3,2,2,0,0,1,1,4,1,0,0,0,0,0,3,1,1,3,3,3,3,2,1,2,2,0,1,4,3,1
ND_donor_02_cell_004,demo,ND_donor_02,ND,beta,9,12,16,9,10,4,13,12,13,14,10,6,3,3,6,7,2,5,3,4,3,3,2,7,3,3,4,3,3,3,0,7,0,4,2,4,2,3,1,2,1,1,3,5,3,1,2,2,5,3,1,2,2,5,1,2,3,2,3,0,0,7,3,3,0,1,7,0,4,1,2,7,3,0,2,4,2,1,4,0,1,1,0,1,2,0,5,1,0,2,1,5,1,0,1,4,3,0,4,2,3,0,3,3,0,1
ND_donor_02_cell_005,demo,ND_donor_02,ND,beta,39,41,39,35,58,43,42,38,39,41,1,0,0,2,0,0,1,2,5,1,3,5,6,8,10,11,0,2,2,0,0,0,0,1,0,1,0,3,4,1,2,4,1,2,1,1,2,3,5,2,4,5,0,3,5,1,0,5,1,4,0,1,1,3,2,0,0,1,0,4,1,1,2,0,8,0,2,4,0,2,4,5,5,0,0,3,0,2,1,2,4,0,0,2,1,2,2,7,2,5,1,1,0,5,1,1
ND_donor_02_cell_006,demo,ND_donor_02,ND,beta,72,60,60,56,74,64,59,61,59,73,0,1,0,0,0,0,1,0,1,0,7,9,8,9,8,10,1,1,3,1,1,3,1,0,3,1,3,0,2,1,0,2,1,2,2,3,3,4,3,7,5,2,4,1,6,1,4,1,1,1,4,2,1,1,1,0,3,2,4,2,1,2,3,0,5,1,1,1,1,3,2,2,0,0,1,0,2,1,0,2,4,1,2,2,1,1,1,1,2,1,6,7,0,2,2,2
ND_donor_02_cell_007,demo,ND_donor_02,ND,beta,40,36,41,26,33,38,40,37,31,32,0,1,2,0,1,0,0,4,1,3,3,5,8,4,6,8,4,3,5,1,0,2,0,1,4,0,0,2,5,1,2,0,0,0,1,4,5,1,5,2,3,3,0,2,1,2,2,1,2,3,2,0,4,1,2,1,0,3,0,1,3,1,0,1,1,3,3,3,3,0,3,0,0,3,1,2,3,4,1,4,3,2,4,1,0,2,4,1,1,1,5,1,0,0,3,1
ND_donor_02_cell_008,demo,ND_donor_02,ND,beta,31,42,32,32,29,30,42,37,38,30,1,1,3,1,2,2,0,0,2,1,11,7,9,13,8,5,2,0,0,1,0,3,2,4,0,0,3,1,4,1,5,1,1,0,2,2,2,1,3,2,0,0,4,2,1,3,0,4,2,2,0,2,1,1,2,0,3,2,3,3,1,0,5,0,4,3,1,0,3,0,3,1,3,5,2,0,1,1,4,0,3,2,3,1,2,0,1,1,4,4,3,2,4,1,2,1
ND_donor_02_cell_009,demo,ND_donor_02,ND,beta,26,23,28,18,25,26,20,36,26,28,6,1,1,2,4,1,1,0,4,2,9,7,11,2,7,1,3,0,3,0,1,6,2,1,1,1,1,3,3,1,1,2,1,0,4,0,2,1,4,1,1,1,1,2,2,0,3,3,1,2,2,3,2,2,0,6,5,1,2,0,1,0,0,1,0,2,0,3,3,3,1,1,1,3,2,6,1,0,2,2,1,2,1,1,2,0,0,1,4,1,2,2,4,1,4,4
ND_donor_02_cell_010,demo,ND_donor_02,ND,beta,47,36,35,23,35,38,31,39,32,39,1,0,0,4,1,2,0,0,1,0,10,8,14,6,8,7,2,1,1,2,1,0,1,2,2,0,4,3,3,2,1,1,3,4,5,1,1,0,2,1,3,1,0,0,0,1,0,1,1,2,3,0,3,2,2,2,3,1,0,1,1,1,2,1,1,1,0,3,3,1,5,1,0,0,2,3,0,0,1,1,1,2,3,0,3,3,1,1,1,2,4,2,2,3,0,1
ND_donor_02_cell_011,demo,ND_donor_02,ND,beta,40,39,48,48,56,69,62,57,49,50,0,1,0,0,0,2,0,1,1,0,11,10,8,9,9,10,2,1,7,3,1,1,0,4,2,3,1,0,3,0,0,0,1,2,2,3,0,1,3,1,0,3,1,1,4,2,1,3,2,4,6,1,2,2,1,0,1,3,0,4,1,1,1,3,0,4,2,4,1,1,2,1,1,1,6,4,0,4,0,2,1,2,3,1,2,2,1,3,1,1,1,1,2,3,4,2
ND_donor_02_cell_012,demo,ND_donor_02,ND,beta,148,145,128,113,141,138,159,116,129,157,0,1,0,0,1,0,1,2,0,0,10,11,10,11,8,10,2,3,0,1,1,5,1,7,3,1,1,0,1,3,0,0,2,2,1,5,1,1,1,2,3,2,0,2,1,1,1,3,1,3,3,0,3,3,1,3,1,1,0,2,0,0,2,0,2,2,1,4,3,3,2,0,2,0,3,1,1,3,0,0,0,2,1,0,2,2,0,2,1,1,0,2,0,0,2,1
ND_donor_02_cell_013,demo,ND_donor_02,ND,beta,74,60,72,76,66,69,48,62,67,83,0,0,1,0,2,0,0,2,0,0,8,8,7,7,6,5,0,2,3,3,1,1,2,1,1,2,0,3,2,3,0,1,3,0,1,2,1,0,0,4,2,0,2,3,0,2,1,1,4,1,1,0,2,1,1,3,4,1,3,1,2,4,1,1,2,3,2,2,1,0,0,4,3,0,3,2,0,1,0,1,4,2,2,1,0,0,1,0,1,0,1,1,3,2,1,1
ND_donor_02_cell_014,demo,ND_donor_02,ND,beta,27,35,35,29,31,34,30,41,31,19,1,2,1,2,2,1,1,2,3,1,4,8,9,8,6,7,1,2,0,1,1,1,0,0,1,0,3,0,2,2,2,2,1,0,3,2,0,4,1,1,4,2,3,3,1,4,1,1,1,4,0,1,4,1,0,0,2,1,3,0,4,3,2,1,1,2,2,0,2,2,0,0,3,0,0,1,7,1,3,0,2,3,2,0,3,2,5,0,3,0,3,1,1,0,0,3
ND_donor_02_cell_015,demo,ND_donor_02,ND,beta,64,59,53,56,62,57,60,71,62,65,0,3,1,1,0,0,1,1,2,2,9,8,5,12,10,5,4,0,3,0,0,2,4,1,1,2,5,2,0,1,0,2,0,0,1,0,3,1,3,2,0,2,4,2,2,0,1,1,5,2,0,3,1,2,4,4,2,3,0,1,2,1,1,4,3,1,1,0,3,0,5,2,2,2,1,1,3,1,0,1,3,2,1,2,1,2,1,3,2,2,3,2,4,2,0,1
ND_donor_02_cell_016,demo,ND_donor_02,ND,beta,83,74,68,58,77,64,78,76,61,75,1,1,2,0,1,0,3,1,0,0,14,7,8,8,9,5,0,0,5,1,0,4,3,5,2,2,1,2,2,3,2,1,2,2,3,2,4,1,1,0,2,1,2,1,2,3,1,3,4,2,5,0,3,5,3,2,4,5,0,1,0,2,2,0,0,2,2,1,1,0,1,0,4,1,0,2,0,4,1,2,1,4,1,2,4,0,0,0,2,0,1,3,1,0,3,2
ND_donor_02_cell_017,demo,ND_donor_02,ND,beta,34,35,37,32,41,40,31,34,41,36,4,2,1,0,0,0,0,2,0,0,6,4,3,6,5,8,0,0,4,0,0,2,1,0,3,2,1,0,1,1,3,2,2,4,0,0,0,2,2,3,0,1,1,4,2,0,3,2,0,1,2,5,1,0,4,2,1,0,1,2,1,0,0,1,4,0,3,2,3,0,2,2,2,2,1,0,0,2,0,0,2,0,0,1,2,0,1,4,0,0,2,2,3,3,3,1
ND_donor_02_cell_018,demo,ND_donor_02,ND,beta,45,40,25,27,32,34,31,28,35,44,3,3,3,1,1,3,1,1,2,1,4,8,6,2,6,7,2,1,4,3,0,2,3,3,4,2,1,6,0,0,4,0,3,2,3,0,2,0,0,3,0,0,3,3,1,4,2,1,1,1,1,2,0,0,1,1,0,1,4,4,1,1,2,0,0,0,2,1,3,4,4,2,4,2,1,2,3,0,0,2,1,3,1,2,0,3,2,1,1,0,1,1,2,2,2,2
ND_donor_02_cell_019,demo,ND_donor_02,ND,beta,51,62,61,41,54,47,54,49,55,54,2,5,0,4,2,0,1,2,3,0,7,12,8,7,7,9,7,3,1,4,0,2,4,2,1,1,1,2,1,1,2,1,4,3,1,4,2,3,0,0,6,3,2,0,1,1,0,3,1,0,2,0,1,1,1,4,2,1,3,1,1,2,2,0,0,4,2,1,2,3,4,0,2,0,0,2,4,5,4,0,2,1,2,2,0,3,4,1,3,3,4,1,0,1,2,1
ND_donor_02_cell_020,demo,ND_donor_02,ND,beta,29,27,25,26,24,27,32,23,28,32,1,2,2,1,4,2,1,1,3,1,8,7,8,2,6,5,0,1,2,2,1,2,3,4,3,2,2,2,2,6,1,1,1,1,0,4,1,2,3,1,1,2,2,1,0,4,1,0,2,1,1,7,1,0,0,1,1,4,2,1,3,1,0,2,0,2,0,0,6,3,4,0,4,3,4,2,5,3,2,1,3,0,6,2,0,0,0,1,1,3,2,0,2,2,0,3
ND_donor_02_cell_021,demo,ND_donor_02,ND,beta,58,60,71,61,58,77,72,55,69,57,0,2,2,1,2,0,1,1,0,0,8,9,13,11,8,11,2,1,2,0,1,2,2,0,1,1,1,2,1,0,2,1,4,0,0,1,2,1,2,3,2,1,4,3,3,3,2,1,2,2,0,6,3,0,1,2,1,4,0,3,6,1,2,4,1,4,2,0,3,4,1,1,2,1,1,1,3,0,2,2,0,2,2,2,3,3,0,3,1,2,1,1,3,1,1,2
ND_donor_02_cell_022,demo,ND_donor_02,ND,beta,44,43,48,29,38,53,43,36,43,41,0,2,0,2,3,1,0,0,4,0,7,5,5,4,6,7,0,0,2,0,2,1,3,2,5,0,1,2,0,1,3,0,1,2,1,1,3,1,2,2,0,5,3,2,1,1,1,4,0,1,1,0,3,0,2,2,0,3,0,2,2,3,0,5,4,3,3,0,1,6,3,1,1,0,2,1,2,4,0,3,3,1,2,1,2,0,0,0,0,2,3,3,1,1,4,1
ND_donor_02_cell_023,demo,ND_donor_02,ND,beta,24,18,10,26,16,22,18,21,23,16,5,1,2,4,2,3,4,2,1,2,5,8,4,8,8,5,0,2,0,0,0,2,2,1,4,2,2,1,1,0,4,4,1,1,0,2,4,2,2,3,1,2,0,2,1,2,2,1,2,0,5,3,1,2,0,5,0,2,0,1,0,1,0,3,0,1,2,2,2,0,0,3,1,1,2,0,0,0,1,0,2,0,2,2,1,2,1,1,0,2,4,4,2,1,0,1
ND_donor_02_cell_024,demo,ND_donor_02,ND,beta,65,60,40,69,47,47,63,64,48,41,0,1,1,0,0,2,0,0,2,0,9,11,14,12,8,6,1,4,4,0,2,1,2,0,1,3,1,0,0,0,3,1,1,0,3,1,1,2,3,2,2,2,1,1,0,0,0,0,2,1,0,1,1,2,1,0,0,1,4,3,0,3,3,1,2,3,4,1,2,0,2,3,0,1,3,0,0,1,2,0,5,1,5,0,1,0,1,1,1,3,0,0,0,1,2,2
ND_donor_02_cell_025,demo,ND_donor_02,ND,beta,73,55,70,54,67,65,62,50,57,54,0,0,0,0,1,0,0,1,0,1,10,9,12,8,8,12,1,3,3,1,1,2,1,0,3,0,0,2,2,1,3,1,0,3,1,0,2,0,2,3,0,4,1,2,0,2,3,1,1,1,1,1,1,2,2,3,0,1,3,2,2,0,5,3,4,1,3,2,3,4,3,2,1,0,2,5,4,3,2,1,1,1,0,4,2,3,3,0,4,1,2,0,3,0,0,2
ND_donor_02_cell_026,demo,ND_donor_02,ND,beta,28,11,19,13,18,9,14,13,14,16,0,2,3,2,0,2,1,5,1,1,8,6,5,7,6,5,1,1,2,2,0,2,3,1,4,1,3,1,2,1,0,2,5,0,1,2,4,1,3,0,3,1,4,1,2,2,1,2,6,2,1,1,1,3,6,1,1,1,3,1,1,1,1,3,3,0,2,0,1,2,2,1,0,2,0,2,0,1,1,1,0,4,2,0,6,1,1,4,0,1,4,0,3,0,0,1
ND_donor_02_cell_027,demo,ND_donor_02,ND,beta,45,32,38,45,38,44,35,43,44,48,1,1,1,1,0,1,0,0,2,1,16,11,6,7,8,5,1,0,3,1,0,1,2,1,0,2,1,1,1,0,2,4,5,3,3,3,2,3,5,3,1,5,0,2,0,3,2,0,1,3,3,2,2,2,1,2,0,0,1,2,1,0,4,0,1,1,2,1,2,0,1,1,0,0,1,1,0,2,0,0,5,0,3,2,0,8,1,4,3,4,0,1,1,3,1,5
ND_donor_02_cell_028,demo,ND_donor_02,ND,beta,14,15,11,18,17,23,14,15,14,18,3,2,5,5,2,5,7,6,1,1,4,4,4,4,3,7,3,2,4,0,1,3,0,1,3,1,1,1,1,2,0,1,2,2,5,2,0,1,2,1,2,4,4,2,4,5,2,2,0,1,3,3,2,0,3,1,1,3,2,2,2,0,0,1,5,0,8,2,5,2,0,4,1,0,1,0,0,0,3,0,0,4,1,0,1,1,0,0,1,1,2,1,1,4,0,1
ND_donor_02_cell_029,demo,ND_donor_02,ND,beta,37,47,40,44,49,42,50,49,52,50,2,1,0,2,0,0,2,1,0,1,8,7,3,4,5,4,4,0,0,4,1,4,5,0,1,1,3,2,1,1,3,4,2,0,2,4,2,3,2,1,0,1,2,4,2,0,1,1,1,2,0,3,0,2,4,0,4,4,0,2,4,1,1,3,3,2,1,2,1,2,2,1,1,1,5,2,1,0,4,2,2,3,5,1,2,2,0,2,1,1,3,0,2,1,3,2
ND_donor_02_cell_030,demo,ND_donor_02,ND,beta,42,43,36,47,35,42,34,39,29,46,1,3,2,1,1,3,1,3,3,3,7,6,8,6,7,4,2,6,0,1,5,2,1,1,2,0,4,3,0,1,2,1,0,1,0,0,1,8,4,0,0,1,2,0,0,1,3,0,0,2,2,2,1,1,1,1,1,1,0,1,1,3,4,1,2,4,0,0,1,3,3,5,3,1,0,0,3,2,1,2,0,1,0,3,2,0,0,1,3,0,2,1,0,1,3,2
ND_donor_02_cell_031,demo,ND_donor_02,ND,beta,15,17,21,17,14,21,14,20,20,18,8,2,3,3,5,3,4,3,3,6,3,5,6,1,1,3,1,2,4,3,3,1,5,3,3,1,0,2,4,0,1,0,0,6,2,0,4,4,1,5,4,1,4,0,0,0,0,0,3,2,0,0,4,1,3,1,4,3,3,0,0,3,0,1,2,2,0,3,2,0,1,3,5,3,1,3,0,0,2,2,1,2,0,1,2,0,3,2,0,1,1,2,3,0,0,1
ND_donor_02_cell_032,demo,ND_donor_02,ND,beta,58,48,52,48,51,49,52,48,55,45,0,1,0,1,3,1,0,0,0,0,6,8,12,8,3,8,0,1,1,3,4,3,0,0,1,2,3,1,0,2,3,2,3,1,4,0,3,3,2,3,1,3,0,2,4,0,3,1,3,1,3,1,4,3,1,3,1,0,1,1,3,2,1,0,0,1,1,2,0,1,1,3,2,3,0,2,2,3,3,1,1,4,1,1,1,1,4,1,2,3,1,0,2,2,1,3
ND_donor_02_cell_033,demo,ND_donor_02,ND,beta,22,35,31,32,28,39,41,29,31,24,0,0,1,2,0,1,1,0,2,0,14,6,10,4,8,3,1,0,1,2,0,0,1,2,0,0,2,2,1,1,0,2,0,1,1,4,1,1,2,0,1,1,4,2,2,1,1,3,5,0,1,1,0,0,1,2,6,1,2,1,2,3,1,3,1,2,2,0,3,1,2,0,0,3,0,1,2,0,1,4,3,2,0,1,1,2,0,1,5,1,2,0,5,1,0,2
ND_donor_02_cell_034,demo,ND_donor_02,ND,beta,27,34,28,18,23,45,25,31,37,34,1,1,4,2,3,5,2,3,1,1,8,9,4,6,3,4,1,3,3,0,1,1,1,2,1,0,0,0,0,1,1,0,2,3,4,1,0,0,6,4,1,1,2,1,2,1,2,4,4,0,0,0,0,3,0,0,1,4,4,1,2,0,2,2,0,1,2,1,5,1,0,1,2,3,1,2,3,3,0,3,0,3,0,5,3,1,0,2,2,2,2,7,2,2,3,3
ND_donor_02_cell_035,demo,ND_donor_02,ND,beta,17,14,33,19,20,28,22,22,19,21,2,2,1,3,0,0,2,0,1,3,6,7,8,6,5,2,2,1,0,4,2,6,0,2,0,1,3,1,6,3,2,1,0,2,3,2,4,0,0,3,0,1,5,3,5,1,1,2,3,2,1,1,2,2,4,4,1,3,10,2,4,2,6,0,2,1,1,0,5,0,0,4,2,3,1,1,3,2,0,2,1,1,3,0,5,0,1,5,1,4,8,4,2,0,6,2
ND_donor_02_cell_036,demo,ND_donor_02,ND,beta,18,21,18,14,9,24,11,18,18,14,2,4,2,5,3,2,1,0,4,4,4,5,3,5,11,4,1,4,0,1,0,2,0,2,1,4,3,1,0,4,3,0,3,5,4,2,3,1,1,0,2,2,5,3,2,3,1,3,0,3,2,4,2,0,1,2,0,1,0,1,2,1,0,0,3,1,0,1,3,1,2,1,1,3,4,4,0,0,3,0,3,3,0,3,2,1,4,0,3,2,2,0,1,3,0,2
ND_donor_02_cell_037,demo,ND_donor_02,ND,beta,40,38,41,48,35,30,30,31,33,30,0,3,2,1,2,1,3,0,3,2,7,9,7,2,4,10,3,1,0,2,0,1,2,2,1,1,6,2,2,1,1,1,3,0,1,1,0,1,5,0,0,0,1,3,0,1,2,3,1,1,1,2,1,1,0,4,2,0,1,1,0,0,1,1,2,4,2,1,1,2,3,1,0,1,1,1,2,3,3,4,3,2,2,0,2,3,5,0,1,0,2,5,4,1,0,1
ND_donor_02_cell_038,demo,ND_donor_02,ND,beta,19,17,22,16,25,25,17,21,16,20,3,3,3,1,3,2,2,3,1,1,4,7,9,4,5,9,0,3,0,1,2,3,2,1,1,1,1,1,2,2,3,2,1,2,0,2,1,3,1,2,4,2,3,2,1,3,2,0,0,1,1,2,0,1,3,2,3,2,6,0,1,3,0,0,1,0,2,1,0,1,2,0,2,0,1,2,2,3,1,4,0,0,1,0,5,1,1,1,1,1,1,3,3,0,1,2
ND_donor_02_cell_039,demo,ND_donor_02,ND,beta,30,31,42,41,42,43,32,44,44,39,2,1,0,1,1,1,4,1,2,0,7,4,10,4,4,3,1,5,3,0,3,2,1,2,2,0,7,2,3,1,3,1,0,0,4,9,4,5,4,2,2,0,2,3,0,3,1,5,1,2,4,1,1,3,0,0,1,1,3,2,1,5,1,3,2,3,0,2,4,5,1,0,1,1,3,1,1,1,0,1,3,0,1,1,0,3,2,3,4,3,1,0,0,1,3,3
ND_donor_02_cell_040,demo,ND_donor_02,ND,beta,45,42,45,49,50,63,36,51,53,36,2,0,1,2,0,0,2,1,0,0,4,3,10,8,10,5,3,2,1,4,0,0,2,4,3,0,2,7,2,3,1,4,1,1,3,2,1,0,1,4,2,4,1,4,4,1,0,2,2,1,4,0,1,1,4,0,1,1,0,0,1,1,3,2,0,1,3,0,1,5,3,2,2,1,4,0,2,2,2,0,2,1,1,1,2,0,0,1,3,1,2,1,1,3,1,2
ND_donor_02_cell_041,demo,ND_donor_02,ND,beta,58,49,44,68,51,49,53,52,56,36,0,0,1,1,0,0,1,0,0,2,8,10,5,3,11,6,3,1,2,0,4,3,0,3,4,2,4,2,2,3,2,4,3,4,2,1,2,1,0,2,5,1,0,2,4,1,3,4,0,1,2,0,2,3,1,0,1,2,1,4,2,1,3,0,0,3,6,1,0,2,2,1,0,3,1,3,6,1,3,0,1,2,0,0,1,1,1,5,0,3,2,0,3,1,2,2
ND_donor_02_cell_042,demo,ND_donor_02,ND,beta,42,41,35,32,38,34,35,42,29,28,2,2,1,0,0,1,0,1,0,0,3,10,6,8,5,7,2,2,3,2,0,5,6,2,3,1,6,0,1,3,4,3,1,0,2,4,2,5,2,0,1,1,0,1,2,3,3,0,1,1,0,2,1,3,2,1,5,0,2,0,2,1,2,2,4,4,0,1,1,3,2,2,2,2,0,0,1,0,2,2,4,3,3,2,3,2,4,1,1,1,3,4,5,2,1,0
ND_donor_02_cell_043,demo,ND_donor_02,ND,beta,54,61,62,51,59,68,66,69,39,60,0,2,0,1,1,1,1,0,1,0,10,10,10,7,12,8,1,1,3,2,1,2,1,4,1,1,1,0,0,1,0,3,1,3,1,2,1,2,2,0,4,2,2,3,0,1,3,2,0,1,1,3,1,1,3,0,3,1,5,0,4,1,3,2,2,1,1,7,1,6,0,3,2,4,2,3,3,4,3,0,1,2,1,1,0,1,4,6,0,4,1,0,3,0,5,1
ND_donor_02_cell_044,demo,ND_donor_02,ND,beta,17,13,9,18,21,15,11,13,15,19,4,4,7,5,3,4,2,1,3,7,6,7,5,4,9,5,1,4,2,1,4,2,2,2,2,1,2,1,0,1,1,3,3,1,0,0,2,0,3,4,0,2,7,2,5,2,0,1,1,3,1,1,1,1,1,0,2,2,2,0,2,1,2,0,1,3,2,0,4,3,1,3,0,0,3,2,0,3,1,0,2,1,1,1,1,2,2,0,1,6,0,1,0,1,0,0
ND_donor_02_cell_045,demo,ND_donor_02,ND,beta,41,52,44,56,42,58,39,47,55,39,0,1,0,2,0,2,2,0,3,1,10,4,11,7,9,13,3,4,0,0,1,2,2,0,0,0,1,2,1,0,1,1,0,5,4,1,1,3,3,2,3,1,0,2,3,0,3,2,2,3,1,2,1,2,4,3,1,2,2,1,2,0,1,0,1,2,1,0,1,1,2,0,1,0,1,5,2,0,0,0,5,5,2,2,2,2,2,1,0,0,3,2,0,5,2,0
ND_donor_02_cell_046,demo,ND_donor_02,ND,beta,18,16,25,19,20,13,16,11,21,23,3,4,3,3,4,4,5,2,4,1,6,6,4,1,6,4,1,1,2,3,1,0,0,1,2,0,0,1,2,3,0,1,4,1,2,2,1,1,2,0,0,3,4,1,3,1,3,1,2,6,2,0,0,1,4,3,0,3,3,3,1,0,1,2,0,0,0,2,3,4,1,3,0,1,4,4,0,2,4,5,0,2,1,3,1,0,0,1,0,0,3,1,1,3,1,2
ND_donor_02_cell_047,demo,ND_donor_02,ND,beta,49,55,43,44,39,38,33,60,42,56,2,0,0,0,1,0,2,2,1,1,5,10,8,5,8,12,1,1,1,2,0,0,1,3,3,0,0,1,3,5,1,0,1,1,1,0,4,2,0,1,1,0,3,2,0,1,2,2,2,4,1,1,5,1,0,1,3,4,1,0,2,2,3,1,2,2,1,2,2,3,1,0,1,3,1,2,3,1,0,5,1,1,1,2,0,3,0,2,0,3,3,3,1,4,1,0
ND_donor_02_cell_048,demo,ND_donor_02,ND,beta,46,26,40,38,31,36,34,34,28,41,1,3,0,0,2,1,1,1,2,0,10,11,4,5,5,6,2,2,3,1,3,0,1,1,2,8,1,2,5,2,5,2,0,1,2,1,2,0,1,3,3,7,3,1,0,2,1,0,1,0,1,2,2,1,0,2,3,1,3,1,4,2,2,0,0,3,3,0,2,0,2,7,3,2,2,0,1,2,3,1,1,1,1,1,2,2,3,2,0,1,2,2,1,1,4,1
ND_donor_02_cell_049,demo,ND_donor_02,ND,beta,61,54,47,49,64,48,46,47,41,46,0,1,0,0,0,1,1,0,0,3,5,4,5,9,3,8,3,0,3,3,1,2,0,0,0,0,1,1,4,1,1,1,2,1,1,1,1,1,5,2,2,0,3,3,1,5,3,6,0,1,0,4,2,5,0,2,2,5,3,1,1,2,3,0,0,3,3,3,1,2,2,3,3,4,3,0,1,2,0,1,2,2,2,3,1,3,2,0,4,2,1,0,1,3,1,4
ND_donor_02_cell_050,demo,ND_donor_02,ND,beta,173,217,180,197,190,198,202,197,187,186,1,1,0,1,0,1,1,0,1,0,8,8,9,11,16,10,6,0,1,0,0,0,1,1,4,1,2,4,1,4,1,1,3,0,1,3,0,2,2,0,1,0,0,0,0,2,1,3,0,0,0,0,0,2,3,1,1,3,0,3,2,0,2,3,0,0,1,1,2,1,2,5,1,2,2,4,0,2,2,1,3,1,1,2,1,3,3,1,0,3,2,0,0,0,3,3
ND_donor_02_cell_051,demo,ND_donor_02,ND,beta,27,22,17,23,29,27,24,26,37,21,2,2,2,1,3,1,1,0,1,1,8,4,8,7,8,7,1,2,0,4,0,4,1,1,5,4,3,0,0,1,1,4,3,0,5,2,2,5,0,0,3,3,0,3,1,4,3,3,3,3,5,1,3,0,1,1,0,1,2,2,1,1,0,4,3,3,1,0,4,1,1,0,4,2,3,1,0,3,2,2,4,2,2,0,1,3,2,0,1,2,5,3,3,1,0,0
ND_donor_02_cell_052,demo,ND_donor_02,ND,beta,31,35,38,29,37,39,39,34,40,25,1,0,1,2,1,2,4,2,3,2,4,9,8,11,8,3,2,2,1,1,2,4,0,3,2,4,1,3,2,1,0,1,2,0,2,0,2,0,1,4,1,3,3,6,3,0,2,3,0,1,1,1,0,3,0,0,0,4,3,2,3,2,4,5,2,0,1,2,3,2,2,2,1,1,2,3,2,2,2,3,2,2,1,1,3,1,1,3,1,2,1,2,0,1,0,1
ND_donor_02_cell_053,demo,ND_donor_02,ND,beta,43,46,30,29,48,42,58,36,35,35,3,1,1,1,0,0,0,1,4,2,12,12,8,7,4,7,2,0,2,1,0,0,2,0,2,2,2,2,1,0,2,1,2,0,2,5,1,3,2,5,3,4,1,2,2,3,1,0,4,2,3,0,4,0,3,3,2,2,2,2,1,2,0,4,1,1,2,3,0,0,1,1,1,2,3,0,1,1,5,1,6,2,2,2,2,3,2,1,0,4,3,3,2,1,6,4
ND_donor_02_cell_054,demo,ND_donor_02,ND,beta,30,35,37,40,31,36,30,24,31,26,3,3,2,2,0,3,4,2,1,0,10,9,8,6,6,6,2,0,3,7,3,1,1,4,3,1,1,2,2,0,2,0,4,2,1,2,1,2,3,0,2,1,0,2,3,0,2,0,3,1,0,3,4,2,4,3,1,2,0,0,1,1,2,2,2,4,2,3,1,1,3,2,2,0,1,2,5,0,0,2,3,1,2,0,2,1,2,4,3,2,1,0,2,0,1,1
ND_donor_02_cell_055,demo,ND_donor_02,ND,beta,42,35,31,44,45,42,44,44,34,30,1,0,2,0,0,0,2,0,0,0,6,10,9,4,4,4,0,2,1,2,0,5,2,1,2,3,2,1,4,1,0,1,0,1,1,2,5,3,1,2,0,2,1,1,1,2,0,2,0,1,4,2,3,1,0,2,0,0,1,2,2,3,3,2,3,0,1,0,5,3,2,2,2,3,1,0,5,3,0,1,0,4,4,2,1,0,3,0,1,0,0,4,0,1,1,3
ND_donor_02_cell_056,demo,ND_donor_02,ND,beta,18,35,24,24,31,25,34,22,19,20,2,1,1,1,3,3,2,0,2,2,6,5,5,9,4,10,4,6,1,5,1,1,0,1,1,2,1,1,0,2,3,1,9,1,5,0,0,6,1,1,0,0,3,2,0,4,1,0,1,3,5,0,2,3,2,0,1,1,0,1,1,0,4,1,3,2,0,0,3,0,0,1,2,1,2,3,5,2,0,4,1,1,3,0,0,3,1,1,3,2,1,2,3,3,1,6
ND_donor_02_cell_057,demo,ND_donor_02,ND,beta,24,27,19,21,19,14,18,23,20,22,4,3,8,1,2,4,3,4,3,0,11,3,11,6,6,8,1,0,2,1,0,2,0,6,1,0,3,3,0,0,1,2,3,4,1,0,0,3,3,5,1,0,4,1,2,2,0,0,3,3,0,1,3,4,2,2,1,2,3,0,2,4,1,3,1,2,2,1,1,1,5,2,5,0,2,2,0,3,0,4,3,0,2,4,1,3,2,2,2,1,0,0,1,4,4,1
ND_donor_02_cell_058,demo,ND_donor_02,ND,beta,27,14,17,14,20,18,17,15,12,13,3,1,2,2,2,0,3,1,5,1,7,5,8,9,7,11,0,3,2,1,2,3,4,3,1,2,1,4,3,1,2,0,5,4,2,2,2,0,1,1,1,2,3,2,0,0,0,1,1,1,2,0,1,1,3,4,1,1,1,1,1,4,4,2,1,1,0,0,0,0,0,2,2,5,1,3,2,2,1,1,2,4,2,1,0,0,2,1,2,0,2,0,0,1,1,4
ND_donor_02_cell_059,demo,ND_donor_02,ND,beta,25,42,26,29,38,36,35,23,25,29,2,3,1,1,0,0,2,0,2,1,6,4,16,7,8,9,0,3,3,1,2,2,0,2,4,6,1,0,1,0,4,1,4,1,6,0,3,1,3,4,1,1,1,2,0,1,0,1,2,0,1,3,3,1,4,6,2,1,3,1,1,1,0,3,4,0,5,1,0,2,3,0,1,4,4,4,4,2,2,2,4,3,4,1,1,1,5,2,2,1,4,2,3,1,1,1
ND_donor_02_cell_060,demo,ND_donor_02,ND,beta,28,27,30,40,28,25,35,28,30,25,4,0,3,1,2,2,1,1,1,4,6,5,6,4,9,7,1,4,0,6,3,1,2,2,2,2,5,2,2,1,3,1,2,5,3,1,1,0,3,3,2,0,1,0,0,1,1,3,1,0,1,2,2,1,4,2,7,1,0,1,0,2,1,2,0,1,5,0,1,5,2,1,3,3,1,4,0,2,2,0,6,2,0,1,2,2,2,0,2,4,1,0,3,3,2,2
ND_donor_02_cell_061,demo,ND_donor_02,ND,beta,64,97,70,61,77,70,76,71,74,69,1,0,0,0,0,1,2,0,1,0,5,8,7,12,6,8,1,3,1,4,1,3,1,1,2,0,4,2,1,4,2,4,1,3,2,3,3,0,4,2,1,0,0,2,3,0,2,1,1,4,2,0,4,2,0,2,0,4,2,1,2,1,2,2,2,2,4,2,4,4,0,1,4,1,2,1,0,1,4,2,1,0,1,0,2,2,2,0,1,2,1,2,0,1,2,0
ND_donor_02_cell_062,demo,ND_donor_02,ND,beta,46,44,55,60,60,54,55,51,48,50,2,0,0,1,1,3,1,1,0,1,13,9,6,9,7,9,2,0,4,1,0,2,0,2,3,5,2,0,1,0,0,4,0,3,4,1,1,0,4,2,1,1,5,3,1,0,2,0,0,2,3,1,0,0,4,0,6,0,5,0,0,4,1,3,5,1,2,6,6,0,0,1,3,1,5,0,2,2,1,3,4,3,2,2,3,0,0,4,1,1,1,0,0,1,2,0
ND_donor_02_cell_063,demo,ND_donor_02,ND,beta,35,27,28,34,32,33,44,28,30,40,0,0,0,0,2,1,2,2,1,1,6,6,8,8,12,6,3,2,2,0,3,3,2,2,2,1,0,2,0,0,1,0,5,1,1,2,1,4,3,2,2,1,1,6,1,1,0,1,1,1,1,3,4,3,4,1,1,1,3,0,5,4,0,1,4,3,1,2,4,3,0,0,1,1,5,0,5,3,0,3,1,0,1,2,3,3,1,0,2,3,0,2,1,2,1,6
ND_donor_02_cell_064,demo,ND_donor_02,ND,beta,28,22,18,32,27,32,27,30,26,19,4,2,1,1,1,1,0,1,1,2,4,6,8,2,6,6,3,4,4,0,1,2,3,1,1,0,3,2,2,0,3,2,5,3,0,4,1,3,3,1,0,0,3,1,2,0,1,1,1,3,0,2,3,3,0,0,1,3,1,3,1,1,1,5,0,2,2,6,2,2,4,0,1,0,1,0,7,0,2,3,1,4,1,1,0,2,2,0,2,1,2,1,3,1,4,0
ND_donor_02_cell_065,demo,ND_donor_02,ND,beta,27,28,32,26,14,24,25,37,36,22,0,2,2,0,2,2,1,1,0,1,7,6,9,7,9,3,1,0,4,3,2,2,2,2,5,1,3,1,2,3,0,1,0,2,5,1,3,4,0,3,2,2,3,1,3,1,1,1,0,0,0,1,2,0,1,0,0,1,2,5,7,1,2,3,1,0,0,2,0,0,3,0,2,0,3,1,0,1,0,0,3,0,3,0,4,2,3,2,2,2,4,1,0,0,1,3
ND_donor_02_cell_066,demo,ND_donor_02,ND,beta,27,32,27,23,34,33,25,31,22,23,1,0,2,1,2,1,1,1,0,3,7,4,8,8,6,5,2,2,1,0,4,1,1,1,1,0,1,0,2,2,1,2,1,1,2,5,0,1,0,4,2,1,1,0,0,1,2,1,0,1,0,0,2,3,5,2,2,1,0,1,6,2,3,1,1,3,1,1,1,0,0,0,2,4,3,0,2,1,0,1,1,4,6,0,3,0,0,1,0,0,3,1,3,2,0,1
ND_donor_02_cell_067,demo,ND_donor_02,ND,beta,35,28,39,32,28,25,22,31,20,34,1,1,4,6,2,2,1,4,4,2,10,6,5,5,6,7,0,1,0,3,5,4,1,2,3,5,3,1,0,0,4,1,1,1,1,1,1,1,3,0,2,2,2,3,0,0,1,3,3,2,1,0,3,2,3,3,2,3,2,0,2,0,0,4,3,0,1,1,3,2,1,1,3,1,0,2,3,0,2,2,2,3,1,4,0,3,2,2,0,4,2,5,0,0,2,1
ND_donor_02_cell_068,demo,ND_donor_02,ND,beta,21,37,20,28,27,16,22,31,28,24,2,3,2,1,0,4,1,1,1,1,8,7,7,5,8,6,0,2,1,3,1,0,1,2,5,2,1,3,0,4,2,2,0,1,2,0,1,1,5,7,0,1,1,0,1,2,0,1,4,2,2,0,1,2,1,5,2,0,1,1,1,0,1,2,2,7,2,3,1,2,5,5,0,1,1,3,0,1,1,2,0,1,3,0,2,3,1,1,1,1,1,0,4,1,4,2
ND_donor_02_cell_069,demo,ND_donor_02,ND,beta,24,32,24,25,25,23,31,22,31,20,3,5,2,1,2,2,1,2,3,2,2,8,5,7,7,6,1,2,0,1,1,1,0,2,2,3,0,1,2,4,2,0,2,0,6,2,5,2,4,4,3,0,3,0,1,2,2,0,1,2,2,2,1,2,2,6,3,2,0,1,2,4,2,1,2,0,1,0,3,2,2,0,2,1,1,0,2,1,0,3,0,1,1,0,2,1,3,5,1,1,0,1,2,1,0,2
ND_donor_02_cell_070,demo,ND_donor_02,ND,beta,21,18,24,21,15,18,10,19,17,13,1,4,2,2,6,1,2,6,3,2,8,2,5,6,2,8,1,1,1,4,2,0,2,0,2,2,1,2,1,4,2,1,2,1,1,3,1,0,2,2,1,3,2,2,2,2,3,5,3,1,1,0,4,2,1,0,2,3,1,2,0,2,5,4,6,3,1,1,1,0,1,2,2,5,4,0,1,1,2,2,3,0,1,4,2,1,3,2,2,2,4,2,2,1,4,2
ND_donor_02_cell_071,demo,ND_donor_02,ND,beta,20,19,13,17,19,10,16,24,15,20,5,5,1,6,4,3,1,1,6,1,5,7,4,6,8,1,0,1,1,0,3,1,1,1,2,1,0,1,1,2,3,1,3,5,1,0,0,0,5,1,1,3,0,0,3,2,1,4,2,1,0,3,1,1,1,1,1,1,3,1,3,6,1,0,0,0,3,1,2,0,4,3,2,3,5,5,4,0,3,1,3,0,0,1,3,2,2,2,2,1,3,1,0,0,0,4
ND_donor_02_cell_072,demo,ND_donor_02,ND,beta,37,34,38,36,40,46,34,41,44,41,1,2,2,2,0,1,2,0,0,3,13,4,11,6,9,5,1,2,2,1,1,2,1,1,0,1,0,4,0,7,0,1,5,3,0,1,3,3,1,2,2,0,3,0,3,0,4,0,2,2,5,0,6,1,3,0,1,0,4,1,0,1,1,2,1,1,1,1,0,3,4,5,1,1,0,2,1,0,5,0,6,3,0,3,4,1,0,1,1,1,3,0,0,3,0,0
ND_donor_02_cell_073,demo,ND_donor_02,ND,beta,9,8,5,7,6,7,9,5,8,14,9,8,6,8,8,12,7,4,12,3,5,5,6,4,6,6,1,1,0,3,2,2,2,2,5,5,2,4,3,3,0,2,3,2,1,1,1,2,3,1,0,0,3,4,1,1,1,4,5,0,2,2,0,1,3,4,0,1,2,2,2,1,4,2,1,1,3,1,5,6,4,4,4,0,1,0,7,1,1,0,0,1,4,2,1,4,1,1,2,1,3,1,2,2,2,2
ND_donor_02_cell_074,demo,ND_donor_02,ND,beta,68,68,59,61,76,65,64,67,56,61,1,1,0,1,1,1,0,0,0,0,9,7,8,10,6,11,3,1,2,1,5,1,5,0,2,2,4,2,3,3,1,3,0,2,3,1,0,1,2,3,4,0,2,2,5,0,0,0,3,1,3,0,2,4,2,1,4,2,0,1,0,3,2,1,0,1,1,3,3,0,3,0,7,3,0,1,1,4,0,2,2,1,1,0,4,0,1,1,1,3,2,2,1,0,4,3
ND_donor_02_cell_075,demo,ND_donor_02,ND,beta,64,86,75,68,57,51,62,57,68,61,0,0,2,0,0,0,3,2,2,2,7,11,8,14,7,10,3,0,1,3,2,1,1,3,3,1,2,5,1,0,0,1,4,2,1,1,0,2,0,4,2,1,7,2,4,5,0,2,2,1,0,1,2,1,5,2,1,0,1,3,3,0,2,6,0,0,2,1,3,3,0,2,0,1,3,4,1,2,1,8,1,0,0,3,1,3,3,2,0,3,2,3,1,1,2,0
ND_donor_02_cell_076,demo,ND_donor_02,ND,beta,19,26,20,18,31,24,27,22,22,24,0,3,3,1,2,2,0,1,1,4,4,6,6,7,8,10,2,1,2,0,2,1,2,1,2,3,1,4,0,1,0,0,6,7,1,2,2,2,0,1,1,0,3,5,1,2,2,0,4,0,1,3,1,4,1,2,2,4,2,2,2,3,0,0,0,2,2,2,1,4,0,0,0,1,5,0,2,1,2,5,3,4,1,4,0,4,0,1,0,1,1,5,0,2,1,0
ND_donor_02_cell_077,demo,ND_donor_02,ND,beta,62,53,56,63,55,42,62,48,60,55,0,1,2,0,1,0,0,0,0,0,9,10,6,12,7,7,2,0,2,2,5,2,0,4,4,0,0,7,2,0,1,0,4,0,1,2,3,0,2,1,0,3,3,3,2,3,1,6,1,1,1,2,0,2,1,1,2,2,0,0,1,1,0,0,2,1,1,1,5,2,2,1,2,0,3,0,2,5,2,2,1,3,2,2,2,2,1,4,0,0,0,2,2,2,1,0
ND_donor_02_cell_078,demo,ND_donor_02,ND,beta,38,46,35,33,45,39,34,28,35,30,1,0,1,1,1,0,0,1,2,0,6,5,6,8,7,5,0,3,3,2,0,1,0,1,1,3,2,1,2,0,2,6,0,1,2,0,1,1,3,1,1,3,1,3,2,0,0,2,3,0,7,4,1,1,1,1,0,1,1,1,0,1,3,2,3,1,1,3,2,1,1,0,4,3,2,1,0,0,1,2,2,4,0,0,4,5,0,4,5,2,2,2,6,2,1,3
ND_donor_02_cell_079,demo,ND_donor_02,ND,beta,40,40,32,34,25,35,34,30,36,35,1,5,2,4,1,3,2,1,1,1,8,7,4,3,8,10,3,0,1,2,3,0,1,1,3,1,0,0,0,1,3,0,2,3,4,0,0,1,0,1,3,1,2,1,0,2,2,2,5,2,4,1,2,1,0,1,3,4,1,0,1,1,0,1,3,1,2,4,1,1,0,2,1,0,0,4,2,5,1,1,1,1,0,0,2,5,1,5,1,1,0,2,6,2,1,0
ND_donor_02_cell_080,demo,ND_donor_02,ND,beta,21,20,25,25,32,31,23,35,18,20,5,1,2,1,3,2,1,2,3,2,3,5,4,4,4,8,0,2,4,1,0,2,4,0,5,1,0,3,3,1,2,0,1,1,2,1,0,3,1,1,2,0,1,2,2,3,1,0,1,2,1,2,1,1,1,2,2,2,2,0,1,1,0,2,3,4,1,3,1,4,1,2,0,3,2,0,0,3,1,1,2,4,1,1,1,0,2,2,1,1,3,6,1,3,1,1
ND_donor_02_cell_081,demo,ND_donor_02,ND,beta,43,33,41,43,39,30,42,39,35,35,3,1,0,1,0,4,2,1,1,5,9,5,12,8,10,12,0,4,2,2,2,4,1,5,1,0,6,2,0,1,0,3,1,1,0,1,4,2,1,1,1,6,0,3,2,1,3,2,2,1,1,1,3,0,1,3,0,0,1,0,2,3,5,2,2,0,2,0,4,1,5,0,0,2,4,1,0,2,1,4,3,3,2,5,0,0,2,4,1,4,3,6,2,1,1,2
ND_donor_02_cell_082,demo,ND_donor_02,ND,beta,57,53,66,69,54,71,60,59,94,49,0,0,1,0,0,0,0,1,0,1,7,12,2,10,14,8,1,1,3,1,0,1,2,0,1,2,2,2,3,1,3,0,0,1,1,1,1,1,1,0,6,3,1,1,4,1,3,1,0,0,3,1,3,0,3,1,0,0,2,0,0,2,1,1,1,2,3,0,0,0,1,2,0,5,0,2,2,3,4,1,5,0,0,3,0,1,4,0,0,4,1,3,1,0,2,2
ND_donor_02_cell_083,demo,ND_donor_02,ND,beta,38,41,30,32,38,32,35,32,22,31,2,3,3,2,1,3,1,1,1,0,4,8,6,11,2,8,2,2,1,2,4,0,3,5,4,1,3,0,0,1,1,3,4,1,1,5,3,0,3,2,1,1,1,1,0,1,1,5,3,0,1,1,4,2,3,0,3,1,5,3,1,4,1,3,2,0,0,1,1,1,4,1,1,2,4,1,6,3,0,0,1,0,1,1,1,1,1,2,1,2,0,1,0,1,2,0
ND_donor_02_cell_084,demo,ND_donor_02,ND,beta,48,57,40,58,51,59,37,49,47,47,1,0,1,1,0,0,1,2,0,0,10,9,13,9,7,3,3,1,0,2,3,4,0,1,1,0,1,5,1,1,1,4,2,1,0,3,1,4,0,1,0,0,3,2,1,1,3,3,1,2,7,1,2,0,1,0,3,1,0,5,1,0,2,0,2,2,0,1,1,0,1,1,3,1,2,2,5,3,2,1,0,2,2,1,1,2,0,2,2,2,0,2,0,3,2,2
ND_donor_02_cell_085,demo,ND_donor_02,ND,beta,26,30,29,23,31,23,29,29,33,37,4,1,3,2,1,0,1,2,1,0,10,7,8,6,9,2,0,2,1,1,4,0,2,1,0,7,3,0,2,2,0,0,4,1,3,1,1,2,0,7,3,1,1,0,4,1,3,1,3,4,1,3,3,1,1,4,5,1,1,3,3,1,3,1,2,1,2,2,1,3,2,3,1,2,0,0,0,1,3,5,3,0,1,0,0,0,2,2,4,2,4,0,1,4,2,0
ND_donor_02_cell_086,demo,ND_donor_02,ND,beta,35,24,36,38,33,29,37,37,33,33,0,2,2,3,1,1,0,1,3,1,7,2,7,7,11,7,0,1,5,0,1,1,1,0,0,1,5,2,3,3,5,3,3,0,2,1,0,2,2,2,1,1,2,1,2,6,3,0,1,2,2,2,0,0,2,0,3,1,1,2,2,1,1,3,1,0,0,3,1,1,2,3,2,3,3,1,0,1,2,0,2,2,5,0,2,0,2,1,2,1,0,2,1,2,0,2
ND_donor_02_cell_087,demo,ND_donor_02,ND,beta,12,10,9,5,16,7,5,8,9,10,7,7,6,5,14,4,8,6,3,7,4,7,1,0,1,11,2,3,6,0,3,3,3,1,1,6,2,2,1,4,2,3,5,1,5,3,0,0,2,1,0,1,5,1,3,3,1,3,1,3,1,0,0,0,1,4,2,3,2,5,1,6,1,1,2,0,4,4,1,2,0,1,2,3,3,2,2,1,2,2,0,0,1,1,0,2,0,0,1,4,3,1,2,7,1,2
ND_donor_02_cell_088,demo,ND_donor_02,ND,beta,91,79,81,91,49,81,81,76,85,82,0,0,0,0,0,0,0,0,1,0,12,11,11,3,14,8,1,1,0,2,1,1,2,0,1,1,0,0,0,1,1,1,2,4,2,3,4,4,0,0,0,0,1,0,0,2,1,1,1,0,5,2,5,1,3,2,2,1,1,2,5,2,2,1,1,1,2,0,2,0,3,1,1,1,3,2,0,1,1,0,4,1,1,2,0,7,1,1,1,5,3,4,5,3,1,2
ND_donor_02_cell_089,demo,ND_donor_02,ND,beta,116,146,120,128,139,134,134,141,132,125,0,0,0,0,0,0,0,1,0,0,12,10,10,11,8,6,1,4,0,0,2,2,3,1,0,3,0,2,3,4,2,5,2,1,2,1,3,1,1,2,1,3,2,1,4,2,1,0,2,2,3,4,2,0,3,1,2,2,3,0,0,3,3,5,5,1,1,1,4,2,1,5,4,1,2,0,0,4,2,0,0,1,3,2,0,0,3,0,0,2,1,3,0,1,0,6
ND_donor_02_cell_090,demo,ND_donor_02,ND,beta,22,27,40,41,25,35,32,20,27,33,0,1,3,1,0,3,3,0,2,1,6,9,9,8,5,7,0,1,1,0,2,2,3,2,1,5,2,1,1,6,0,1,2,2,1,1,4,0,3,3,3,3,2,6,1,3,1,1,0,1,1,0,1,0,0,1,1,3,1,1,2,3,3,3,3,0,1,2,2,3,2,1,3,2,3,2,2,1,5,0,1,3,2,2,1,1,0,2,0,2,2,1,1,2,4,0
ND_donor_02_cell_091,demo,ND_donor_02,ND,beta,28,28,31,29,25,23,19,25,38,35,0,2,2,1,1,3,0,1,1,0,3,9,5,8,6,1,2,2,0,3,1,2,2,5,2,2,0,0,1,2,1,0,1,1,2,6,1,1,3,0,1,0,2,4,1,2,0,2,0,4,3,2,2,2,0,1,1,2,0,0,3,3,1,0,3,0,0,0,2,2,3,2,1,0,3,1,2,0,0,1,1,1,3,5,1,0,1,0,0,3,2,2,0,2,3,1
ND_donor_02_cell_092,demo,ND_donor_02,ND,beta,21,12,15,20,14,19,25,21,16,17,2,3,0,2,0,2,4,0,2,3,2,4,5,3,3,8,2,2,0,0,4,6,3,0,1,3,5,2,1,0,1,3,0,0,2,0,3,1,3,2,5,1,3,1,3,3,2,0,3,6,3,1,5,4,2,1,4,0,2,3,5,0,5,4,1,0,2,1,0,2,0,1,1,1,0,6,5,0,3,2,0,1,5,0,0,1,7,1,2,1,1,2,3,2,4,4
ND_donor_02_cell_093,demo,ND_donor_02,ND,beta,41,47,54,43,37,35,51,39,42,46,1,0,2,0,1,1,2,0,1,0,6,4,2,13,5,7,2,1,1,1,1,1,0,1,1,5,2,3,1,4,0,2,2,1,1,3,0,3,1,1,1,3,1,2,1,1,6,1,2,0,1,1,0,1,1,3,0,1,1,2,4,0,1,5,3,3,4,1,1,0,2,4,0,3,2,1,0,4,0,1,0,2,0,2,5,5,1,1,0,2,2,3,0,0,0,5
ND_donor_02_cell_094,demo,ND_donor_02,ND,beta,17,16,26,22,22,17,30,15,18,23,2,4,1,3,4,0,4,0,5,3,6,2,5,9,4,4,5,2,5,2,2,1,2,2,2,2,2,0,2,3,0,0,3,3,1,0,0,2,2,1,7,1,4,2,2,0,0,3,5,1,2,1,1,5,1,1,2,2,1,2,1,3,1,2,2,0,2,1,1,2,3,2,0,1,2,2,0,0,1,1,2,2,0,2,0,4,1,2,1,5,4,1,4,3,2,4
ND_donor_02_cell_095,demo,ND_donor_02,ND,beta,17,8,24,10,9,9,14,13,16,13,4,2,2,8,7,9,5,5,6,6,5,1,4,3,9,7,2,4,0,1,2,0,1,1,0,3,3,0,0,1,0,2,1,1,0,2,1,0,0,2,1,6,0,0,0,2,6,1,1,0,1,7,0,3,0,3,2,2,0,0,3,1,0,1,1,2,4,3,4,1,5,4,1,0,0,0,7,4,3,2,3,0,1,3,0,2,2,1,2,3,1,2,1,1,2,1
ND_donor_02_cell_096,demo,ND_donor_02,ND,beta,28,34,32,34,46,21,32,49,35,38,1,3,1,3,0,1,2,1,2,3,6,4,11,8,8,5,0,1,1,0,2,1,2,0,3,0,3,3,0,2,1,4,2,3,1,2,1,3,4,1,0,2,2,3,2,3,2,5,1,0,3,2,1,2,4,2,2,0,5,1,1,2,1,0,1,2,2,1,1,0,1,1,3,0,2,2,1,2,1,1,1,2,0,1,1,0,2,3,1,0,2,2,1,2,1,2
ND_donor_02_cell_097,demo,ND_donor_02,ND,beta,26,28,26,16,17,20,26,20,19,30,4,2,2,3,1,2,2,2,1,0,6,7,2,8,6,7,1,0,2,2,1,0,1,2,3,2,1,2,1,4,1,4,2,4,5,2,3,0,2,2,3,2,2,1,3,4,2,2,1,2,0,2,4,0,1,3,3,2,2,2,1,3,0,0,1,0,1,1,3,1,3,4,2,3,1,2,1,2,0,0,2,4,1,2,2,5,1,3,3,1,0,5,2,2,7,2
ND_donor_02_cell_098,demo,ND_donor_02,ND,beta,10,15,7,13,13,14,9,13,10,9,7,4,10,6,9,1,5,4,9,4,5,8,11,5,5,3,0,2,3,3,1,2,3,3,3,2,3,1,1,3,2,0,1,0,3,2,2,1,2,0,1,3,0,2,3,2,0,2,1,0,1,3,2,3,1,3,4,3,1,1,2,3,3,1,4,1,1,2,2,0,2,2,0,1,2,0,0,0,4,2,5,3,1,1,0,0,1,6,0,2,1,0,3,1,3,0
ND_donor_02_cell_099,demo,ND_donor_02,ND,beta,47,59,54,66,63,53,65,66,51,54,1,0,2,0,0,0,2,2,0,0,5,9,12,10,7,12,2,2,2,2,2,5,1,1,0,0,4,4,4,7,2,0,0,1,2,2,3,2,2,2,3,0,0,3,0,2,0,0,0,0,2,0,2,3,3,1,3,3,1,3,1,1,1,4,0,4,1,5,2,1,1,1,5,1,1,0,4,2,1,0,0,0,1,0,1,4,1,2,5,3,0,1,0,1,3,1
ND_donor_02_cell_100,demo,ND_donor_02,ND,beta,50,34,44,52,38,39,50,37,46,37,1,7,2,1,1,4,3,0,2,1,9,10,13,11,7,3,1,1,5,2,0,3,0,2,1,1,1,0,6,1,1,0,1,5,1,4,1,6,2,2,0,0,0,4,7,0,4,1,3,1,1,1,0,3,0,1,2,1,0,4,1,1,3,1,4,2,2,2,3,2,1,2,2,0,1,3,0,1,4,0,1,3,1,1,2,0,1,0,4,4,2,5,0,1,1,1
ND_donor_02_cell_101,demo,ND_donor_02,ND,beta,59,56,51,62,54,57,50,58,46,54,1,2,1,1,1,3,0,1,0,0,6,5,12,7,15,12,1,4,4,1,5,0,3,0,1,0,3,2,3,2,2,2,2,2,1,1,1,3,3,1,2,2,2,0,4,0,3,0,1,1,3,1,0,1,0,2,3,0,1,1,0,0,3,3,6,0,2,2,7,1,3,1,0,3,2,1,3,2,3,3,6,3,4,3,0,4,1,2,4,3,4,4,3,1,2,1
ND_donor_02_cell_102,demo,ND_donor_02,ND,beta,34,36,33,32,37,35,32,37,27,38,1,4,0,2,0,3,3,0,1,0,6,12,11,2,9,14,1,2,3,1,1,1,1,2,1,3,1,3,1,2,1,0,0,2,3,1,2,0,2,1,4,4,2,3,3,3,1,2,0,0,3,2,2,2,1,2,1,1,2,5,3,0,1,0,0,1,0,3,3,3,2,8,1,0,0,0,0,1,4,3,2,0,0,1,0,1,0,1,1,0,3,1,2,5,4,1
ND_donor_02_cell_103,demo,ND_donor_02,ND,beta,67,93,103,96,80,80,94,82,120,97,0,0,0,0,1,1,0,0,0,0,9,7,17,6,11,10,4,4,1,0,3,1,2,5,1,1,0,0,1,2,0,1,1,1,4,1,3,1,1,1,1,3,2,0,3,1,0,3,1,0,2,1,2,1,2,4,1,1,1,1,3,4,2,1,1,1,3,2,2,3,2,0,3,8,0,1,1,1,0,1,3,1,0,1,1,1,3,2,1,6,1,1,9,5,0,1
ND_donor_02_cell_104,demo,ND_donor_02,ND,beta,73,79,62,69,70,58,71,75,86,85,1,0,0,0,0,0,0,1,0,0,7,6,9,11,8,7,2,2,5,3,1,1,5,0,1,2,2,0,2,2,1,0,0,2,2,0,4,1,1,4,1,1,3,2,1,0,1,0,1,0,2,2,1,0,1,0,2,7,0,5,1,5,0,5,1,5,0,3,4,5,2,2,2,1,4,2,2,3,1,1,1,1,2,1,2,0,0,5,1,0,1,3,1,2,0,5
ND_donor_02_cell_105,demo,ND_donor_02,ND,beta,25,17,14,28,20,19,17,16,18,14,2,1,4,2,0,0,1,2,1,4,7,5,9,7,3,8,3,4,0,1,0,0,2,2,1,1,3,3,2,0,2,3,0,1,0,0,1,0,0,0,1,5,0,3,1,2,1,1,5,1,3,1,2,1,1,0,1,2,3,3,5,4,2,0,1,6,3,2,0,1,4,4,3,2,0,1,3,1,1,1,0,4,0,4,0,3,4,2,3,1,1,2,5,4,2,1
ND_donor_02_cell_106,demo,ND_donor_02,ND,beta,78,86,77,87,79,70,73,81,78,68,0,1,0,1,1,0,1,0,2,0,6,5,7,7,12,8,3,0,3,4,1,2,0,6,2,2,3,4,3,1,1,3,1,1,1,1,0,2,0,1,2,0,1,3,4,0,1,1,0,3,0,2,3,2,3,1,4,2,2,3,3,2,3,4,4,5,1,3,3,2,0,2,1,2,4,0,4,1,4,0,1,0,6,1,2,0,3,1,2,0,1,1,1,1,0,2
ND_donor_02_cell_107,demo,ND_donor_02,ND,beta,35,36,58,58,39,54,55,55,46,46,0,2,0,1,1,0,1,0,2,0,8,3,7,10,9,5,3,1,2,2,2,1,2,2,0,5,2,1,1,1,0,0,1,2,4,1,2,1,5,1,4,0,1,2,2,1,1,0,0,2,1,1,1,1,0,0,2,3,1,1,1,0,3,3,4,2,3,2,0,1,1,2,2,1,2,6,0,0,2,2,0,2,1,2,3,2,1,0,2,0,1,1,1,1,1,1
ND_donor_02_cell_108,demo,ND_donor_02,ND,beta,23,28,24,21,18,29,20,19,33,26,0,0,4,6,2,5,1,1,2,5,12,12,7,7,4,7,2,4,1,3,1,2,0,2,1,1,1,1,1,2,1,1,5,0,5,6,0,5,2,6,4,1,4,0,5,3,0,1,1,2,0,2,1,3,4,0,1,2,3,0,0,0,1,3,1,0,1,1,1,0,1,2,1,0,2,1,1,0,3,2,2,1,5,2,1,4,1,3,2,0,2,1,2,4,1,3
ND_donor_02_cell_109,demo,ND_donor_02,ND,beta,26,17,18,20,15,27,15,15,28,22,3,2,1,6,2,3,3,6,4,6,6,5,6,0,6,3,3,2,0,1,1,1,2,3,2,1,1,1,0,3,1,1,4,2,0,0,1,1,2,0,2,1,0,1,2,1,0,1,0,0,2,6,1,1,2,1,2,0,4,1,1,0,1,5,1,5,3,0,1,0,5,0,2,1,0,7,0,2,2,1,0,1,2,1,3,0,2,4,3,1,1,1,1,2,2,0
ND_donor_02_cell_110,demo,ND_donor_02,ND,beta,25,21,25,39,21,25,20,22,33,19,2,0,2,1,1,0,2,1,2,4,12,2,6,5,7,8,1,0,1,1,3,3,3,1,1,1,2,1,1,3,2,4,1,3,0,1,1,6,1,1,5,2,1,1,4,2,2,1,0,2,0,5,5,2,3,1,1,1,2,0,0,4,1,1,0,0,3,1,4,0,1,0,2,5,2,2,4,5,3,2,1,0,2,1,2,0,2,5,2,0,3,1,0,0,0,2
ND_donor_02_cell_111,demo,ND_donor_02,ND,beta,9,14,12,12,19,13,14,17,9,7,2,5,5,5,7,3,3,0,9,2,5,6,5,4,6,3,2,2,0,1,0,1,0,3,1,1,2,3,3,1,2,1,1,1,3,2,2,2,0,0,1,2,1,0,5,1,1,1,0,4,2,1,0,2,0,0,1,2,0,5,2,1,3,1,4,1,1,1,0,1,2,4,0,2,1,1,2,0,5,5,1,0,2,0,0,2,1,0,3,0,0,1,0,2,4,1
ND_donor_02_cell_112,demo,ND_donor_02,ND,beta,21,18,27,24,21,30,19,19,20,19,1,2,3,3,4,4,4,6,2,3,9,7,10,6,6,3,1,6,2,0,0,3,1,0,6,3,1,1,4,0,2,4,1,0,2,1,1,1,0,1,2,3,0,1,1,3,2,0,1,0,3,0,5,2,0,0,3,3,1,1,0,3,1,0,2,4,4,2,3,2,4,0,0,0,0,3,4,4,3,5,3,3,1,0,0,0,0,2,0,2,1,4,1,8,0,4
ND_donor_02_cell_113,demo,ND_donor_02,ND,beta,16,22,19,20,11,16,11,17,17,13,1,4,2,2,2,3,3,3,5,3,7,10,3,5,4,3,1,2,2,4,1,3,5,1,2,1,0,1,2,2,3,1,2,1,1,1,5,2,1,2,4,0,1,1,3,2,5,2,0,0,0,1,1,4,2,2,0,2,3,3,2,1,1,0,2,0,3,0,1,3,2,2,1,2,1,3,0,1,1,0,2,1,0,0,1,1,1,3,3,1,0,2,1,1,3,0
ND_donor_02_cell_114,demo,ND_donor_02,ND,beta,39,22,17,35,26,21,38,25,21,38,0,0,1,3,3,1,2,0,3,2,6,6,4,5,7,3,3,1,2,0,1,5,2,3,4,0,1,0,3,1,2,4,3,1,1,1,1,2,1,0,4,1,1,1,2,1,2,2,2,3,0,2,2,2,0,2,2,4,0,3,2,1,2,0,1,0,1,1,1,2,4,2,0,3,2,0,2,0,1,4,0,3,4,0,4,1,3,1,0,2,1,1,0,2,2,3
ND_donor_02_cell_115,demo,ND_donor_02,ND,beta,10,9,12,11,12,9,14,12,14,13,5,7,7,1,8,2,3,8,4,6,11,9,9,2,0,8,1,2,0,2,2,3,2,2,3,3,2,1,1,1,2,3,3,2,3,1,1,1,4,4,0,4,2,1,1,0,4,2,5,0,1,1,0,2,2,1,1,1,0,5,0,0,2,3,1,0,2,0,0,3,1,5,1,2,1,0,1,4,1,0,1,4,1,5,1,2,1,1,3,2,1,1,4,1,2,2
ND_donor_02_cell_116,demo,ND_donor_02,ND,beta,32,30,28,28,20,35,27,25,36,29,1,0,1,1,2,1,1,1,4,2,10,6,10,8,5,5,2,1,2,2,0,1,3,1,1,3,1,4,1,1,2,0,2,2,0,0,0,1,1,6,2,5,0,0,3,2,1,3,2,2,3,3,0,1,0,0,3,2,0,3,8,1,1,5,0,1,3,0,4,4,0,1,1,1,3,6,2,2,1,1,1,1,1,2,3,0,2,1,4,3,4,4,4,0,4,4
ND_donor_02_cell_117,demo,ND_donor_02,ND,beta,34,23,33,29,29,38,38,26,36,32,0,0,0,2,1,1,3,2,1,0,8,2,4,7,7,10,0,2,3,2,2,1,0,3,1,1,1,1,0,3,2,1,3,0,3,2,0,2,4,4,2,2,5,2,2,7,0,1,2,2,0,1,0,0,2,2,1,7,1,4,0,4,6,3,2,4,1,0,1,0,1,1,1,2,1,5,0,2,2,1,3,4,4,2,3,3,0,4,5,1,0,0,1,1,5,3
ND_donor_02_cell_118,demo,ND_donor_02,ND,beta,80,75,68,85,67,69,78,96,78,66,0,0,0,1,2,0,0,0,0,1,13,9,10,9,16,16,4,1,4,1,2,1,1,1,1,4,3,3,4,2,0,0,3,1,0,1,1,3,2,0,2,0,3,2,3,3,0,1,1,5,1,3,0,1,2,2,3,3,3,2,0,1,1,4,0,3,1,2,5,2,1,2,1,2,1,2,2,1,2,4,0,1,1,3,2,5,1,4,1,3,0,0,2,4,4,0
ND_donor_02_cell_119,demo,ND_donor_02,ND,beta,58,59,68,62,56,84,73,59,54,68,0,2,0,0,0,1,0,0,1,1,11,5,4,10,5,9,3,2,2,1,1,1,1,1,0,2,4,0,4,0,1,3,1,1,0,1,1,0,0,4,1,5,2,1,2,0,1,2,3,0,3,1,2,0,3,4,1,0,2,3,3,1,1,0,0,1,0,4,2,1,0,2,2,3,3,4,2,2,5,4,0,1,2,1,0,6,4,0,1,1,0,1,1,1,1,0
ND_donor_03_cell_000,demo,ND_donor_03,ND,beta,23,28,20,22,21,34,17,26,22,26,1,0,1,1,1,3,2,1,2,1,9,6,10,13,3,6,2,1,0,1,1,6,2,2,1,2,1,6,2,3,5,0,5,5,3,0,4,3,1,2,1,3,0,2,1,1,3,2,1,3,0,3,1,2,1,5,0,1,1,1,3,1,1,2,0,1,2,0,3,2,5,5,0,6,2,6,1,2,0,2,2,6,1,3,3,0,1,1,3,1,1,1,3,1,0,3
ND_donor_03_cell_001,demo,ND_donor_03,ND,beta,18,26,23,22,35,13,20,28,22,25,3,3,1,4,3,1,7,5,2,2,8,11,2,6,8,6,2,1,0,2,0,3,4,3,1,5,0,1,0,1,0,1,3,2,2,0,1,1,0,1,0,2,0,4,1,5,1,3,0,0,1,4,0,2,2,2,5,1,1,3,4,1,2,1,2,1,2,0,0,2,3,2,0,0,0,1,1,2,1,1,1,2,1,1,2,2,1,4,1,1,2,0,2,0,4,1
ND_donor_03_cell_002,demo,ND_donor_03,ND,beta,21,18,13,13,17,12,17,18,10,15,1,3,5,0,2,2,1,3,6,1,6,5,5,9,6,3,0,2,0,0,3,3,1,2,0,2,2,0,0,5,3,0,1,0,0,2,0,2,0,2,3,1,5,0,5,0,1,0,1,1,2,1,1,2,5,2,5,4,3,3,2,1,0,1,3,3,4,2,3,0,2,1,5,1,1,1,1,0,1,1,2,0,2,3,5,0,2,2,1,2,1,2,1,5,5,2
ND_donor_03_cell_003,demo,ND_donor_03,ND,beta,29,30,29,31,36,25,27,44,46,31,5,2,1,1,0,1,5,3,0,3,9,3,4,6,5,6,5,0,2,2,5,1,1,2,4,3,3,4,5,1,2,1,1,1,1,1,1,4,5,3,4,3,0,1,1,2,3,6,1,1,3,5,0,1,2,1,4,2,0,1,1,1,1,1,2,0,5,1,2,1,0,2,2,1,3,2,0,4,1,2,1,2,4,2,1,0,0,1,0,2,2,3,5,3,8,2
ND_donor_03_cell_004,demo,ND_donor_03,ND,beta,37,43,29,24,46,35,36,35,48,35,3,1,1,0,1,2,2,0,1,0,7,5,8,6,7,11,3,2,1,2,1,2,1,1,1,0,1,2,5,2,0,0,3,5,0,2,0,2,2,0,2,0,2,4,0,3,1,1,4,3,7,3,2,0,2,2,2,0,1,1,4,1,1,2,2,3,2,0,4,2,2,0,1,0,1,3,0,1,0,2,0,1,3,1,1,2,3,3,2,2,1,2,2,1,2,3
ND_donor_03_cell_005,demo,ND_donor_03,ND,beta,3,9,5,8,6,5,6,7,11,9,8,7,7,4,4,5,9,9,7,10,2,5,4,7,4,6,2,0,1,0,2,0,2,2,1,0,3,0,1,1,2,0,2,3,1,4,1,1,2,4,1,0,1,1,2,1,2,1,5,1,1,1,2,2,0,2,2,0,3,4,0,2,3,0,0,3,1,8,2,2,1,0,2,2,0,1,2,4,3,0,3,1,2,0,1,0,2,1,3,1,3,2,1,3,4,3
ND_donor_03_cell_006,demo,ND_donor_03,ND,beta,23,18,22,19,21,27,11,18,15,15,3,4,2,2,1,1,2,2,3,3,12,7,4,8,6,4,2,0,4,0,1,1,2,4,0,1,3,1,4,3,0,2,1,2,1,0,0,2,0,2,1,0,1,1,1,0,0,1,4,0,3,1,4,1,2,3,0,0,2,2,3,2,2,2,0,0,1,5,1,1,1,2,0,1,3,1,3,2,1,1,3,0,5,0,1,0,7,2,1,3,1,2,5,1,1,3
ND_donor_03_cell_007,demo,ND_donor_03,ND,beta,59,58,63,57,60,69,57,52,74,65,1,1,1,1,0,1,0,1,0,2,10,6,9,9,7,6,0,0,3,2,0,0,3,0,6,3,2,2,1,1,2,1,1,1,3,0,2,1,1,1,1,1,1,0,1,3,2,2,2,1,2,2,2,1,4,4,1,2,1,1,0,3,1,5,2,1,3,1,2,0,4,1,1,1,0,1,1,1,2,1,1,1,3,0,1,6,1,2,1,1,1,0,1,1,3,2
ND_donor_03_cell_008,demo,ND_donor_03,ND,beta,19,21,27,21,26,17,18,20,14,14,3,4,4,7,2,2,6,3,2,4,12,7,3,7,5,9,3,3,3,1,2,1,2,1,2,1,1,1,1,5,4,4,1,1,3,1,5,7,2,1,3,1,0,5,2,4,0,0,0,2,4,2,3,1,1,0,2,2,3,1,1,0,2,2,2,5,1,3,1,0,2,1,2,2,1,0,4,2,3,1,2,1,1,3,2,1,3,1,1,2,3,2,0,0,2,3
ND_donor_03_cell_009,demo,ND_donor_03,ND,beta,16,8,20,14,19,15,11,15,16,18,3,4,4,8,5,2,2,7,4,4,3,5,5,7,4,2,0,0,1,1,1,3,0,0,3,0,3,2,3,1,0,0,1,1,4,1,1,3,0,3,1,4,1,1,9,2,2,0,3,0,3,0,0,3,0,2,1,0,1,5,2,1,3,0,3,0,3,1,1,3,2,0,4,0,1,0,1,0,4,2,4,0,0,1,1,2,1,0,2,1,1,3,2,2,2,1
ND_donor_03_cell_010,demo,ND_donor_03,ND,beta,47,37,42,46,52,46,52,38,42,55,2,1,2,1,2,1,2,1,0,1,6,8,9,16,5,8,2,2,2,4,2,0,0,0,0,2,1,1,1,0,0,0,2,0,3,0,3,5,0,1,1,1,5,3,5,2,2,1,1,1,2,1,0,3,1,2,0,2,4,4,2,1,2,2,3,4,2,1,1,0,3,1,5,1,1,0,2,0,2,2,6,3,3,0,0,2,6,0,1,2,2,1,0,1,2,2
ND_donor_03_cell_011,demo,ND_donor_03,ND,beta,45,45,49,38,48,39,45,30,54,45,3,0,1,1,1,1,2,3,1,0,4,5,10,4,6,13,2,1,3,0,1,2,1,1,6,2,0,2,0,7,0,0,1,2,3,1,4,2,4,2,1,2,2,1,1,3,4,3,0,1,0,1,2,0,0,0,2,1,0,2,2,2,1,1,1,0,3,3,2,0,1,0,0,1,4,0,2,0,0,4,3,1,1,0,4,0,0,1,0,1,1,0,2,3,0,1
ND_donor_03_cell_012,demo,ND_donor_03,ND,beta,34,37,34,35,35,33,32,34,26,33,2,1,4,3,1,0,0,2,2,0,14,13,6,8,13,6,1,3,3,1,0,0,4,3,2,0,3,3,1,0,4,0,1,1,1,0,0,1,2,1,2,2,5,2,3,2,0,2,1,0,3,2,1,3,4,5,3,1,3,1,3,0,3,1,1,3,1,3,1,1,3,2,1,2,5,3,1,1,1,2,2,1,4,2,1,0,1,1,7,1,4,2,1,1,2,0
ND_donor_03_cell_013,demo,ND_donor_03,ND,beta,29,15,19,19,18,24,21,16,16,17,1,2,3,1,0,2,1,1,0,1,4,5,3,5,4,7,5,0,3,1,2,0,4,0,0,1,3,0,0,2,5,2,1,1,2,2,1,0,2,1,2,0,0,0,2,1,5,2,5,0,5,5,0,1,2,0,3,3,3,1,2,1,0,1,3,3,2,5,1,4,0,0,4,0,3,2,1,2,2,3,1,0,2,2,0,2,1,2,1,1,0,4,2,2,3,0
ND_donor_03_cell_014,demo,ND_donor_03,ND,beta,15,14,18,14,20,12,14,18,15,15,4,0,2,3,3,3,4,3,2,3,6,10,1,8,5,3,1,0,3,2,2,0,6,0,2,2,0,1,2,1,2,5,1,2,3,1,1,4,1,0,1,4,0,0,0,3,2,0,0,0,4,2,4,0,2,2,2,4,0,4,1,2,2,1,2,0,2,3,4,3,2,3,2,2,2,2,3,4,4,4,1,0,0,4,0,2,2,0,4,1,0,5,1,2,2,1
ND_donor_03_cell_015,demo,ND_donor_03,ND,beta,15,25,32,20,28,27,26,29,27,19,1,4,2,4,1,4,3,4,6,4,2,7,4,5,5,5,3,3,0,0,3,3,0,3,2,3,0,2,0,2,1,1,1,0,1,1,1,3,0,0,4,0,1,1,0,0,0,2,1,0,3,4,1,3,1,4,4,2,0,0,4,1,1,1,2,0,3,2,0,2,2,2,2,2,0,1,1,2,2,0,2,4,3,2,1,0,0,0,1,2,0,0,1,1,3,7
ND_donor_03_cell_016,demo,ND_donor_03,ND,beta,42,22,27,33,29,26,35,29,34,38,2,1,2,2,1,2,2,4,1,2,8,10,8,12,5,4,2,2,0,3,2,1,1,3,1,1,2,0,0,2,1,4,1,0,2,1,2,1,1,5,2,0,2,4,1,0,4,3,1,5,2,1,0,0,0,0,2,1,0,2,1,2,0,1,2,4,3,4,2,2,1,1,2,1,1,1,0,2,0,3,3,1,2,2,5,2,2,2,1,2,1,1,7,3,3,0
ND_donor_03_cell_017,demo,ND_donor_03,ND,beta,47,46,44,49,55,44,50,67,54,67,0,1,0,2,1,0,3,0,0,1,8,6,9,11,7,7,0,2,0,1,3,2,1,2,1,3,2,2,1,0,0,1,4,2,8,2,2,0,2,0,3,3,3,4,1,2,2,0,0,3,2,1,2,1,2,1,0,0,0,0,1,1,1,4,6,1,4,1,1,1,3,3,0,0,2,4,0,0,0,1,0,2,2,1,2,1,0,3,0,1,2,1,0,1,0,1
ND_donor_03_cell_018,demo,ND_donor_03,ND,beta,21,14,15,19,22,29,34,22,18,25,0,1,1,2,0,1,3,2,0,1,12,2,11,9,8,6,1,0,2,0,3,5,1,2,2,2,2,2,3,3,1,3,2,1,0,3,0,4,3,4,1,2,2,1,5,0,0,6,1,1,2,3,1,0,3,5,3,4,1,4,4,0,2,3,0,2,1,4,1,1,1,1,3,1,0,2,1,1,5,3,1,0,4,4,2,2,0,4,3,3,3,1,2,6,1,6
ND_donor_03_cell_019,demo,ND_donor_03,ND,beta,110,100,90,99,105,103,95,94,102,104,0,0,0,1,1,0,1,0,0,0,12,10,10,16,11,14,2,1,1,3,3,0,3,0,1,0,1,1,2,0,1,1,0,2,1,0,0,2,1,3,1,2,2,2,3,2,2,3,2,2,1,3,0,3,3,1,1,2,1,2,4,1,4,2,1,0,1,2,1,1,1,2,4,0,3,1,0,4,1,1,0,1,2,1,4,0,2,0,2,2,1,0,2,1,1,0
ND_donor_03_cell_020,demo,ND_donor_03,ND,beta,26,29,33,30,25,31,33,37,40,32,2,3,4,0,1,2,1,2,1,2,7,1,9,5,14,11,5,1,2,2,1,1,1,2,3,0,2,2,1,1,1,0,2,2,1,2,4,2,1,2,0,4,2,2,1,2,2,3,2,3,1,2,0,3,0,1,1,1,1,1,5,4,5,1,2,3,3,0,0,0,0,3,3,4,2,1,1,2,2,0,4,2,4,1,1,1,2,1,1,1,5,2,3,2,0,2
ND_donor_03_cell_021,demo,ND_donor_03,ND,beta,32,36,27,30,29,23,33,29,36,30,1,1,0,2,0,1,2,1,2,1,6,7,7,2,9,4,0,4,5,0,2,0,3,2,0,1,2,5,2,3,2,0,1,2,1,1,5,1,2,0,1,0,3,0,2,1,1,1,1,0,2,0,1,1,0,2,1,0,1,4,0,3,2,0,3,0,1,3,0,2,2,6,0,2,2,2,3,0,1,1,0,0,2,1,2,1,2,4,0,2,0,3,3,2,0,2
ND_donor_03_cell_022,demo,ND_donor_03,ND,beta,45,53,53,55,42,53,61,48,45,42,3,0,1,0,1,1,1,0,0,1,11,6,6,12,3,5,6,1,4,2,2,0,2,1,2,0,1,2,1,1,0,4,1,3,1,1,1,0,2,6,3,0,5,1,2,1,6,2,3,1,1,1,1,0,2,1,0,0,2,1,5,1,0,5,1,3,3,0,2,0,2,1,2,0,1,0,3,2,1,4,2,1,0,4,1,2,0,1,3,0,0,1,1,1,0,1
ND_donor_03_cell_023,demo,ND_donor_03,ND,beta,43,34,38,33,34,31,33,35,43,31,2,1,2,0,1,1,4,1,3,1,12,13,3,7,6,10,3,2,1,2,3,2,1,2,1,2,2,2,2,2,1,1,2,3,3,3,0,0,0,2,1,2,1,1,1,1,0,1,1,3,1,1,1,2,4,1,3,1,4,2,1,0,0,2,1,4,3,2,2,4,2,5,2,1,3,1,2,3,2,1,2,1,0,4,2,3,8,0,0,0,3,3,1,1,0,2
ND_donor_03_cell_024,demo,ND_donor_03,ND,beta,70,55,68,42,52,58,62,67,56,52,1,2,3,0,2,3,2,0,1,0,9,3,12,9,9,4,2,0,3,1,0,1,2,1,1,0,5,5,1,1,2,1,0,2,2,2,1,0,2,2,0,2,0,0,0,3,1,4,1,1,1,3,2,4,2,1,2,3,2,3,3,0,3,5,3,0,1,0,0,3,0,3,4,0,1,0,0,1,4,1,4,1,3,4,1,3,0,5,1,2,0,1,3,5,3,3
ND_donor_03_cell_025,demo,ND_donor_03,ND,beta,57,53,43,51,53,38,49,56,48,46,1,2,0,0,2,0,2,2,3,0,11,11,4,8,9,11,3,1,2,0,0,2,0,1,0,0,1,1,2,1,2,1,3,1,4,6,0,3,5,0,0,3,1,1,4,2,0,1,0,1,4,0,3,0,1,2,2,2,0,0,0,4,1,2,1,0,2,1,0,2,0,4,5,3,1,1,3,0,2,0,1,0,0,1,3,0,4,3,1,2,0,3,3,0,6,3
ND_donor_03_cell_026,demo,ND_donor_03,ND,beta,26,29,35,35,31,28,35,35,30,32,0,0,2,2,1,2,2,1,1,0,6,6,7,10,12,4,1,2,2,3,3,0,4,2,0,2,1,2,1,0,2,0,4,1,5,3,1,2,2,2,1,2,4,0,2,1,2,0,2,2,2,1,2,0,0,2,2,2,2,5,2,4,2,2,1,2,4,1,1,0,1,0,0,0,1,3,5,1,1,3,2,1,3,0,1,2,2,0,2,2,2,2,2,0,4,2
ND_donor_03_cell_027,demo,ND_donor_03,ND,beta,30,22,27,22,29,27,28,24,27,26,1,3,5,2,3,0,6,2,3,2,5,8,8,6,3,2,1,3,3,1,5,0,0,2,4,3,2,2,0,3,1,1,5,2,1,7,2,0,2,3,2,3,2,1,1,4,1,1,3,2,0,3,2,3,4,2,1,2,1,4,1,1,1,3,4,0,1,5,1,1,2,5,3,0,0,1,4,3,1,3,0,1,1,1,1,2,3,1,2,1,4,5,1,3,1,1
ND_donor_03_cell_028,demo,ND_donor_03,ND,beta,22,11,24,16,16,24,20,11,10,18,2,4,6,1,6,2,4,0,3,2,5,3,5,3,6,3,1,0,3,1,3,0,0,2,0,0,0,4,1,3,3,2,1,3,8,3,0,0,2,0,1,4,2,3,2,0,1,1,0,3,1,2,3,1,1,0,2,5,1,0,3,2,5,0,0,1,4,3,2,3,2,1,0,1,0,3,3,3,0,2,2,1,2,4,0,0,6,1,1,1,2,0,2,0,0,0
ND_donor_03_cell_029,demo,ND_donor_03,ND,beta,17,11,17,11,17,22,17,19,21,15,2,4,1,2,4,0,6,2,4,1,6,6,5,2,3,5,1,0,1,2,0,2,0,1,1,0,0,0,1,2,2,0,2,2,1,2,2,0,5,2,1,1,0,1,2,2,1,3,3,3,2,2,2,2,5,3,0,0,3,1,1,1,0,1,5,0,0,0,4,0,3,3,1,4,4,1,2,3,3,1,2,2,3,0,2,3,1,3,3,2,1,1,1,2,5,0
ND_donor_03_cell_030,demo,ND_donor_03,ND,beta,28,31,26,29,23,27,29,35,29,35,5,2,2,0,2,2,1,0,2,1,4,6,9,4,9,8,1,3,2,3,1,2,2,3,1,0,4,2,4,1,2,3,3,0,1,2,2,4,1,1,2,1,2,1,2,0,2,1,3,3,1,4,4,2,4,0,1,1,1,2,1,0,2,3,2,1,2,2,1,1,2,2,3,0,1,2,1,3,0,0,1,4,1,3,0,2,2,1,0,1,1,1,5,1,1,2
ND_donor_03_cell_031,demo,ND_donor_03,ND,beta,56,46,62,47,45,53,66,42,69,41,1,0,0,1,0,0,0,1,0,0,6,8,9,10,10,10,2,1,3,1,1,0,3,2,2,1,0,3,2,0,2,0,4,2,1,1,1,1,2,1,0,2,3,3,0,1,0,1,4,5,4,1,1,2,1,4,1,0,1,5,5,3,1,1,1,0,2,3,1,1,5,2,6,4,5,1,5,1,1,1,0,3,1,6,2,2,0,3,2,3,0,1,1,3,0,0
ND_donor_03_cell_032,demo,ND_donor_03,ND,beta,28,32,30,30,21,22,34,18,19,31,1,3,0,0,2,1,2,1,0,2,14,5,8,5,6,5,0,0,0,2,1,5,0,3,0,1,0,2,0,0,0,1,1,0,1,1,1,2,1,2,0,1,1,1,1,1,3,1,5,0,0,2,1,2,1,3,0,0,4,3,1,2,1,2,2,4,1,1,1,3,7,3,1,1,5,1,2,3,2,1,3,0,1,0,0,1,0,0,3,1,1,1,3,2,2,2
ND_donor_03_cell_033,demo,ND_donor_03,ND,beta,25,30,17,23,13,25,21,21,20,22,1,1,4,2,4,3,4,1,3,1,8,7,3,12,7,8,2,4,0,4,1,4,1,1,4,4,0,1,4,2,5,2,0,2,4,0,2,1,2,2,0,0,0,4,7,0,2,5,1,3,1,0,2,2,2,1,0,2,5,0,1,2,0,1,0,3,1,0,0,2,3,1,0,0,0,1,0,2,1,2,4,3,3,1,2,2,3,3,1,0,1,1,1,3,1,3
ND_donor_03_cell_034,demo,ND_donor_03,ND,beta,27,27,32,26,26,39,22,20,19,23,3,0,0,2,4,0,2,1,2,0,7,5,4,10,2,8,0,3,3,1,2,1,4,0,1,1,2,1,0,6,0,0,0,2,0,2,1,0,3,1,2,3,0,3,0,4,1,0,3,1,0,1,1,0,0,3,5,5,1,2,3,1,2,4,0,3,0,2,0,3,0,2,6,0,2,2,1,4,0,1,1,1,0,1,2,5,0,0,1,0,1,0,0,1,0,1
ND_donor_03_cell_035,demo,ND_donor_03,ND,beta,26,33,26,38,33,19,31,26,40,32,5,1,0,4,2,2,0,0,5,1,9,4,7,13,9,8,1,0,2,2,1,0,1,1,1,1,1,6,0,0,1,0,1,5,1,4,4,0,3,4,1,1,2,0,3,1,6,5,0,3,3,2,1,0,1,5,2,1,3,0,1,3,2,1,7,4,0,0,0,3,4,0,4,2,1,0,3,0,4,0,2,3,3,1,2,4,7,3,1,1,2,5,0,1,1,2
ND_donor_03_cell_036,demo,ND_donor_03,ND,beta,16,21,22,13,28,13,15,20,23,19,4,5,5,2,2,5,2,4,4,6,3,5,3,8,6,3,0,1,1,1,4,1,2,1,3,0,1,1,1,4,3,2,3,2,1,2,0,10,2,0,1,1,3,5,1,3,4,0,3,0,4,0,1,1,3,3,2,5,2,0,3,1,3,2,2,3,1,1,1,1,0,1,5,5,3,4,2,1,2,2,0,0,0,4,3,3,1,3,2,1,2,2,1,0,0,0
ND_donor_03_cell_037,demo,ND_donor_03,ND,beta,18,22,25,19,18,17,28,17,22,23,1,0,1,3,2,3,1,1,1,4,6,3,6,9,10,4,3,0,2,0,1,0,2,2,2,2,0,0,1,0,2,1,1,2,0,3,2,2,1,4,3,3,2,1,2,0,3,4,0,2,0,0,3,2,3,1,5,1,3,0,0,1,5,0,1,4,1,4,2,5,2,2,4,3,1,1,0,0,2,5,2,0,3,1,2,2,1,2,0,2,0,1,0,4,5,0
ND_donor_03_cell_038,demo,ND_donor_03,ND,beta,21,21,27,21,25,26,30,19,31,33,0,2,1,2,4,2,5,3,1,2,11,4,5,8,6,6,1,3,1,2,2,0,2,0,1,6,0,0,4,1,6,1,4,0,1,0,1,3,1,0,2,3,4,4,2,0,2,2,2,0,0,6,5,3,0,0,3,1,2,2,4,4,1,1,0,3,0,2,0,0,5,4,1,0,2,0,2,1,0,1,4,0,0,5,1,0,2,0,0,1,2,1,2,1,0,2
ND_donor_03_cell_039,demo,ND_donor_03,ND,beta,21,29,21,21,18,28,11,21,20,22,0,3,1,2,1,0,3,2,4,0,3,5,4,4,4,4,5,2,0,0,3,1,3,1,4,1,1,2,0,0,2,3,1,5,2,2,1,3,1,1,3,5,0,2,2,2,0,2,2,3,1,5,3,1,3,3,1,0,1,1,2,0,0,1,0,1,2,4,0,2,1,0,1,3,2,1,1,1,0,1,2,0,1,1,2,5,0,7,1,0,0,0,2,0,3,5
ND_donor_03_cell_040,demo,ND_donor_03,ND,beta,23,24,31,32,22,33,25,20,31,31,2,0,5,2,2,1,3,2,1,1,7,8,9,9,7,11,3,0,2,3,1,2,1,2,5,4,1,2,0,1,1,1,1,2,4,3,0,2,1,5,0,3,2,6,1,5,2,1,4,1,2,3,2,1,1,2,0,0,4,0,1,2,4,0,1,2,0,0,2,3,2,2,2,2,0,3,0,0,3,2,1,5,5,3,2,1,2,2,3,3,1,5,2,5,5,2
ND_donor_03_cell_041,demo,ND_donor_03,ND,beta,33,37,43,32,27,30,30,27,36,35,0,0,0,4,3,0,1,3,1,4,10,3,4,6,9,7,0,4,0,2,3,3,0,1,3,2,1,0,1,2,2,2,0,4,2,2,2,3,3,0,1,0,1,2,3,1,0,1,1,1,1,2,2,1,2,1,2,6,0,0,2,2,1,3,0,0,6,1,2,1,3,2,0,1,1,4,1,1,4,1,0,3,0,2,1,1,1,2,3,1,6,1,0,1,4,6
ND_donor_03_cell_042,demo,ND_donor_03,ND,beta,51,53,59,53,36,51,44,69,58,71,0,2,0,1,0,0,2,1,0,1,11,8,10,4,15,7,0,3,7,0,3,4,2,1,2,3,0,0,0,1,1,0,2,3,2,1,0,1,0,6,0,2,7,4,1,0,1,0,1,1,1,0,0,1,0,3,0,3,1,1,0,3,2,2,5,5,1,1,2,0,0,5,1,3,6,3,2,3,1,2,2,3,0,1,2,2,5,0,0,1,1,2,2,4,0,0
ND_donor_03_cell_043,demo,ND_donor_03,ND,beta,21,25,23,27,26,18,19,29,22,17,3,1,1,1,3,5,2,3,2,5,3,7,4,14,3,3,0,3,2,0,1,1,1,2,2,2,3,3,1,2,0,0,2,1,1,2,2,1,1,1,4,0,2,1,0,1,2,0,2,2,1,0,4,3,0,0,1,1,0,3,2,2,1,0,0,0,0,5,0,0,0,3,0,1,1,0,1,2,4,3,4,0,3,4,3,3,0,1,7,3,1,2,0,0,4,6
ND_donor_03_cell_044,demo,ND_donor_03,ND,beta,14,10,12,11,19,8,11,12,14,14,7,3,3,9,7,7,4,9,2,4,7,4,2,3,11,3,5,1,3,7,2,3,4,0,0,4,2,2,2,3,1,6,0,2,2,2,1,1,0,2,1,1,2,0,0,0,2,4,4,0,0,1,0,1,0,0,0,1,1,0,0,2,3,2,0,4,1,4,1,0,1,0,7,3,1,5,5,1,4,3,0,3,0,5,2,0,2,3,1,3,3,1,4,1,3,2
ND_donor_03_cell_045,demo,ND_donor_03,ND,beta,47,25,27,38,35,30,25,35,39,38,2,0,1,0,3,0,1,2,2,1,4,9,9,7,8,6,0,3,3,2,2,2,3,2,1,2,1,1,1,0,3,1,3,2,1,0,3,0,0,5,2,1,1,3,3,1,0,2,2,0,0,3,2,1,1,1,1,6,4,4,1,1,1,4,2,1,1,1,1,4,2,6,1,4,0,1,3,0,2,0,3,0,4,5,2,1,1,0,4,3,2,1,4,1,2,2
ND_donor_03_cell_046,demo,ND_donor_03,ND,beta,21,20,28,29,31,30,22,26,22,29,1,2,4,0,3,1,2,1,2,1,6,9,2,2,5,4,4,1,3,2,3,0,4,5,0,1,2,0,1,1,5,0,2,4,1,1,1,1,2,1,3,1,2,0,0,1,2,0,4,2,1,2,0,1,0,4,3,5,2,2,1,2,4,3,0,2,1,0,1,1,2,0,2,4,0,1,1,1,1,3,2,4,2,0,0,2,2,2,2,1,0,0,2,0,3,5
ND_donor_03_cell_047,demo,ND_donor_03,ND,beta,36,32,25,33,40,48,35,30,41,37,1,0,1,0,1,0,1,1,1,1,9,3,5,10,8,8,1,0,5,0,4,1,1,3,1,1,0,1,3,5,0,2,2,0,2,1,1,1,0,3,0,1,0,3,0,1,1,2,0,5,2,0,1,3,3,4,3,2,1,2,1,2,1,0,0,3,2,2,1,2,1,0,0,0,0,1,1,2,2,0,2,4,0,3,4,3,6,2,1,0,0,1,2,2,0,5
ND_donor_03_cell_048,demo,ND_donor_03,ND,beta,35,33,35,34,39,38,36,44,27,35,1,4,2,2,3,1,2,3,2,3,9,5,6,3,6,9,2,3,1,1,1,4,0,0,4,3,1,1,3,7,2,2,3,3,4,1,1,2,2,1,0,2,5,3,2,1,1,1,2,2,2,4,4,3,5,0,1,2,1,0,0,1,0,2,2,5,3,2,3,2,3,0,3,3,1,3,2,1,2,2,0,2,2,4,2,1,2,2,1,1,2,0,1,3,0,2
ND_donor_03_cell_049,demo,ND_donor_03,ND,beta,24,25,32,26,26,21,23,30,25,25,3,4,2,1,1,3,3,1,4,3,5,7,7,2,5,12,6,1,0,1,0,4,0,1,2,2,3,1,2,0,3,3,1,1,3,2,1,1,3,1,5,0,2,0,1,0,0,2,2,1,1,2,2,1,1,4,3,4,2,2,2,2,1,2,0,1,2,2,0,3,0,2,2,2,5,3,1,1,5,2,0,2,0,2,1,4,0,3,2,0,3,0,1,0,2,1
ND_donor_03_cell_050,demo,ND_donor_03,ND,beta,16,23,29,17,28,24,29,31,12,24,1,3,1,7,3,0,1,1,2,1,5,2,6,2,8,8,2,5,2,2,0,2,0,2,2,3,4,2,2,3,1,1,0,5,1,0,3,0,3,1,2,2,5,1,5,2,2,0,0,2,1,3,0,2,4,0,0,3,0,1,1,3,5,2,3,2,2,1,1,4,1,1,5,0,0,5,2,2,1,1,1,1,3,0,3,1,0,1,2,1,1,3,4,2,4,0
ND_donor_03_cell_051,demo,ND_donor_03,ND,beta,18,11,15,14,11,11,14,11,13,14,5,9,1,8,5,2,1,1,4,2,3,4,5,4,6,5,3,2,5,3,1,1,0,1,1,3,3,1,0,1,2,3,0,0,2,1,4,1,3,4,2,1,0,2,1,1,0,2,1,1,0,5,1,1,2,1,2,1,2,4,1,2,0,1,2,0,1,1,0,5,1,1,2,0,1,4,4,0,2,1,5,1,4,0,4,3,1,4,2,6,2,2,5,2,2,1
ND_donor_03_cell_052,demo,ND_donor_03,ND,beta,39,45,28,34,35,44,32,30,43,34,1,1,0,0,0,1,1,2,1,1,3,8,9,9,10,7,2,2,3,1,4,2,2,4,0,0,1,3,2,3,1,4,1,6,3,0,1,3,1,2,0,2,2,1,1,3,2,0,0,3,4,1,4,2,4,0,2,1,4,0,0,2,4,0,7,2,3,2,3,1,1,1,1,3,1,4,5,2,0,2,3,2,2,1,4,1,2,0,3,5,1,3,2,2,2,1
ND_donor_03_cell_053,demo,ND_donor_03,ND,beta,14,12,15,11,14,9,13,6,10,16,5,5,4,3,4,6,5,6,5,3,4,5,7,6,8,8,5,3,0,0,2,3,0,0,0,3,1,3,2,0,2,3,1,0,2,1,0,1,6,1,3,5,2,2,1,3,2,1,0,0,2,2,3,0,2,0,1,1,2,1,0,3,1,3,0,4,2,3,3,0,1,1,1,1,6,2,1,1,3,2,1,2,0,2,0,1,0,1,0,4,0,2,2,2,1,2
ND_donor_03_cell_054,demo,ND_donor_03,ND,beta,20,16,23,25,17,17,21,20,26,18,4,0,0,0,4,2,5,2,4,6,2,3,6,4,4,10,2,1,0,0,3,2,4,1,2,2,4,2,2,2,1,4,3,4,1,3,2,3,1,4,0,0,2,1,2,0,3,1,2,0,3,1,0,2,2,1,1,1,0,2,3,1,2,3,0,1,0,4,2,1,1,1,0,1,6,2,2,2,1,1,2,0,0,0,2,0,3,2,4,1,2,2,4,3,2,1
ND_donor_03_cell_055,demo,ND_donor_03,ND,beta,73,62,64,61,65,70,60,72,67,61,0,0,1,0,2,0,1,0,0,0,3,7,11,3,15,8,5,0,0,1,0,0,1,5,2,2,0,0,1,4,4,2,1,0,1,1,2,3,2,1,2,4,5,2,1,3,2,1,4,2,1,4,1,0,4,3,1,6,2,2,1,3,3,2,2,0,2,1,5,2,3,0,1,2,0,0,0,2,3,1,0,1,1,3,2,2,1,2,3,2,2,1,2,2,1,5
ND_donor_03_cell_056,demo,ND_donor_03,ND,beta,16,9,8,9,11,8,7,13,14,13,2,1,3,1,4,1,3,1,1,5,5,1,2,4,5,7,2,2,1,0,1,2,0,0,0,0,2,2,4,3,0,1,5,0,3,1,2,0,0,2,1,1,1,3,0,2,0,1,3,0,2,2,2,0,1,2,0,2,1,4,2,1,2,2,1,1,1,0,2,4,2,0,3,3,2,4,1,4,3,2,4,3,5,2,4,0,3,1,1,3,1,2,3,1,2,4
ND_donor_03_cell_057,demo,ND_donor_03,ND,beta,52,50,56,61,49,45,58,45,43,55,1,2,1,1,0,1,0,1,2,2,16,8,10,9,8,11,1,0,1,1,2,1,3,7,1,1,2,2,0,2,1,3,2,2,5,1,1,0,3,0,4,1,0,1,1,2,2,0,0,2,0,4,0,4,4,4,1,0,0,0,0,4,1,1,1,1,1,1,0,3,1,0,0,0,3,0,3,2,1,1,2,0,4,1,1,3,0,0,4,2,0,1,1,1,0,0
ND_donor_03_cell_058,demo,ND_donor_03,ND,beta,32,39,40,29,36,39,35,35,49,31,1,1,1,2,0,0,1,0,2,0,9,5,9,10,8,7,2,0,2,2,1,4,4,2,3,0,2,0,3,3,0,2,2,2,6,3,2,4,4,2,0,1,1,2,3,2,1,2,0,1,6,1,0,2,0,1,2,1,3,4,1,2,3,7,2,4,4,2,0,0,2,2,0,3,2,1,2,3,0,2,4,1,1,6,3,1,2,0,0,2,3,4,4,1,2,1
ND_donor_03_cell_059,demo,ND_donor_03,ND,beta,33,30,22,35,34,22,26,27,28,32,1,2,2,0,1,0,2,0,4,1,6,6,6,4,4,7,1,0,2,0,4,6,0,3,0,0,0,0,3,2,2,2,3,3,3,5,0,6,2,1,1,3,3,1,2,0,2,2,4,0,1,2,2,2,0,2,5,1,0,5,2,3,2,3,2,0,0,1,4,1,1,2,1,0,2,2,6,2,1,3,2,0,0,0,1,0,3,3,1,2,1,1,0,1,5,3
ND_donor_03_cell_060,demo,ND_donor_03,ND,beta,25,16,11,21,27,17,22,22,19,16,2,4,0,2,5,2,3,1,3,1,8,6,7,5,7,4,1,0,3,1,1,0,0,0,7,1,2,2,4,1,0,0,7,3,2,0,4,1,1,5,2,3,0,2,1,3,2,0,1,5,3,1,3,1,0,3,3,3,0,2,1,3,2,0,2,4,3,1,0,2,3,2,1,4,1,4,4,1,0,1,1,1,1,3,3,2,2,1,2,0,1,1,3,3,0,1
ND_donor_03_cell_061,demo,ND_donor_03,ND,beta,10,5,17,9,8,12,9,9,10,10,7,8,6,5,9,5,4,4,2,5,8,4,6,11,4,5,4,2,1,8,0,1,3,0,2,1,2,0,3,0,1,2,2,1,0,0,2,0,6,3,1,3,2,7,2,4,1,1,0,1,2,0,1,4,1,0,1,2,3,0,0,1,2,1,3,0,1,3,0,3,0,2,2,1,3,1,1,3,0,3,6,0,0,1,2,1,2,0,1,2,1,1,0,3,1,1
ND_donor_03_cell_062,demo,ND_donor_03,ND,beta,25,17,22,28,28,20,23,27,15,29,0,4,4,1,3,0,2,2,4,0,6,6,6,1,4,9,3,1,2,2,5,2,1,2,1,3,1,0,2,1,3,2,0,2,0,3,1,3,1,0,3,2,0,1,1,0,1,1,0,1,1,5,1,0,0,1,2,0,2,2,0,6,2,3,2,2,1,1,1,2,0,1,3,3,4,1,0,2,3,1,6,2,0,4,2,1,2,0,2,1,1,1,1,0,6,3
ND_donor_03_cell_063,demo,ND_donor_03,ND,beta,43,52,29,36,45,32,39,43,35,43,3,1,2,2,1,1,1,0,0,0,5,5,10,9,11,8,0,3,1,1,2,5,1,3,0,0,1,0,1,3,1,2,1,2,5,1,0,1,2,1,0,0,5,1,2,3,4,1,5,2,0,0,3,0,0,2,5,3,1,0,7,1,2,1,2,1,1,2,1,2,1,7,0,4,1,2,0,1,1,1,1,4,0,5,0,0,2,1,0,3,2,0,3,4,2,2
ND_donor_03_cell_064,demo,ND_donor_03,ND,beta,12,11,16,18,14,5,15,16,13,11,4,11,5,3,2,5,6,3,2,4,5,3,3,1,3,6,0,4,4,3,0,0,1,1,0,2,3,2,2,2,1,1,1,2,6,3,0,3,0,2,2,2,1,0,1,3,0,5,1,6,1,0,0,4,2,3,3,5,2,4,0,0,2,0,0,0,0,2,1,4,3,0,1,3,5,3,0,4,1,5,0,2,3,0,4,4,5,2,0,2,3,2,1,0,2,1
ND_donor_03_cell_065,demo,ND_donor_03,ND,beta,21,29,27,25,27,26,25,29,27,23,3,2,1,1,0,4,1,1,3,3,11,9,4,3,6,7,2,2,1,1,1,6,0,3,1,3,0,1,2,4,5,0,0,3,2,2,3,2,4,0,1,1,1,3,1,2,1,2,1,2,1,0,0,2,7,3,0,5,4,0,0,1,5,5,2,5,1,0,1,2,1,3,2,2,2,1,0,4,0,3,2,3,0,5,1,2,2,1,2,2,3,4,1,1,2,0
ND_donor_03_cell_066,demo,ND_donor_03,ND,beta,25,21,30,28,22,24,21,23,23,23,1,0,1,2,2,1,2,0,2,3,5,8,6,6,6,7,3,4,1,1,5,0,5,3,0,3,1,0,5,1,0,4,1,1,2,0,2,4,0,1,1,0,2,2,2,1,4,1,5,1,2,2,1,0,2,2,1,1,0,5,3,3,1,5,4,1,0,1,1,5,2,6,3,1,0,4,4,1,2,0,1,0,0,0,0,0,3,0,3,3,0,2,2,1,3,0
ND_donor_03_cell_067,demo,ND_donor_03,ND,beta,28,19,24,21,24,28,21,26,33,32,4,3,0,1,2,3,1,1,2,2,6,5,3,4,9,6,1,2,2,2,2,0,1,0,0,2,1,0,1,0,1,3,6,1,1,1,0,3,3,1,2,5,0,2,1,0,2,1,0,4,0,3,1,2,1,1,1,3,2,4,4,3,2,2,0,0,1,1,2,3,1,3,5,3,0,3,1,2,2,2,2,3,1,0,2,1,2,1,4,2,2,0,2,0,2,4
ND_donor_03_cell_068,demo,ND_donor_03,ND,beta,22,26,31,22,15,28,20,28,30,18,1,0,3,3,2,1,1,1,2,5,5,8,3,6,7,3,0,0,1,1,0,1,1,3,2,1,1,1,0,0,0,3,0,3,2,0,1,3,2,1,2,2,0,1,2,2,1,1,1,0,6,2,1,1,0,0,2,1,0,1,1,1,1,1,4,0,0,0,1,7,0,0,0,1,5,1,0,0,0,0,1,2,0,1,3,1,3,1,0,4,5,2,2,0,1,3
ND_donor_03_cell_069,demo,ND_donor_03,ND,beta,61,48,45,37,49,47,37,47,48,37,1,2,0,2,0,2,0,2,2,1,8,7,11,8,9,8,3,1,3,2,0,0,0,0,0,2,1,1,3,1,0,0,0,1,1,4,3,3,2,6,1,2,1,7,2,2,1,0,1,1,2,1,2,0,1,4,2,4,1,3,0,0,1,1,0,0,1,2,2,2,1,3,1,1,0,1,4,0,1,2,2,5,3,4,2,3,2,3,3,1,1,0,2,5,3,3
ND_donor_03_cell_070,demo,ND_donor_03,ND,beta,31,13,22,30,27,34,20,24,25,28,0,2,4,2,5,1,4,5,3,1,4,8,12,4,7,7,4,1,2,2,1,2,1,1,4,1,3,3,1,4,2,1,4,3,1,3,6,2,1,2,4,0,0,3,0,1,2,0,5,5,1,5,4,2,3,4,1,2,1,1,1,0,1,2,7,3,2,3,3,0,4,2,0,0,2,0,3,2,4,1,0,1,0,4,2,4,0,5,2,2,3,0,1,2,0,0
ND_donor_03_cell_071,demo,ND_donor_03,ND,beta,11,11,10,9,11,9,21,14,7,12,7,3,4,3,4,7,4,6,4,4,5,8,5,7,6,7,2,3,2,1,2,1,2,0,0,0,2,5,3,3,0,1,4,1,0,3,2,3,1,2,2,1,1,0,1,1,2,2,2,5,0,2,4,3,2,1,0,1,0,3,5,1,2,1,1,5,4,2,3,1,1,1,1,0,4,1,3,1,1,1,0,1,1,2,0,5,2,5,2,0,1,2,2,0,2,2
ND_donor_03_cell_072,demo,ND_donor_03,ND,beta,33,29,42,30,31,29,31,29,34,35,2,1,3,0,2,2,1,1,0,1,12,13,11,10,9,6,1,2,1,1,2,0,2,2,6,3,5,1,0,1,3,3,4,0,1,0,2,1,1,4,2,0,3,2,0,3,1,1,3,2,2,5,4,1,2,0,0,0,0,2,1,1,2,1,0,6,3,6,3,1,1,3,1,1,1,1,3,1,4,4,2,4,4,1,2,2,4,2,1,0,0,0,2,1,4,5
ND_donor_03_cell_073,demo,ND_donor_03,ND,beta,7,8,6,7,5,7,5,6,9,7,4,6,7,5,6,9,9,9,10,9,2,3,4,2,3,3,2,1,3,5,3,0,1,6,4,0,2,1,0,2,0,2,0,0,1,3,1,1,0,3,0,3,1,1,2,2,0,6,1,2,0,5,0,2,0,1,6,3,3,4,1,2,0,2,2,1,0,2,4,0,2,2,2,1,2,4,3,0,3,2,2,3,0,0,1,0,1,2,2,2,1,1,0,3,2,3
ND_donor_03_cell_074,demo,ND_donor_03,ND,beta,20,18,15,23,23,18,19,19,18,20,3,4,2,7,4,3,5,5,4,5,4,5,6,6,4,7,2,2,1,1,2,2,2,0,1,1,1,2,0,3,2,0,4,0,0,1,0,0,3,1,0,0,0,2,0,4,5,0,0,4,0,0,2,4,0,1,2,1,2,3,2,0,3,1,2,1,2,1,1,1,1,2,4,0,1,4,0,1,3,0,0,1,1,1,2,2,2,4,1,3,3,0,1,1,1,0
ND_donor_03_cell_075,demo,ND_donor_03,ND,beta,76,83,77,87,86,79,79,71,72,84,0,1,0,1,1,1,1,0,0,0,10,12,6,6,11,7,1,1,2,0,1,1,2,3,4,2,0,6,2,1,0,1,1,0,5,1,3,1,0,0,2,2,2,1,1,0,1,2,2,3,0,2,2,2,1,3,0,6,1,1,2,0,2,3,2,2,6,0,0,0,3,0,0,1,6,6,1,6,3,5,4,0,0,3,1,1,0,2,3,1,0,0,2,1,1,1
ND_donor_03_cell_076,demo,ND_donor_03,ND,beta,23,19,20,18,23,28,16,24,22,15,5,4,6,2,3,2,4,3,3,0,9,3,9,3,12,14,0,1,2,5,1,3,3,1,2,1,4,3,4,1,2,1,2,1,0,2,2,2,1,0,6,3,0,4,1,0,2,4,1,2,3,2,0,3,1,2,2,0,2,4,0,5,1,0,1,2,2,0,2,2,1,0,1,3,0,1,3,0,3,1,1,2,0,1,4,0,0,1,0,2,0,1,2,1,6,1
ND_donor_03_cell_077,demo,ND_donor_03,ND,beta,53,51,40,68,47,61,69,53,48,53,1,1,2,1,0,0,0,1,0,0,7,6,4,8,10,7,1,0,4,0,3,2,4,1,1,3,2,1,2,2,2,4,2,2,3,2,1,0,1,2,2,0,2,5,3,3,3,0,3,3,2,1,2,1,0,2,7,1,4,0,2,5,1,3,0,4,2,0,3,1,3,4,1,0,2,0,4,0,6,1,2,1,0,3,0,0,0,0,0,1,5,1,1,3,3,3
ND_donor_03_cell_078,demo,ND_donor_03,ND,beta,30,25,34,29,26,30,21,26,27,26,0,1,2,2,0,1,2,0,1,0,4,4,8,12,11,8,3,2,1,1,2,1,2,2,1,1,2,0,1,5,3,2,0,2,3,4,1,0,0,2,6,0,0,4,3,0,3,1,3,0,1,2,1,0,1,0,0,2,1,1,1,2,1,2,0,1,4,0,3,2,1,0,2,1,0,2,1,2,2,2,4,5,2,1,0,3,1,2,3,1,3,2,1,1,0,2
ND_donor_03_cell_079,demo,ND_donor_03,ND,beta,28,28,32,23,34,21,23,34,23,19,1,0,0,1,0,2,5,3,0,1,4,5,10,10,4,11,0,0,0,0,1,3,0,1,1,2,0,0,0,7,2,1,4,2,6,2,3,1,2,1,4,0,4,4,3,5,3,4,2,2,1,2,0,1,0,2,1,0,2,2,5,3,0,1,0,1,1,1,0,3,2,1,3,1,1,3,0,0,0,3,1,1,1,0,1,3,0,0,2,2,2,3,1,5,1,2
ND_donor_03_cell_080,demo,ND_donor_03,ND,beta,14,12,13,19,19,19,18,13,13,16,7,3,3,2,7,1,2,2,4,2,6,4,4,4,4,6,1,2,1,3,3,0,3,2,2,3,4,0,0,3,0,1,1,2,3,0,1,0,1,0,1,3,4,1,2,3,0,0,1,2,3,0,1,4,3,2,8,1,0,1,0,0,3,1,0,1,2,2,5,3,1,1,1,1,2,0,0,2,2,1,0,0,0,0,4,0,2,0,4,1,0,1,1,1,4,2
ND_donor_03_cell_081,demo,ND_donor_03,ND,beta,18,22,25,20,25,26,24,27,18,29,1,1,1,2,0,1,1,2,2,2,14,8,6,8,7,12,3,0,2,3,0,0,3,0,1,0,1,2,1,0,0,0,2,2,3,0,3,3,1,3,1,0,1,3,1,0,3,0,1,0,2,0,0,4,1,0,4,3,1,2,1,4,1,0,4,1,0,1,0,4,3,0,2,0,3,1,1,4,1,1,0,1,1,5,2,1,3,3,4,2,0,2,8,2,1,0
ND_donor_03_cell_082,demo,ND_donor_03,ND,beta,19,17,19,20,19,18,21,21,25,14,1,3,3,1,2,2,0,2,0,1,7,2,9,4,4,5,3,1,1,0,2,4,3,3,1,1,5,3,1,0,1,4,3,1,1,1,2,1,0,0,2,1,2,1,2,4,2,3,2,3,0,1,2,1,2,1,0,2,1,2,1,1,2,2,0,1,2,2,2,3,1,5,2,0,3,0,1,2,3,0,1,1,1,1,3,2,1,5,2,4,4,1,3,0,3,0
ND_donor_03_cell_083,demo,ND_donor_03,ND,beta,11,12,17,15,16,15,15,8,12,10,6,11,4,6,5,3,5,4,10,6,3,7,9,5,3,7,4,7,2,1,2,0,2,0,2,0,2,1,2,1,1,0,1,1,0,3,0,2,3,3,3,2,1,5,1,0,3,1,1,1,1,0,2,3,5,3,2,2,0,1,1,0,1,1,3,1,0,1,0,2,1,4,1,3,1,4,0,1,3,0,0,1,3,1,0,0,4,1,2,2,3,2,4,2,0,4
ND_donor_03_cell_084,demo,ND_donor_03,ND,beta,13,13,13,17,9,12,12,16,9,10,5,3,5,3,4,5,5,1,5,2,6,4,3,5,6,5,2,2,3,1,2,1,4,3,1,0,0,1,4,1,2,4,3,2,2,0,5,3,2,2,2,1,1,2,3,3,1,0,3,1,2,2,1,0,1,1,0,1,0,4,0,3,1,1,0,0,1,0,0,3,2,4,1,1,0,2,1,0,4,1,0,1,0,3,1,1,1,3,1,1,1,4,0,1,1,4
ND_donor_03_cell_085,demo,ND_donor_03,ND,beta,25,30,26,24,28,29,39,30,31,31,2,1,1,2,2,0,1,1,1,2,7,3,3,7,3,7,3,5,3,1,0,3,0,2,0,2,2,0,2,1,1,2,5,1,1,1,2,1,0,1,2,1,2,1,5,1,3,4,0,3,4,1,0,1,2,2,0,0,0,0,2,1,4,4,0,0,1,3,3,1,3,1,0,4,1,2,3,2,1,3,1,3,1,2,1,3,3,1,1,5,0,3,2,1,2,1
ND_donor_03_cell_086,demo,ND_donor_03,ND,beta,34,28,35,40,23,37,30,38,31,34,1,4,1,1,2,0,1,0,2,1,4,7,4,2,4,7,0,6,2,1,2,3,3,1,0,3,2,1,4,1,2,0,0,2,6,0,1,1,6,2,1,1,1,2,2,0,5,2,1,2,1,0,1,1,2,0,4,3,0,1,3,3,0,2,2,3,0,3,0,2,6,0,0,2,1,8,1,0,4,4,3,3,1,4,0,1,0,0,3,1,1,4,2,2,0,2
ND_donor_03_cell_087,demo,ND_donor_03,ND,beta,34,34,34,36,39,39,40,37,30,45,1,0,1,1,1,2,0,1,0,0,3,7,5,2,8,10,0,0,2,1,2,1,0,3,3,3,1,0,1,2,0,2,3,5,0,5,1,2,0,0,2,1,2,0,1,1,0,1,0,5,1,0,0,2,1,0,6,0,2,2,1,0,2,1,4,3,0,1,3,0,0,2,2,4,1,2,1,2,0,5,3,0,1,1,1,6,3,2,4,1,2,1,2,0,1,0
ND_donor_03_cell_088,demo,ND_donor_03,ND,beta,42,36,37,39,44,29,32,36,34,40,1,1,0,3,2,1,1,0,3,1,8,9,6,7,6,7,2,0,1,2,4,1,2,1,5,3,4,1,1,0,1,1,2,3,4,0,0,0,2,3,1,1,3,1,0,2,2,0,1,3,4,0,0,2,6,1,1,3,0,1,1,1,0,3,2,1,2,2,2,0,1,1,1,4,0,3,3,1,0,0,2,3,1,1,0,0,0,1,4,4,0,1,1,0,2,3
ND_donor_03_cell_089,demo,ND_donor_03,ND,beta,35,41,36,42,55,30,47,39,45,44,0,0,0,4,0,1,1,1,0,1,7,4,11,6,10,8,1,1,2,1,2,1,2,2,0,2,6,2,2,1,3,0,0,0,4,4,3,4,2,2,4,4,2,0,1,3,0,0,2,1,1,1,2,3,1,1,3,2,1,3,4,2,0,0,0,0,2,0,2,3,0,2,0,2,1,0,0,3,1,5,1,0,1,2,0,0,0,0,2,2,0,2,2,2,1,3
ND_donor_03_cell_090,demo,ND_donor_03,ND,beta,4,12,6,7,9,8,12,7,4,7,7,16,10,7,11,4,8,6,8,4,5,4,6,2,5,3,2,0,1,1,2,0,1,0,4,2,1,1,3,0,3,2,3,4,2,3,4,1,1,0,5,0,1,2,0,6,0,4,5,1,5,2,3,1,0,0,1,5,1,1,1,1,0,1,4,3,1,3,5,2,0,3,2,2,0,1,1,3,0,0,1,2,5,2,2,4,7,2,2,3,3,2,0,0,0,1
ND_donor_03_cell_091,demo,ND_donor_03,ND,beta,34,24,21,21,29,25,29,19,31,25,2,3,0,1,1,0,3,0,2,4,5,8,5,4,9,6,1,1,2,1,2,0,1,3,2,0,3,1,1,1,2,0,0,1,5,2,1,0,0,4,3,0,0,2,0,3,1,1,0,1,5,3,3,2,3,5,1,1,5,3,2,0,4,3,0,3,2,2,4,0,2,0,3,0,3,4,1,1,4,2,1,3,4,4,2,4,5,4,2,0,0,0,2,0,3,2
ND_donor_03_cell_092,demo,ND_donor_03,ND,beta,17,26,23,16,19,19,20,33,26,30,2,0,2,2,5,1,2,3,2,2,6,3,5,4,4,9,0,0,3,0,0,1,0,2,0,0,2,2,0,1,4,1,1,3,1,5,2,1,0,0,1,1,3,1,2,3,0,1,2,0,2,1,2,3,5,0,2,2,4,0,1,4,3,1,2,1,8,2,1,1,1,1,6,1,2,5,1,4,6,1,3,1,2,4,0,1,3,2,4,2,5,5,0,0,3,0
ND_donor_03_cell_093,demo,ND_donor_03,ND,beta,10,15,16,13,19,12,17,24,12,16,2,3,5,4,0,2,3,3,1,3,4,8,2,8,0,2,3,3,3,1,2,2,1,2,4,1,3,0,0,2,1,4,2,3,4,2,0,3,2,2,3,1,1,1,0,3,2,2,2,0,0,3,1,1,1,3,4,4,1,0,0,1,0,1,5,0,1,0,3,0,0,2,2,4,5,0,2,0,1,4,1,1,1,1,3,4,0,1,1,4,1,0,0,1,2,1
ND_donor_03_cell_094,demo,ND_donor_03,ND,beta,48,57,33,52,51,30,49,49,37,58,1,0,1,0,0,4,1,2,2,1,13,6,9,9,7,8,0,0,2,0,2,2,1,5,2,1,3,1,0,2,0,0,0,1,0,1,2,0,1,1,1,5,2,1,3,1,1,3,1,2,1,0,1,3,2,2,2,3,1,0,1,1,3,1,2,0,2,1,1,0,1,2,0,3,1,0,1,0,1,0,2,3,2,1,2,1,0,0,5,2,2,3,0,4,3,1
ND_donor_03_cell_095,demo,ND_donor_03,ND,beta,21,14,38,16,27,27,21,22,24,22,3,3,1,4,1,3,1,1,2,3,4,4,6,7,7,5,7,4,0,2,0,2,1,1,1,2,0,2,0,6,1,3,1,0,1,3,3,2,0,1,3,9,3,1,3,1,2,4,4,0,3,1,0,1,1,3,3,0,4,3,2,4,1,1,1,3,3,5,2,2,0,2,3,2,1,3,3,1,3,0,0,1,2,3,1,0,3,2,0,2,2,4,2,1,1,1
ND_donor_03_cell_096,demo,ND_donor_03,ND,beta,113,122,122,121,118,126,143,115,124,124,0,0,1,0,0,0,0,0,0,0,13,11,10,8,7,7,3,1,8,4,2,2,2,5,5,1,1,2,3,3,0,5,3,7,0,1,1,2,1,2,3,0,0,2,4,3,3,8,0,0,1,0,0,1,4,2,1,1,1,1,1,1,0,1,3,1,2,3,1,1,1,2,1,0,0,2,0,1,3,1,2,0,1,1,3,1,2,4,1,4,2,0,1,3,0,3
ND_donor_03_cell_097,demo,ND_donor_03,ND,beta,20,12,22,19,23,19,22,13,19,20,1,3,4,1,4,2,2,6,6,0,8,5,9,5,6,5,1,0,1,2,4,4,3,2,3,4,1,3,3,1,1,6,2,2,1,2,2,1,1,0,3,1,0,4,4,1,1,3,3,2,3,1,3,0,6,2,0,3,0,2,0,1,1,6,0,0,5,2,0,3,1,3,0,1,1,1,1,6,6,1,1,3,1,2,2,1,2,2,4,1,0,2,2,2,3,2
ND_donor_03_cell_098,demo,ND_donor_03,ND,beta,27,31,18,32,29,29,25,21,21,30,1,0,1,0,2,3,4,4,2,1,5,3,3,6,6,5,3,1,1,1,0,1,0,1,0,2,2,0,0,3,1,2,0,2,2,4,3,2,0,1,1,3,3,4,1,2,1,2,2,1,1,0,2,2,2,1,1,0,0,0,3,1,2,1,5,3,4,0,0,2,1,2,0,1,1,2,2,1,4,3,0,1,2,2,4,0,1,1,2,7,0,1,3,1,1,0
ND_donor_03_cell_099,demo,ND_donor_03,ND,beta,20,20,20,15,15,12,13,17,13,20,1,1,5,1,4,4,4,4,4,1,10,5,1,7,6,8,5,3,1,2,1,1,6,2,2,2,1,4,1,5,1,2,3,3,0,3,3,1,1,1,4,4,1,1,0,2,1,0,2,0,0,1,1,2,1,0,1,1,2,5,3,1,2,1,0,3,0,2,1,0,3,0,5,0,2,2,3,1,5,3,4,2,0,5,0,2,1,1,2,2,0,3,0,2,1,0
ND_donor_03_cell_100,demo,ND_donor_03,ND,beta,68,69,77,76,67,78,83,56,79,87,0,1,1,1,1,0,1,0,0,2,10,11,7,6,12,7,5,0,1,2,1,1,5,2,0,0,3,0,2,2,1,1,0,0,0,1,3,1,1,2,2,2,2,4,1,0,4,1,6,0,1,3,1,2,0,1,2,0,2,0,4,2,3,2,3,2,0,1,1,1,0,1,3,1,0,0,0,0,0,0,3,0,7,1,1,0,3,3,4,3,5,0,1,3,0,2
ND_donor_03_cell_101,demo,ND_donor_03,ND,beta,42,41,42,37,43,30,42,35,34,46,0,1,0,1,0,0,0,2,0,0,8,8,1,5,7,5,4,3,5,1,0,2,1,1,3,1,1,0,2,3,6,3,3,2,2,1,6,1,0,3,1,3,0,4,3,0,1,2,3,0,2,6,0,0,1,1,1,2,0,0,1,3,3,1,1,1,1,5,1,3,3,1,0,2,1,1,3,3,1,0,2,5,2,1,3,4,0,1,3,4,0,1,1,1,5,2
ND_donor_03_cell_102,demo,ND_donor_03,ND,beta,32,27,35,35,38,28,29,24,31,27,0,3,2,2,1,1,0,1,2,4,9,9,6,7,7,9,2,0,2,3,1,3,2,7,4,1,0,2,0,0,1,1,0,0,0,1,0,6,1,1,0,2,0,1,1,0,0,1,3,2,2,0,4,1,1,3,0,0,0,1,1,1,1,0,2,4,0,2,2,3,1,2,2,0,1,1,1,1,1,1,0,0,0,0,2,1,7,3,0,3,2,2,2,3,1,1
ND_donor_03_cell_103,demo,ND_donor_03,ND,beta,28,28,23,35,20,29,18,30,25,22,2,1,1,4,2,1,3,3,3,1,4,5,5,8,9,4,2,0,3,2,0,0,1,5,1,1,1,0,0,3,2,0,1,1,4,1,0,1,1,1,2,1,2,1,3,1,0,1,1,0,2,1,0,3,0,3,0,1,2,1,1,4,2,3,3,2,2,2,1,0,2,1,3,1,2,0,3,0,2,2,1,2,1,2,3,2,2,1,1,1,4,1,1,5,4,3
ND_donor_03_cell_104,demo,ND_donor_03,ND,beta,10,10,16,24,9,17,14,11,27,12,4,5,6,2,3,3,5,6,6,5,7,8,5,8,9,8,7,4,0,4,0,2,3,3,3,0,2,7,2,1,2,6,0,1,3,1,2,0,3,2,0,1,0,0,1,0,1,0,0,3,2,3,0,2,2,2,0,1,4,0,0,3,1,2,2,5,1,2,2,3,2,1,0,4,1,4,2,1,3,2,1,1,2,0,3,2,2,0,3,5,0,2,0,1,1,3
ND_donor_03_cell_105,demo,ND_donor_03,ND,beta,10,9,7,13,18,5,3,9,7,10,7,6,6,8,9,2,4,4,14,1,2,2,6,7,4,2,4,1,1,2,0,2,0,2,3,1,2,3,1,4,1,0,2,5,0,1,0,2,2,3,2,2,0,2,0,0,3,1,2,1,1,3,0,3,1,0,1,1,4,3,0,0,3,1,3,2,0,0,0,4,0,2,2,3,1,3,0,3,1,2,2,3,2,3,3,2,1,4,2,1,0,0,2,1,1,2
ND_donor_03_cell_106,demo,ND_donor_03,ND,beta,21,26,14,33,31,31,36,36,30,26,2,0,0,0,2,2,2,3,2,1,1,4,2,5,7,6,2,2,2,0,1,1,2,1,1,2,3,0,2,2,3,1,3,4,3,2,3,2,2,2,4,1,1,3,1,1,4,2,2,0,2,2,1,2,2,2,5,1,4,6,3,2,1,0,1,1,0,1,1,3,0,3,4,0,2,1,1,2,1,2,7,2,0,1,0,0,0,0,1,1,1,3,2,0,1,0
ND_donor_03_cell_107,demo,ND_donor_03,ND,beta,66,80,61,58,68,66,53,76,59,49,0,1,4,0,1,3,0,0,2,1,11,10,4,7,8,12,2,2,0,3,4,5,3,4,0,3,2,1,4,0,3,2,1,1,2,1,2,2,5,0,2,1,1,3,3,4,1,0,0,4,3,6,0,4,2,1,3,0,0,3,2,4,3,0,4,1,0,0,2,1,5,3,1,0,1,1,0,4,1,1,0,1,0,3,1,0,2,3,1,2,0,1,0,0,3,0
ND_donor_03_cell_108,demo,ND_donor_03,ND,beta,94,80,87,102,98,104,98,97,100,90,0,0,0,0,0,0,0,1,0,0,6,11,11,13,7,12,2,3,3,0,6,0,3,1,2,1,4,2,3,2,2,1,1,2,0,3,5,0,2,1,3,2,3,1,0,0,2,4,1,3,1,0,0,0,1,1,0,3,5,1,2,1,0,2,1,4,0,2,2,1,2,2,0,4,3,1,3,1,0,3,0,2,1,2,2,0,2,5,3,0,2,0,3,5,4,2
ND_donor_03_cell_109,demo,ND_donor_03,ND,beta,37,36,33,40,41,35,36,40,36,40,1,2,1,0,3,0,2,0,1,1,7,5,7,5,10,9,0,1,0,1,1,1,2,0,2,2,2,0,2,2,2,3,3,4,0,3,3,0,4,0,3,0,1,2,0,1,0,3,2,5,4,3,3,0,1,7,1,1,2,2,4,0,1,1,2,2,2,3,1,0,0,4,1,0,0,4,2,4,0,3,4,2,2,0,1,0,1,1,2,2,4,3,0,2,5,1
ND_donor_03_cell_110,demo,ND_donor_03,ND,beta,36,35,35,30,31,32,26,29,33,33,0,3,4,1,3,0,2,2,0,3,8,7,6,8,4,8,2,0,2,0,1,0,0,1,0,3,2,2,0,1,2,3,0,0,1,4,2,1,0,1,0,2,0,1,1,4,2,0,2,3,1,0,5,0,2,0,2,1,2,1,0,5,2,2,5,4,0,3,2,0,1,1,0,1,1,1,2,0,2,2,1,0,0,0,1,0,2,0,1,0,1,2,2,1,2,3
ND_donor_03_cell_111,demo,ND_donor_03,ND,beta,30,25,31,35,18,24,26,34,28,31,4,4,5,3,3,3,1,1,4,3,9,8,7,4,3,5,2,1,2,0,0,7,0,0,0,0,0,1,1,1,5,1,2,1,0,2,1,1,0,2,2,2,0,0,2,2,7,4,3,3,3,4,1,3,5,3,1,1,3,3,1,2,1,2,2,1,4,0,1,0,3,4,1,0,0,1,5,0,4,1,1,2,2,5,2,4,5,3,1,2,1,2,2,2,0,3
ND_donor_03_cell_112,demo,ND_donor_03,ND,beta,28,35,44,33,32,30,34,28,30,35,1,3,1,1,2,0,0,2,2,2,5,3,8,4,8,5,4,1,3,0,2,0,5,1,1,0,3,1,1,2,2,1,1,0,0,1,2,2,1,1,2,5,3,0,1,2,1,3,0,3,0,6,2,3,3,2,0,1,4,2,3,3,1,1,1,2,2,1,3,2,4,2,0,4,0,0,0,2,2,0,3,2,5,3,1,0,2,5,2,0,3,2,2,5,0,0
ND_donor_03_cell_113,demo,ND_donor_03,ND,beta,25,19,21,16,17,13,18,17,22,27,1,2,2,1,2,0,2,3,1,2,5,4,7,6,7,3,6,2,2,0,3,0,2,3,0,4,2,0,4,3,3,2,1,2,2,3,3,1,3,0,2,6,2,1,3,3,0,4,1,3,5,0,0,0,3,4,0,1,2,2,4,2,4,0,0,0,2,3,2,0,6,4,2,1,4,8,2,3,3,0,2,1,0,0,2,1,3,2,2,6,0,3,3,3,1,0
ND_donor_03_cell_114,demo,ND_donor_03,ND,beta,20,26,21,20,23,15,11,32,22,23,3,4,2,3,6,2,2,2,3,7,7,6,5,5,6,9,2,2,2,0,4,3,1,3,2,1,4,1,0,4,0,5,0,2,0,7,4,5,4,1,0,4,4,1,1,3,2,7,1,0,2,0,1,1,2,3,6,0,0,4,1,0,0,4,0,1,0,3,3,3,4,3,1,3,1,1,0,1,1,0,7,2,0,1,0,3,2,2,1,1,2,1,2,1,2,2
ND_donor_03_cell_115,demo,ND_donor_03,ND,beta,39,29,51,30,33,40,37,30,41,34,2,2,0,0,2,1,1,3,4,3,3,10,11,8,5,6,2,3,1,4,1,2,2,2,1,0,5,0,1,2,1,1,2,4,2,3,0,1,2,2,2,1,5,1,0,4,1,3,0,0,1,0,3,3,2,1,2,3,1,2,1,0,2,1,3,0,0,0,0,4,1,7,0,2,4,1,2,3,2,2,1,2,0,3,2,4,2,1,0,2,2,2,6,2,3,1
ND_donor_03_cell_116,demo,ND_donor_03,ND,beta,23,20,17,12,17,18,23,12,18,13,4,5,3,6,1,0,2,3,2,0,7,4,6,8,4,10,1,1,2,0,2,3,2,1,2,2,2,2,0,0,2,1,1,1,2,1,2,3,2,4,1,2,1,2,1,6,2,2,5,4,3,2,2,1,1,0,1,1,2,2,1,0,2,0,2,0,3,1,3,1,1,2,0,0,1,0,1,0,4,2,0,3,0,0,0,3,2,0,1,1,2,2,0,1,0,2
ND_donor_03_cell_117,demo,ND_donor_03,ND,beta,85,69,72,82,78,84,81,75,83,86,0,0,2,0,0,2,1,0,0,0,9,7,5,9,12,6,1,1,3,3,3,2,1,0,2,3,5,3,1,1,0,2,4,1,3,1,0,3,1,3,1,1,2,2,3,4,1,3,1,0,0,0,1,4,1,0,1,3,2,1,3,0,0,3,5,2,1,4,4,2,1,3,3,1,0,1,4,3,1,0,0,3,1,0,1,3,1,2,0,0,3,0,2,1,4,4
ND_donor_03_cell_118,demo,ND_donor_03,ND,beta,22,33,31,34,19,18,18,20,15,19,4,3,5,2,2,4,1,2,0,2,7,3,6,6,8,8,0,3,3,1,2,1,0,0,4,0,0,3,1,1,2,1,2,1,2,4,4,3,0,0,2,2,0,2,2,3,0,0,1,1,1,3,0,3,6,3,2,2,1,3,1,0,4,5,2,2,0,3,0,2,0,2,2,4,2,0,3,2,3,1,0,0,2,2,1,1,1,6,0,0,1,2,2,2,4,4
ND_donor_03_cell_119,demo,ND_donor_03,ND,beta,30,30,40,34,28,41,34,45,55,33,1,2,3,2,0,2,2,1,0,1,7,7,6,8,6,6,2,2,3,0,0,1,2,1,1,3,0,0,1,2,2,4,1,2,2,2,1,2,2,2,1,0,2,2,4,0,0,1,1,1,1,1,1,2,0,2,0,3,5,0,4,0,2,1,2,1,2,1,1,0,1,3,0,2,3,2,4,1,1,1,8,1,1,0,2,0,1,0,6,1,0,0,2,0,2,1
ND_donor_04_cell_000,demo,ND_donor_04,ND,beta,18,13,15,19,13,18,12,18,22,10,3,5,5,8,2,3,3,5,1,2,3,4,7,8,7,5,0,2,4,1,2,2,2,2,2,1,3,1,1,1,6,6,2,0,5,3,2,1,0,1,1,2,0,3,1,2,0,1,1,0,4,3,2,0,1,1,3,5,3,2,1,1,2,0,3,5,1,2,1,2,0,2,3,3,0,2,3,2,3,2,3,0,1,0,2,0,1,3,2,0,3,0,1,1,2,4
ND_donor_04_cell_001,demo,ND_donor_04,ND,beta,10,19,18,20,14,26,16,15,17,11,3,3,4,4,4,2,2,5,5,3,8,9,5,6,7,8,3,3,1,1,2,0,2,3,1,1,3,1,2,0,1,4,1,1,4,2,0,2,4,1,0,0,3,1,2,1,1,0,3,3,1,1,0,5,1,0,1,0,1,0,1,1,2,2,3,1,2,1,2,1,4,3,2,1,3,4,3,0,4,0,1,3,0,3,3,1,0,0,0,1,0,6,0,0,1,0
ND_donor_04_cell_002,demo,ND_donor_04,ND,beta,96,91,99,126,115,89,120,107,111,91,0,0,0,1,0,0,0,0,0,0,9,5,8,8,11,13,3,3,2,5,2,1,1,0,2,0,1,0,0,0,4,3,4,3,3,3,5,1,8,6,1,2,0,3,1,2,2,1,1,0,3,0,4,0,2,2,1,0,1,6,3,1,1,7,3,2,2,1,1,2,2,2,0,1,0,2,4,0,2,3,0,1,4,2,2,1,0,8,4,0,1,4,2,2,2,2
ND_donor_04_cell_003,demo,ND_donor_04,ND,beta,29,25,29,38,20,26,28,29,38,25,4,0,0,0,0,1,3,2,2,1,4,6,12,7,5,7,2,3,2,2,1,1,1,0,1,0,4,0,3,1,1,4,5,3,7,0,3,1,2,4,4,1,5,0,4,4,5,3,3,1,0,2,2,4,5,0,2,1,3,5,1,3,1,4,0,2,2,0,0,5,1,2,1,2,0,2,1,4,4,1,3,2,2,2,4,2,5,0,1,1,3,2,2,3,2,2
ND_donor_04_cell_004,demo,ND_donor_04,ND,beta,15,19,11,12,21,16,20,16,9,14,3,3,3,5,4,3,4,1,5,4,6,8,3,10,4,5,3,4,0,2,8,1,3,4,3,3,0,4,1,1,1,0,0,2,1,1,2,1,1,1,2,3,4,2,1,7,2,3,0,2,3,1,1,1,1,1,3,1,2,2,2,3,0,5,2,1,1,5,4,2,2,2,4,1,3,4,1,3,2,3,1,0,4,1,0,1,3,1,2,0,3,0,3,3,0,0
ND_donor_04_cell_005,demo,ND_donor_04,ND,beta,24,26,33,20,24,20,27,24,21,27,4,2,1,2,1,1,4,1,3,3,7,1,5,5,10,7,0,3,2,2,1,0,1,1,1,0,1,4,0,1,0,2,3,3,3,2,3,0,1,1,0,2,2,2,1,1,6,4,1,0,4,3,1,3,1,2,1,2,0,0,4,0,1,4,1,0,2,2,2,2,2,0,3,0,0,3,1,1,2,1,3,2,3,2,3,3,2,1,3,1,4,2,2,7,3,1
ND_donor_04_cell_006,demo,ND_donor_04,ND,beta,25,21,22,27,22,20,26,20,17,24,4,1,2,3,3,1,2,3,1,5,8,8,5,4,8,4,3,1,0,3,1,0,0,5,5,4,4,5,5,3,5,2,0,2,2,1,0,4,1,5,6,2,2,1,2,2,2,3,0,2,5,2,2,1,0,2,3,3,3,1,2,0,3,1,1,2,3,1,1,0,3,5,1,2,0,0,4,1,0,5,2,1,1,1,2,3,1,3,1,3,4,0,4,1,0,2
ND_donor_04_cell_007,demo,ND_donor_04,ND,beta,59,53,47,53,63,54,60,64,45,53,1,1,0,2,0,1,0,2,0,0,5,10,8,8,6,9,4,1,3,3,1,3,1,3,3,0,3,3,2,3,1,0,3,0,0,1,2,3,0,1,0,2,4,3,1,2,3,1,0,1,2,3,1,1,0,0,2,1,1,1,3,2,3,1,1,3,0,0,1,2,2,3,5,0,2,1,0,3,2,0,1,2,0,1,1,0,0,2,2,1,4,2,5,4,1,1
ND_donor_04_cell_008,demo,ND_donor_04,ND,beta,36,19,39,18,23,15,31,27,25,33,1,2,1,2,3,3,5,1,1,2,7,4,4,4,5,9,5,4,0,4,1,1,2,1,2,0,1,5,7,1,5,2,2,2,1,0,2,0,2,2,1,1,1,0,1,0,1,1,0,2,1,3,3,0,2,0,0,3,4,3,2,0,3,2,1,3,1,1,1,0,2,5,1,1,0,0,4,1,2,3,3,0,2,2,3,2,1,4,2,2,4,1,0,0,2,1
ND_donor_04_cell_009,demo,ND_donor_04,ND,beta,52,57,58,51,76,62,57,53,41,58,0,1,2,3,0,0,1,1,0,1,6,10,8,7,6,5,1,3,3,2,1,2,1,1,1,3,1,0,2,3,1,5,2,0,3,1,0,1,2,3,0,2,2,0,1,1,2,0,2,2,1,2,2,1,0,0,0,2,0,3,1,0,1,0,0,3,1,3,2,2,1,3,2,1,0,0,1,3,1,0,0,2,2,0,0,2,4,3,2,1,5,0,0,0,2,1
ND_donor_04_cell_010,demo,ND_donor_04,ND,beta,35,36,32,46,59,43,47,50,33,37,1,1,1,1,4,2,1,2,1,1,10,8,5,6,4,5,0,2,1,0,0,1,2,2,2,0,4,0,1,0,2,4,1,2,2,2,4,2,2,2,2,2,0,0,0,0,0,4,2,2,0,2,1,0,1,3,2,1,0,3,4,0,0,0,1,1,7,1,0,2,1,4,1,3,1,1,1,1,1,0,3,6,3,2,0,4,3,3,0,4,1,2,1,0,0,1
ND_donor_04_cell_011,demo,ND_donor_04,ND,beta,18,17,7,12,10,8,10,11,13,14,5,2,5,7,4,6,4,9,9,3,5,5,6,3,2,2,5,2,0,0,1,3,2,3,1,0,1,0,4,1,3,0,2,3,2,4,1,1,0,7,0,1,2,0,2,2,1,4,3,4,0,0,3,0,1,1,2,0,1,3,0,4,0,0,1,1,2,2,2,1,0,2,1,1,2,1,1,2,0,0,1,1,0,2,3,3,0,2,4,6,3,2,0,2,1,3
ND_donor_04_cell_012,demo,ND_donor_04,ND,beta,36,31,36,34,33,34,27,38,37,37,0,3,2,2,3,1,0,2,3,1,2,5,5,6,5,8,1,3,1,0,1,7,0,2,4,2,1,4,3,4,2,2,3,1,1,4,1,1,1,1,3,1,1,4,1,1,3,2,0,0,2,1,2,1,1,2,1,3,2,0,0,4,2,2,3,1,4,5,2,5,3,0,1,1,0,5,1,0,1,0,2,1,0,0,2,2,1,0,2,1,3,4,2,4,4,0
ND_donor_04_cell_013,demo,ND_donor_04,ND,beta,31,23,26,25,25,18,22,26,31,28,1,3,2,1,0,0,2,3,0,3,8,7,5,6,8,1,1,1,1,3,1,4,4,1,1,1,2,5,1,3,5,1,2,3,0,2,5,0,1,3,1,2,1,2,3,2,0,2,2,1,6,4,5,0,5,0,1,0,0,0,1,2,4,2,1,1,2,4,5,5,0,0,2,1,1,0,2,3,2,1,0,4,2,1,3,0,0,2,5,1,1,3,2,1,1,1
ND_donor_04_cell_014,demo,ND_donor_04,ND,beta,47,36,48,46,40,43,39,45,32,44,1,0,0,1,1,4,2,1,2,1,3,9,8,9,4,15,1,2,1,0,4,2,4,1,1,3,0,3,3,3,0,0,2,0,1,0,2,0,0,0,1,4,6,2,2,5,2,5,1,4,1,1,2,1,2,2,4,1,3,2,1,2,1,0,4,2,0,1,0,0,2,2,1,2,0,1,4,3,4,1,4,1,1,4,0,1,3,2,1,0,1,0,1,1,1,0
ND_donor_04_cell_015,demo,ND_donor_04,ND,beta,22,32,23,25,24,28,28,24,21,32,0,2,1,2,0,1,2,0,1,0,6,8,4,3,5,6,1,3,0,2,1,2,2,0,1,1,3,3,4,7,2,1,3,0,0,0,1,5,2,2,2,4,1,0,2,2,1,2,2,3,3,5,2,0,2,1,0,0,0,2,3,2,0,1,1,2,2,1,2,2,4,5,0,4,1,0,1,0,3,1,1,4,4,1,0,2,1,0,4,3,1,4,2,5,4,2
ND_donor_04_cell_016,demo,ND_donor_04,ND,beta,46,47,44,46,35,39,37,31,44,36,1,1,2,1,4,1,0,2,1,0,11,5,8,4,5,4,0,0,0,4,1,3,0,2,1,1,6,0,3,3,1,2,3,0,5,3,0,3,3,0,2,5,2,3,1,1,0,2,0,2,0,1,1,1,5,2,2,3,2,0,1,1,0,3,2,4,0,0,0,0,0,5,3,1,1,2,3,3,6,1,0,0,2,3,3,3,1,4,1,1,2,1,0,1,2,1
ND_donor_04_cell_017,demo,ND_donor_04,ND,beta,34,32,36,33,42,34,35,28,34,31,0,1,0,1,1,3,3,1,4,0,2,7,14,9,2,4,1,1,2,0,2,0,5,0,2,1,1,3,5,0,1,0,3,1,0,2,2,1,2,5,1,2,2,0,2,6,2,3,0,1,4,3,0,5,3,6,4,2,2,1,0,3,2,0,0,1,2,2,0,4,2,2,1,4,1,5,1,0,0,2,4,1,3,2,4,1,4,3,0,3,2,2,2,1,2,1
ND_donor_04_cell_018,demo,ND_donor_04,ND,beta,27,15,20,22,21,20,26,18,23,21,5,1,4,5,0,4,0,5,5,4,4,8,2,9,8,2,2,4,0,4,5,5,2,0,1,4,2,0,1,0,4,0,4,0,1,2,4,1,1,2,0,5,2,2,2,2,3,1,2,0,0,2,1,4,4,0,2,1,3,3,0,4,2,1,2,6,1,2,2,0,4,3,3,2,2,5,6,3,2,1,5,1,1,3,3,1,4,0,6,2,2,0,0,2,0,0
ND_donor_04_cell_019,demo,ND_donor_04,ND,beta,13,8,9,12,13,5,12,14,10,14,8,7,6,5,5,6,5,2,4,7,6,4,8,2,5,3,4,1,3,3,2,2,1,1,0,2,1,4,4,2,3,3,0,3,1,0,0,0,3,1,0,0,2,1,1,2,2,1,2,0,1,4,3,2,1,0,1,0,1,0,0,2,3,2,1,2,2,3,1,2,1,2,2,2,3,0,5,0,0,3,9,1,1,3,2,2,1,5,3,0,1,3,1,0,1,0
ND_donor_04_cell_020,demo,ND_donor_04,ND,beta,22,31,27,26,27,22,27,25,23,29,0,4,2,4,2,2,0,2,1,1,3,11,9,7,7,4,4,3,1,4,0,2,0,1,1,3,3,0,1,0,5,2,4,1,2,2,2,0,0,2,4,1,4,0,2,2,1,3,3,1,2,3,3,1,0,3,4,0,2,3,2,4,4,4,2,1,0,0,1,5,0,0,2,1,1,1,4,1,3,1,3,0,1,3,2,0,4,1,0,3,1,0,3,2,2,2
ND_donor_04_cell_021,demo,ND_donor_04,ND,beta,11,11,16,16,21,15,12,11,15,18,2,6,7,1,5,2,7,5,3,7,3,1,5,11,9,9,2,1,0,3,1,0,0,0,1,1,5,0,2,3,2,0,3,3,1,2,1,1,1,0,4,5,0,4,1,1,0,1,1,1,4,5,1,5,1,0,2,2,0,0,1,0,0,1,3,1,2,5,0,0,4,0,0,0,2,1,3,4,2,1,0,2,1,0,1,2,0,1,1,3,2,3,1,2,0,2
ND_donor_04_cell_022,demo,ND_donor_04,ND,beta,32,32,23,34,30,23,25,27,33,31,1,1,0,2,3,2,1,1,5,1,6,6,7,4,9,9,3,2,0,2,5,5,0,4,2,1,1,1,1,1,0,1,3,0,1,1,1,1,0,1,0,1,1,0,3,3,2,0,1,0,2,0,0,1,3,0,3,1,1,4,2,1,1,2,1,1,0,2,0,0,0,3,2,1,0,2,0,1,3,2,2,2,6,2,1,2,0,2,1,5,5,0,2,3,0,2
ND_donor_04_cell_023,demo,ND_donor_04,ND,beta,38,36,38,38,40,29,23,34,45,35,1,0,1,3,2,1,0,2,3,0,4,4,8,9,3,5,1,1,5,3,2,0,0,0,2,5,2,2,3,0,0,4,5,5,2,1,2,3,1,2,1,1,1,0,1,3,1,0,0,0,0,2,4,2,1,1,1,1,1,2,0,0,1,0,3,1,1,0,1,1,2,5,2,4,0,2,2,0,3,0,6,6,2,1,0,1,0,0,0,3,1,0,2,2,3,1
ND_donor_04_cell_024,demo,ND_donor_04,ND,beta,27,21,39,28,38,29,31,18,27,19,0,1,3,2,2,1,0,1,1,2,3,12,4,5,11,4,2,1,2,3,2,0,3,1,1,0,2,2,2,1,1,0,0,1,2,0,0,0,1,0,0,2,0,2,2,0,1,1,2,1,2,3,2,3,2,0,2,2,0,2,1,2,5,1,2,0,0,3,1,2,0,3,2,5,3,1,3,0,0,2,0,0,2,2,1,0,2,1,2,0,0,2,1,0,2,4
ND_donor_04_cell_025,demo,ND_donor_04,ND,beta,23,20,29,19,26,30,16,32,24,31,2,1,4,2,3,4,1,4,1,0,4,5,4,3,4,3,3,1,0,0,5,2,4,0,2,2,1,0,2,1,0,1,1,2,0,1,0,5,4,2,1,0,2,3,2,1,4,0,0,0,0,0,2,5,3,2,4,0,4,2,0,1,5,1,3,4,1,1,2,1,0,3,2,6,1,4,3,4,3,6,1,0,0,1,3,2,1,2,3,2,2,0,2,3,5,6
ND_donor_04_cell_026,demo,ND_donor_04,ND,beta,20,23,17,25,13,20,11,15,23,18,3,3,0,1,1,3,3,1,3,2,4,2,8,8,4,5,3,1,1,1,1,3,0,2,4,1,3,2,2,1,1,4,1,2,7,2,1,0,2,0,1,2,6,4,2,0,2,5,1,7,0,1,2,0,1,2,1,0,4,2,0,1,0,4,1,3,4,1,3,0,4,3,1,1,0,1,3,2,1,2,0,1,1,1,2,0,2,3,1,0,2,0,2,1,9,1
ND_donor_04_cell_027,demo,ND_donor_04,ND,beta,18,29,34,19,26,21,31,24,21,24,4,2,2,1,3,2,1,3,0,3,5,3,6,8,2,6,3,4,0,1,0,1,1,1,2,2,2,1,1,4,3,0,6,1,6,1,0,1,2,1,0,2,3,1,1,3,0,4,3,0,2,1,2,2,1,3,2,0,1,1,0,2,1,1,4,4,2,1,2,1,1,0,1,0,2,2,1,2,2,1,1,1,0,1,3,1,4,3,1,1,2,2,1,1,2,2
ND_donor_04_cell_028,demo,ND_donor_04,ND,beta,18,18,11,7,21,13,16,12,20,19,3,2,6,2,4,3,3,4,4,7,3,6,5,7,6,4,1,1,2,4,1,0,2,2,0,2,6,3,2,7,1,3,8,2,3,2,1,0,2,1,1,1,2,4,3,1,2,0,0,2,0,1,1,7,3,4,4,1,1,2,1,1,2,1,0,4,3,1,1,0,1,0,3,2,1,1,1,7,3,4,4,4,3,0,2,2,1,3,2,1,6,1,1,0,3,1
ND_donor_04_cell_029,demo,ND_donor_04,ND,beta,34,41,37,45,40,32,26,31,31,31,1,0,1,3,1,1,2,6,2,4,2,7,8,8,3,8,2,1,3,0,0,3,1,2,1,0,1,2,3,1,2,1,0,1,1,2,0,2,1,3,2,0,0,0,2,0,2,4,2,0,1,1,5,3,2,3,2,1,0,1,1,1,4,1,0,3,0,2,1,1,1,1,2,1,1,4,1,4,2,0,4,1,2,0,6,0,0,0,0,1,3,1,0,4,1,4
ND_donor_04_cell_030,demo,ND_donor_04,ND,beta,40,34,43,30,33,47,18,40,44,38,2,2,1,1,0,1,2,1,0,1,9,10,9,8,13,6,0,2,1,1,2,2,2,1,2,4,3,1,1,1,6,4,4,0,3,4,0,0,1,1,2,0,4,0,1,1,1,2,1,5,8,0,0,1,1,0,1,1,4,1,2,6,1,5,2,0,0,2,1,1,0,2,1,3,4,1,1,3,2,0,3,0,0,2,3,1,3,1,3,3,3,1,2,6,2,2
ND_donor_04_cell_031,demo,ND_donor_04,ND,beta,21,32,34,23,19,27,35,27,23,28,1,1,3,0,0,2,3,2,1,2,7,7,1,10,1,6,0,3,3,7,2,1,0,0,1,0,5,2,2,3,3,1,0,1,3,1,3,1,2,0,1,3,1,2,1,3,0,2,4,0,1,0,1,3,6,2,4,0,2,2,1,3,1,3,3,1,3,1,1,1,0,0,3,0,3,3,1,1,0,2,2,1,2,3,6,1,0,1,2,1,1,4,3,0,2,3
ND_donor_04_cell_032,demo,ND_donor_04,ND,beta,58,64,67,73,61,55,68,65,68,59,1,3,0,1,0,0,1,0,0,1,9,8,11,7,6,10,2,0,1,3,1,2,1,1,2,0,4,2,4,0,3,1,0,1,0,0,0,1,0,0,1,0,0,1,1,0,1,1,0,0,2,3,3,2,2,0,1,0,4,2,0,0,4,2,1,2,0,0,4,0,2,2,2,3,1,1,3,0,0,2,2,1,1,3,4,1,1,3,3,2,2,2,3,0,1,1
ND_donor_04_cell_033,demo,ND_donor_04,ND,beta,28,31,25,26,24,24,31,33,37,26,1,0,1,4,2,0,0,0,2,0,11,2,9,9,6,4,0,1,1,4,3,2,1,2,2,1,2,0,2,0,2,1,5,1,7,1,3,2,3,1,2,0,0,1,3,0,0,1,3,1,0,2,0,0,1,0,2,2,0,1,0,2,4,2,1,0,3,3,0,1,1,3,3,6,3,2,1,1,2,9,5,2,4,0,2,0,2,1,1,4,0,2,2,2,0,0
ND_donor_04_cell_034,demo,ND_donor_04,ND,beta,24,15,17,20,19,22,14,21,16,21,3,3,4,6,4,3,5,3,1,7,3,8,5,7,2,3,3,4,2,0,4,1,1,0,0,4,1,0,0,1,0,2,2,2,1,0,0,3,1,2,3,1,2,2,0,0,1,0,5,1,3,1,0,0,2,2,2,2,1,1,2,4,0,0,1,0,6,3,0,3,0,2,2,0,0,1,1,0,3,2,1,0,4,0,1,1,2,1,1,3,2,0,0,2,3,3
ND_donor_04_cell_035,demo,ND_donor_04,ND,beta,65,67,79,87,56,59,59,71,72,70,0,1,0,0,0,0,1,3,1,1,9,8,16,13,4,7,1,4,2,1,5,2,2,4,0,0,1,0,2,0,3,3,2,2,4,0,2,1,2,1,1,0,2,0,1,0,2,2,1,3,5,0,2,2,1,0,1,1,4,0,1,1,4,0,1,1,2,1,1,1,2,3,2,1,4,2,3,1,1,4,1,1,1,0,1,1,3,2,0,0,1,4,3,2,1,0
ND_donor_04_cell_036,demo,ND_donor_04,ND,beta,12,20,17,17,22,13,21,21,20,26,1,6,1,1,4,2,3,3,3,4,5,4,2,3,3,4,2,1,2,0,2,0,3,4,0,0,1,0,0,2,4,6,1,2,7,0,1,1,0,1,2,4,2,3,1,4,0,6,3,2,4,0,1,2,3,1,2,2,4,3,1,1,0,1,1,4,0,1,1,0,0,4,1,2,3,1,3,5,3,1,1,1,6,2,0,3,5,0,1,0,6,2,2,2,1,2
ND_donor_04_cell_037,demo,ND_donor_04,ND,beta,28,30,29,36,33,42,36,28,31,33,2,2,1,0,1,0,0,5,1,1,8,5,9,18,8,10,2,0,2,0,2,2,1,0,3,2,2,7,3,2,3,0,0,2,0,1,2,0,0,3,1,0,1,5,2,0,2,2,1,0,0,1,4,2,3,3,2,2,0,0,0,2,4,2,2,0,2,0,1,0,1,0,0,0,2,6,1,1,0,4,3,0,3,3,3,2,1,1,1,7,4,1,1,2,2,2
ND_donor_04_cell_038,demo,ND_donor_04,ND,beta,13,7,9,7,15,13,20,16,7,10,3,2,2,2,2,4,6,4,10,4,11,6,6,2,8,3,0,2,2,4,2,0,1,4,1,6,1,3,1,1,0,2,0,0,1,1,5,0,2,1,3,2,2,1,2,2,0,2,0,1,4,2,2,1,3,0,0,0,3,2,3,3,1,2,3,0,0,3,3,3,4,4,0,2,0,3,3,1,0,2,3,1,1,1,0,3,1,1,1,2,1,1,2,0,0,4
ND_donor_04_cell_039,demo,ND_donor_04,ND,beta,72,81,101,93,93,89,84,67,87,68,0,1,0,4,1,1,0,0,0,1,10,4,10,10,12,11,1,1,1,0,1,0,1,0,2,3,1,1,2,4,1,1,1,3,1,0,1,3,1,0,5,1,2,1,2,3,0,2,3,1,2,1,0,2,1,1,2,3,4,0,1,4,3,0,0,2,2,0,3,2,3,0,1,2,2,2,0,1,1,2,5,4,1,0,4,0,2,3,1,2,0,4,1,3,1,2
ND_donor_04_cell_040,demo,ND_donor_04,ND,beta,13,12,19,20,15,17,8,20,15,16,3,3,3,1,1,2,2,4,7,4,4,5,6,3,5,6,3,1,0,2,2,2,1,0,1,1,2,2,3,1,2,4,2,5,1,2,2,1,2,0,1,10,0,2,2,2,3,0,1,0,0,2,2,0,1,0,0,2,0,1,2,4,2,1,3,2,0,5,4,2,2,0,3,1,3,3,1,1,2,1,2,0,2,2,1,2,1,1,3,1,3,0,2,1,1,0
ND_donor_04_cell_041,demo,ND_donor_04,ND,beta,19,20,18,29,21,25,29,30,25,34,1,0,1,1,0,1,1,2,2,1,8,7,10,6,6,7,1,2,2,1,2,0,0,2,2,0,2,1,2,0,0,1,2,3,2,1,6,5,2,4,2,2,0,2,1,0,0,0,2,4,2,0,3,2,0,2,2,2,0,4,2,1,0,1,0,3,3,1,2,0,0,1,2,0,1,1,4,0,1,1,0,3,1,2,1,3,1,2,2,3,9,0,2,0,1,1
ND_donor_04_cell_042,demo,ND_donor_04,ND,beta,32,35,29,28,37,36,30,27,27,26,1,1,1,0,0,1,1,2,1,1,4,8,9,5,4,5,2,2,0,1,2,1,3,3,2,1,1,1,0,0,6,3,0,3,1,2,0,0,1,1,2,4,0,1,2,0,0,0,5,1,1,1,0,3,2,1,1,1,1,4,1,1,2,0,0,0,2,0,0,4,0,3,0,2,1,2,2,3,1,2,2,1,1,1,0,1,4,4,3,3,1,0,5,2,1,1
ND_donor_04_cell_043,demo,ND_donor_04,ND,beta,103,81,102,97,107,97,99,91,76,88,1,0,2,0,1,0,1,0,3,2,7,8,12,10,9,7,5,1,0,0,5,2,2,1,0,0,2,0,0,4,2,0,1,1,2,1,2,2,3,3,1,1,0,1,0,1,1,4,2,0,10,2,0,0,1,0,2,0,0,0,3,1,0,2,3,0,4,0,1,1,2,2,4,0,1,4,1,1,2,0,0,5,2,1,2,1,3,1,1,1,1,0,5,0,5,3
ND_donor_04_cell_044,demo,ND_donor_04,ND,beta,19,13,12,21,12,9,12,19,11,11,2,5,6,8,4,4,0,2,10,3,5,6,4,5,4,3,0,3,6,2,3,0,3,5,2,2,1,1,3,1,1,3,1,0,0,2,5,4,1,1,2,0,2,0,2,1,0,3,1,0,5,2,0,0,2,1,2,0,0,2,0,2,0,0,5,2,0,1,2,3,2,0,2,1,1,1,0,0,3,0,1,1,0,1,3,2,1,1,1,0,2,1,1,1,0,6
ND_donor_04_cell_045,demo,ND_donor_04,ND,beta,36,44,30,28,28,25,23,23,13,25,2,0,2,4,1,3,2,2,2,4,5,5,7,6,6,8,0,5,4,3,1,2,0,0,2,2,3,3,0,1,4,0,0,2,1,3,1,3,2,1,1,3,0,3,0,0,2,1,0,0,6,0,1,1,0,1,6,5,1,0,1,0,1,1,5,2,1,0,1,4,1,0,1,4,4,2,0,3,2,2,1,0,2,2,5,1,3,1,0,2,1,1,0,2,0,0
ND_donor_04_cell_046,demo,ND_donor_04,ND,beta,108,97,90,91,80,97,86,92,83,108,0,1,1,0,1,2,0,0,1,0,10,12,8,6,10,8,1,3,0,3,0,2,2,1,3,2,2,0,3,3,0,1,2,2,1,3,5,1,2,2,1,1,4,2,2,0,1,2,0,2,1,4,0,1,1,1,0,4,0,3,1,3,1,1,2,2,2,3,2,0,1,4,3,0,0,1,1,1,0,1,1,0,1,0,0,4,1,1,1,0,1,2,4,3,4,5
ND_donor_04_cell_047,demo,ND_donor_04,ND,beta,59,50,73,48,55,56,51,58,54,53,2,2,0,1,0,2,0,0,2,0,6,6,10,6,10,7,1,0,1,2,2,1,0,2,0,2,3,0,0,4,2,2,4,2,0,0,1,3,1,1,5,2,3,0,0,2,4,2,1,1,3,2,0,1,0,2,2,1,1,0,3,1,3,0,4,0,1,1,4,0,2,2,1,0,1,2,3,2,1,0,4,0,2,3,1,5,0,5,2,4,0,2,1,2,3,0
ND_donor_04_cell_048,demo,ND_donor_04,ND,beta,50,47,38,44,53,44,49,41,49,39,3,0,0,2,2,1,2,0,2,0,7,6,10,7,4,9,1,1,3,2,1,0,3,2,2,4,1,1,2,2,0,4,1,5,1,3,3,1,2,1,2,3,2,5,2,4,1,2,8,3,2,2,2,2,2,2,1,1,2,2,1,1,1,5,0,1,1,2,2,4,1,0,0,5,1,4,4,4,1,0,0,1,0,1,1,1,0,0,2,1,1,2,5,1,0,3
ND_donor_04_cell_049,demo,ND_donor_04,ND,beta,41,47,35,38,41,28,36,28,46,41,1,2,1,0,0,3,2,0,2,1,10,10,9,9,6,9,1,3,0,2,0,4,3,0,1,1,0,2,0,0,1,0,1,1,0,2,2,0,3,2,2,1,3,0,2,1,3,2,5,2,0,1,4,0,2,4,1,6,4,7,2,0,2,0,2,0,2,3,2,0,1,2,1,2,1,0,2,1,4,2,1,2,1,2,0,3,3,1,2,6,1,2,0,1,2,1
ND_donor_04_cell_050,demo,ND_donor_04,ND,beta,13,12,17,17,18,14,10,19,4,15,2,3,2,4,5,7,4,4,7,3,8,0,6,5,4,3,0,1,2,4,0,0,2,7,0,0,2,1,0,4,3,2,2,3,1,3,2,0,2,5,0,0,0,3,3,1,2,2,2,2,2,1,3,4,1,2,5,1,4,3,2,1,2,4,4,4,3,4,0,2,2,3,0,3,1,2,3,3,0,4,3,4,2,3,2,2,1,0,1,2,0,0,2,0,3,0
ND_donor_04_cell_051,demo,ND_donor_04,ND,beta,29,32,17,29,31,18,29,33,22,22,2,2,2,1,1,1,3,3,5,2,10,5,7,6,7,8,2,4,1,2,2,1,2,0,1,2,4,1,2,2,0,1,9,5,0,0,4,1,3,1,2,5,2,4,2,2,0,0,4,0,2,1,1,1,1,1,2,0,4,3,2,0,2,0,3,1,1,2,2,1,1,0,0,2,2,5,1,1,1,1,5,7,8,0,4,3,0,0,2,0,2,2,0,2,2,0
ND_donor_04_cell_052,demo,ND_donor_04,ND,beta,32,25,30,28,29,34,36,24,29,25,3,3,1,2,2,0,1,2,1,1,5,3,9,5,5,9,1,0,6,1,3,4,0,3,0,1,0,3,0,4,1,2,4,0,2,2,0,2,2,6,1,3,3,3,2,0,4,3,1,2,0,1,1,5,5,3,3,3,2,1,1,1,0,2,2,4,1,1,1,1,2,1,1,1,1,1,1,0,3,1,2,1,1,0,0,2,4,1,2,3,4,1,0,2,2,9
ND_donor_04_cell_053,demo,ND_donor_04,ND,beta,37,52,45,47,38,49,53,58,49,61,0,2,3,1,0,1,1,1,1,1,11,8,3,9,7,11,1,0,3,1,0,0,1,1,3,1,5,2,1,1,0,5,2,2,1,2,1,2,2,1,1,2,0,1,0,1,0,0,4,2,3,2,2,0,0,3,3,5,0,0,1,3,2,3,2,1,6,1,3,1,3,2,2,2,1,3,1,1,4,0,0,0,2,6,0,2,1,0,0,1,1,2,2,0,0,1
ND_donor_04_cell_054,demo,ND_donor_04,ND,beta,36,37,31,24,15,27,28,26,24,25,4,0,3,0,1,2,2,3,2,3,5,3,7,6,8,7,2,0,2,0,1,2,0,2,1,1,3,2,3,0,1,3,2,2,3,1,2,2,1,5,3,1,2,2,1,1,5,2,1,0,1,0,3,3,1,0,0,0,4,2,2,1,1,3,2,0,0,2,2,3,3,2,1,2,1,1,3,2,4,3,4,1,1,3,2,2,2,3,1,1,1,2,1,1,0,3
ND_donor_04_cell_055,demo,ND_donor_04,ND,beta,73,77,82,51,64,75,81,70,81,68,1,0,1,1,1,0,0,1,2,0,7,6,9,7,10,4,2,3,1,3,0,2,0,0,1,3,2,0,2,3,2,2,4,1,0,0,2,0,1,0,1,3,0,0,2,1,0,1,1,3,1,3,1,2,7,1,2,1,1,0,0,0,0,1,1,5,0,3,1,1,2,3,3,1,4,0,3,0,5,0,6,2,0,3,1,2,3,4,0,1,2,1,2,3,2,2
ND_donor_04_cell_056,demo,ND_donor_04,ND,beta,53,62,37,44,39,68,50,31,53,38,1,1,1,0,0,1,1,2,0,0,4,8,13,5,10,5,5,8,1,1,2,3,2,2,1,2,2,0,0,0,0,4,2,1,0,3,2,5,2,1,1,3,1,0,0,0,3,0,2,2,0,1,1,2,1,2,4,0,2,2,3,2,3,1,2,2,2,3,0,2,0,2,0,0,1,0,0,1,5,1,2,1,1,1,0,3,1,1,4,1,3,1,3,3,2,3
ND_donor_04_cell_057,demo,ND_donor_04,ND,beta,36,26,28,34,33,21,34,33,25,23,0,0,1,5,3,0,2,2,0,3,2,3,3,7,3,6,1,0,1,3,4,3,1,0,5,1,1,5,3,0,2,3,1,3,1,1,4,4,1,4,0,3,0,3,5,0,1,4,2,2,0,2,0,1,5,0,1,1,2,1,1,3,3,1,5,0,5,3,0,2,3,3,1,2,1,1,3,1,3,0,0,1,3,2,3,1,2,3,2,5,1,2,2,2,0,0
ND_donor_04_cell_058,demo,ND_donor_04,ND,beta,35,32,42,36,38,41,36,46,36,35,0,2,1,0,1,0,3,2,1,1,10,11,9,12,14,6,2,2,1,2,3,6,1,0,0,1,3,2,0,1,2,1,3,5,1,1,0,3,4,3,4,4,4,2,0,0,3,2,1,0,0,2,0,2,1,1,1,0,2,1,0,2,0,1,3,0,0,2,3,1,2,2,2,1,1,3,3,1,2,3,0,3,0,2,0,1,0,1,2,6,0,0,0,0,1,2
ND_donor_04_cell_059,demo,ND_donor_04,ND,beta,55,51,55,47,48,45,45,54,53,54,1,1,0,0,0,1,0,0,2,2,10,8,10,13,6,9,2,2,2,2,0,1,0,2,0,3,2,0,0,2,3,1,2,0,1,1,1,0,2,0,0,2,3,4,5,0,2,3,2,1,3,3,0,2,4,1,2,0,2,3,4,1,0,2,1,6,2,2,4,1,0,1,4,4,3,1,5,0,0,5,3,2,4,2,3,3,0,2,2,2,1,1,0,1,2,1
ND_donor_04_cell_060,demo,ND_donor_04,ND,beta,29,25,37,40,29,35,28,40,28,33,0,4,2,1,2,2,2,4,0,0,6,6,6,7,7,7,2,0,0,5,0,3,6,2,2,4,3,0,3,0,1,2,0,3,2,4,5,2,0,5,3,2,2,1,0,2,0,1,4,5,1,0,2,1,2,1,0,2,2,2,3,1,1,0,2,1,4,1,3,0,1,3,5,1,0,2,0,4,1,2,0,3,3,4,2,0,2,1,2,1,0,4,4,1,3,1
ND_donor_04_cell_061,demo,ND_donor_04,ND,beta,23,17,17,25,15,24,24,24,28,26,2,1,2,0,2,2,1,1,4,3,5,8,5,4,9,9,2,0,4,0,0,3,1,1,1,2,2,3,3,2,2,2,2,1,0,3,1,0,1,6,4,5,3,1,6,4,1,3,2,0,0,1,0,3,1,0,0,5,1,2,1,3,5,1,3,5,4,2,1,2,0,1,3,2,2,2,2,2,4,2,5,1,0,1,1,1,0,6,1,1,0,4,2,4,0,2
ND_donor_04_cell_062,demo,ND_donor_04,ND,beta,18,20,18,20,21,24,18,12,20,16,1,5,0,3,2,2,1,3,4,0,9,6,6,11,5,12,3,7,1,1,2,3,3,1,3,2,1,1,0,1,1,0,1,3,1,3,0,0,0,0,0,1,2,3,0,2,1,2,1,1,1,0,5,2,0,0,2,1,3,1,1,2,0,1,2,0,1,4,2,2,3,2,0,2,0,1,6,1,0,3,2,0,1,2,0,2,3,0,2,0,3,4,5,2,1,1
ND_donor_04_cell_063,demo,ND_donor_04,ND,beta,45,41,43,32,39,42,33,33,36,41,0,2,1,2,2,1,3,1,1,1,11,7,6,6,14,8,1,1,6,0,2,1,2,0,2,0,2,0,1,0,2,5,4,0,1,1,0,4,4,1,4,3,1,1,3,2,3,1,4,0,1,1,1,0,0,2,0,5,1,1,3,0,5,3,1,0,1,6,3,0,4,0,1,2,1,3,3,1,1,3,0,0,0,0,4,1,2,0,0,6,0,0,1,1,2,1
ND_donor_04_cell_064,demo,ND_donor_04,ND,beta,30,37,27,27,40,35,27,23,32,38,0,0,2,2,2,0,0,1,1,1,4,6,4,9,8,6,1,3,0,2,1,4,2,4,5,1,3,6,0,2,1,1,1,0,3,2,5,3,2,4,4,0,0,2,2,0,2,1,4,4,0,2,1,3,2,1,4,4,3,2,0,0,1,0,2,1,1,5,1,1,3,2,4,0,0,2,3,1,1,1,1,0,0,1,3,0,0,1,2,0,1,2,2,5,1,2
ND_donor_04_cell_065,demo,ND_donor_04,ND,beta,8,8,6,11,6,6,6,8,9,10,3,4,10,5,10,8,10,5,8,7,6,5,5,5,5,5,2,0,0,1,5,2,1,4,0,5,3,4,0,3,2,3,1,2,3,0,3,0,0,3,1,2,4,1,3,3,5,0,2,1,1,0,4,2,1,1,0,1,1,0,2,2,1,5,1,5,3,0,1,0,3,0,1,5,1,1,2,1,4,0,4,0,2,1,2,1,1,3,3,5,3,2,0,0,2,2
ND_donor_04_cell_066,demo,ND_donor_04,ND,beta,27,21,17,30,21,23,21,23,28,22,3,1,3,2,1,7,3,1,2,1,10,5,7,8,10,8,2,0,3,2,1,2,2,2,1,4,2,4,2,2,1,1,2,2,3,2,0,1,4,0,4,2,5,2,3,0,3,1,0,0,2,1,0,0,7,1,5,4,2,3,0,1,5,0,1,1,4,3,3,3,4,1,2,2,0,1,1,1,2,4,0,0,4,0,0,3,0,0,0,3,4,2,1,0,2,1
ND_donor_04_cell_067,demo,ND_donor_04,ND,beta,22,39,31,29,23,34,24,24,34,34,2,1,3,3,0,7,3,3,1,1,8,6,6,2,7,13,1,2,1,5,0,5,2,2,1,0,4,0,3,0,3,4,0,1,2,3,1,2,2,3,3,1,1,2,1,1,7,0,2,0,0,6,2,1,0,1,1,0,0,4,1,1,0,1,1,2,4,2,0,5,1,2,1,3,3,1,1,2,1,1,1,2,0,1,1,3,1,2,2,0,2,1,3,3,1,3
ND_donor_04_cell_068,demo,ND_donor_04,ND,beta,17,29,18,19,21,19,15,22,26,16,2,2,1,4,1,0,5,1,3,5,6,2,5,8,9,4,2,3,2,2,2,0,0,2,1,4,0,2,4,6,1,3,0,3,2,1,0,1,2,2,1,1,0,1,0,1,0,0,0,1,1,6,1,1,2,1,2,2,3,1,4,0,1,2,0,3,2,2,1,3,3,1,5,1,4,2,1,1,3,2,1,1,3,2,2,0,1,3,1,1,4,0,0,0,2,4
ND_donor_04_cell_069,demo,ND_donor_04,ND,beta,26,29,15,14,16,15,22,22,15,22,4,4,1,5,5,5,1,3,3,2,1,10,6,8,4,8,6,0,2,1,2,1,1,0,1,4,2,2,1,2,2,4,1,1,1,1,3,0,1,0,5,3,0,5,3,4,1,3,3,3,2,0,1,2,1,0,3,2,1,2,1,1,4,3,2,3,2,1,1,2,1,5,7,2,3,1,2,1,0,0,2,5,3,5,1,1,0,0,1,0,1,1,2,1,1,2
ND_donor_04_cell_070,demo,ND_donor_04,ND,beta,27,13,16,25,18,26,25,20,19,26,6,2,1,2,1,1,3,0,1,2,4,5,8,9,7,3,1,0,4,3,0,2,3,5,5,3,1,2,2,1,1,3,2,2,1,3,2,4,2,4,1,1,4,6,0,0,3,1,5,1,0,0,2,4,0,2,2,2,4,1,0,2,1,2,4,4,4,0,1,2,1,1,2,3,0,4,2,3,0,4,1,4,6,3,2,1,1,2,3,2,1,0,1,1,2,0
ND_donor_04_cell_071,demo,ND_donor_04,ND,beta,20,30,24,19,29,17,15,23,30,29,5,0,3,2,1,2,3,1,3,2,9,4,2,3,6,3,2,1,3,3,4,4,1,5,2,3,0,1,5,0,5,2,1,1,1,1,1,2,0,3,1,0,0,2,0,0,0,5,0,1,1,4,0,1,2,0,1,5,0,3,3,2,0,7,0,2,0,1,2,1,1,1,1,0,4,4,1,0,3,1,3,0,1,1,0,1,0,0,3,1,3,2,2,1,2,3
ND_donor_04_cell_072,demo,ND_donor_04,ND,beta,32,38,29,46,36,31,28,37,26,34,0,3,2,0,1,0,1,0,2,0,4,9,4,7,9,7,1,1,1,3,1,1,1,2,3,0,3,1,2,2,1,2,1,3,1,3,0,0,2,2,0,2,0,0,3,1,2,0,2,4,0,1,4,2,0,0,1,1,3,0,3,1,2,2,2,0,0,1,2,1,0,1,1,6,5,2,2,5,0,0,2,2,3,0,1,0,4,1,2,1,3,1,2,2,1,1
ND_donor_04_cell_073,demo,ND_donor_04,ND,beta,27,34,30,31,31,32,36,27,28,22,1,0,3,2,3,1,1,4,3,3,6,4,10,8,3,6,0,1,1,2,0,1,1,3,0,2,1,0,2,2,5,1,0,2,2,1,1,1,1,0,2,7,3,4,2,1,1,3,2,6,2,4,2,0,0,1,4,1,2,2,2,3,1,0,2,3,3,2,0,1,0,1,3,2,4,3,0,2,4,0,1,2,2,2,1,1,3,2,1,6,2,4,4,1,3,2
ND_donor_04_cell_074,demo,ND_donor_04,ND,beta,10,14,20,12,13,11,20,13,15,19,3,5,1,3,4,5,4,7,2,5,3,4,4,3,8,1,0,4,1,2,1,0,2,4,4,0,1,2,0,2,0,3,5,1,1,1,2,2,1,2,0,0,0,2,3,2,3,0,1,2,1,0,2,0,2,1,2,0,1,2,0,0,4,1,8,1,1,2,1,1,1,2,2,2,1,0,2,1,0,1,3,3,3,3,2,0,1,3,3,2,1,2,2,0,1,0
ND_donor_04_cell_075,demo,ND_donor_04,ND,beta,60,80,64,88,68,46,64,61,57,60,1,0,0,1,1,1,1,0,0,0,14,17,6,10,10,12,0,0,1,1,1,1,2,3,0,2,2,3,1,2,1,1,1,2,2,3,1,3,0,2,2,2,2,0,2,5,2,0,2,3,1,3,0,2,2,2,0,0,4,2,4,1,1,1,1,0,4,1,1,1,2,1,1,0,2,1,2,3,0,1,1,1,1,0,5,3,5,1,1,2,2,0,1,0,2,2
ND_donor_04_cell_076,demo,ND_donor_04,ND,beta,33,26,29,16,15,14,23,19,18,33,2,4,2,0,2,0,2,4,2,3,5,6,5,5,4,8,2,2,1,0,2,1,5,4,8,1,2,2,0,0,0,0,2,3,3,0,3,1,4,3,4,1,1,1,3,2,2,3,4,0,1,3,1,1,2,2,0,3,2,4,2,0,2,0,0,0,1,1,2,1,1,2,3,1,1,0,3,0,4,4,4,0,2,1,3,1,0,0,2,1,4,1,0,1,3,0
ND_donor_04_cell_077,demo,ND_donor_04,ND,beta,47,49,57,63,54,40,54,47,38,44,2,0,0,1,2,2,0,3,0,0,11,8,4,9,6,4,3,1,3,2,3,0,2,1,4,2,3,0,4,2,4,4,1,0,1,0,0,1,1,1,0,1,5,0,2,2,8,4,1,2,2,0,0,3,5,3,2,1,3,1,2,3,1,3,3,3,2,4,0,4,0,2,0,5,3,0,5,5,1,1,1,2,1,1,1,0,2,1,3,0,0,0,3,3,2,1
ND_donor_04_cell_078,demo,ND_donor_04,ND,beta,28,28,35,39,29,26,27,33,38,36,0,3,1,0,2,2,2,1,2,3,9,8,7,9,5,6,1,6,1,1,1,4,2,4,0,1,4,2,1,2,0,1,1,1,1,2,1,3,2,0,1,2,2,2,0,2,2,2,4,2,0,6,3,1,1,2,0,0,1,5,3,1,1,1,1,0,3,2,0,3,1,2,1,0,4,1,1,0,0,2,0,4,3,2,1,1,4,2,4,0,0,1,1,0,2,1
ND_donor_04_cell_079,demo,ND_donor_04,ND,beta,24,35,29,30,33,29,34,33,39,20,1,3,2,1,1,3,0,2,3,3,10,7,4,5,5,5,2,1,0,0,1,1,1,1,0,1,4,2,2,1,1,3,0,3,3,3,0,1,1,6,1,2,1,2,4,0,2,1,3,0,2,2,0,1,2,4,2,1,3,2,0,1,0,0,2,2,0,0,3,1,3,2,2,2,1,2,1,1,3,3,2,3,0,1,2,2,1,1,1,3,0,0,3,1,1,2
ND_donor_04_cell_080,demo,ND_donor_04,ND,beta,34,41,45,30,43,36,44,43,36,33,1,0,2,1,1,0,2,3,1,1,7,2,10,6,7,9,1,4,0,0,1,0,0,1,1,0,3,1,2,1,3,5,0,2,1,0,1,0,2,2,1,3,0,1,4,4,1,2,2,3,1,1,2,3,1,3,1,1,3,4,1,1,0,3,1,2,0,2,0,1,1,1,1,0,2,1,2,1,0,2,1,1,6,4,2,0,1,2,3,2,4,0,2,2,2,4
ND_donor_04_cell_081,demo,ND_donor_04,ND,beta,50,49,53,47,52,42,53,59,38,60,1,2,1,0,0,1,3,1,0,2,9,6,3,8,6,5,5,1,1,1,1,1,0,2,1,1,2,1,1,0,1,2,1,1,2,0,0,2,2,2,0,2,3,3,3,2,1,2,5,2,4,3,2,2,0,1,1,1,1,2,2,1,1,4,2,3,1,0,2,2,1,1,2,2,3,3,1,1,2,0,0,1,3,0,1,2,0,1,3,1,1,1,1,2,2,2
ND_donor_04_cell_082,demo,ND_donor_04,ND,beta,74,78,73,71,78,77,71,73,66,65,1,1,0,0,2,0,0,1,1,0,14,9,11,8,7,8,1,4,2,1,2,1,3,0,2,0,0,2,0,2,0,4,1,4,2,0,0,0,1,3,2,4,1,4,4,0,4,0,0,3,1,3,2,2,4,3,2,0,0,3,0,2,1,0,1,2,1,4,0,2,0,3,1,1,1,4,2,3,3,2,2,1,3,2,0,2,2,4,3,7,0,3,0,2,5,1
ND_donor_04_cell_083,demo,ND_donor_04,ND,beta,9,8,8,6,4,9,16,14,9,13,8,3,2,5,5,10,5,6,2,6,5,5,4,6,6,4,0,0,2,2,3,0,0,1,1,1,0,3,4,2,1,0,0,3,1,0,3,4,0,0,2,0,2,1,3,2,0,1,3,0,0,0,1,3,0,3,2,2,5,0,1,2,0,2,0,0,3,0,2,0,3,2,2,0,0,1,1,3,6,1,5,1,5,2,0,0,2,2,2,2,2,2,2,1,3,1
ND_donor_04_cell_084,demo,ND_donor_04,ND,beta,16,23,17,19,18,25,16,28,13,18,3,1,2,2,0,2,1,4,4,2,4,3,8,4,6,5,1,3,4,2,1,0,0,0,2,0,0,1,4,0,4,0,1,2,1,5,2,0,0,2,2,3,0,1,1,2,2,0,1,3,0,1,1,0,0,2,2,1,3,3,2,1,1,1,1,5,1,1,1,2,4,1,2,0,0,1,1,1,3,3,2,1,0,1,0,2,1,0,3,2,3,0,2,1,3,1
ND_donor_04_cell_085,demo,ND_donor_04,ND,beta,49,43,52,48,55,43,48,35,63,48,0,1,1,1,0,0,4,0,2,1,6,13,9,11,8,6,6,4,3,3,1,0,4,2,1,3,0,0,4,2,0,1,4,4,4,1,1,2,0,1,0,0,2,3,1,2,2,0,1,0,0,2,1,1,1,0,1,3,3,0,3,0,2,0,1,2,2,0,1,1,2,1,4,0,2,1,2,1,0,0,2,3,5,1,3,6,2,3,1,1,2,3,0,2,3,0
ND_donor_04_cell_086,demo,ND_donor_04,ND,beta,59,53,69,56,61,58,58,54,44,55,0,0,1,0,0,0,1,0,0,0,9,6,10,9,8,9,2,3,3,1,3,1,1,0,2,4,3,1,2,0,2,1,2,1,1,0,4,2,0,2,6,4,3,2,2,1,1,2,0,1,3,1,3,1,9,0,0,3,1,2,0,2,3,1,0,1,1,2,6,3,3,0,1,4,3,2,2,5,4,1,2,2,5,4,0,3,1,2,0,1,3,0,1,4,1,2
ND_donor_04_cell_087,demo,ND_donor_04,ND,beta,31,25,27,27,19,25,30,20,19,15,3,3,1,3,2,2,2,3,5,4,0,8,6,11,12,9,2,5,0,3,2,4,1,0,1,3,1,0,0,1,1,5,3,1,0,0,1,1,2,3,2,0,2,0,3,1,0,3,2,4,1,2,0,3,2,3,5,1,1,2,1,2,3,2,1,2,2,1,1,3,4,2,0,0,0,1,1,0,1,0,2,1,1,0,1,1,1,0,0,1,2,2,0,3,3,0
ND_donor_04_cell_088,demo,ND_donor_04,ND,beta,7,10,12,14,11,12,11,12,14,15,2,3,3,0,2,1,2,1,3,5,5,3,2,13,13,2,3,1,1,4,1,1,5,1,0,1,3,0,2,3,3,1,1,0,6,0,4,1,2,3,2,0,4,1,2,3,1,4,4,5,5,3,3,2,1,3,4,0,0,1,5,4,1,3,0,1,2,1,0,3,1,2,1,2,1,4,3,1,3,1,0,3,1,2,0,0,1,1,2,1,3,1,2,3,1,1
ND_donor_04_cell_089,demo,ND_donor_04,ND,beta,19,8,7,8,18,15,12,7,15,19,3,5,3,2,7,4,2,0,3,2,3,3,3,6,4,6,2,0,3,1,3,1,1,4,1,5,1,2,3,0,0,2,0,2,3,0,0,1,2,4,0,3,6,2,0,1,3,2,2,2,2,3,1,3,3,6,1,1,2,3,0,0,0,0,0,1,1,1,1,1,3,5,1,1,1,1,1,1,1,9,2,3,0,1,0,1,2,4,2,2,1,2,4,2,2,4
ND_donor_04_cell_090,demo,ND_donor_04,ND,beta,50,58,56,58,61,47,50,49,53,52,1,1,0,1,4,0,0,3,1,0,5,7,7,3,5,8,1,0,2,1,0,2,3,0,1,3,1,2,2,2,2,2,1,3,1,1,1,0,0,2,0,0,2,0,1,3,3,0,1,4,3,2,0,0,0,3,4,2,0,1,1,1,1,1,5,1,0,1,1,2,3,0,0,1,3,2,1,2,3,2,3,1,1,1,3,0,3,3,3,2,2,1,1,0,1,1
ND_donor_04_cell_091,demo,ND_donor_04,ND,beta,26,33,24,22,25,18,21,14,19,27,3,1,4,1,1,0,0,7,2,3,9,6,4,8,7,2,2,1,1,1,1,1,2,0,2,2,1,0,1,1,0,5,1,1,1,0,6,2,5,3,1,0,0,1,2,1,1,2,0,1,3,0,0,5,1,0,2,2,1,1,1,3,3,2,0,0,4,3,2,1,2,0,1,4,5,3,1,3,1,0,1,1,0,1,0,0,1,1,4,8,6,2,3,0,0,0
ND_donor_04_cell_092,demo,ND_donor_04,ND,beta,11,13,12,14,12,11,15,12,15,30,5,3,3,7,2,5,5,5,6,10,5,6,1,3,4,5,2,1,2,3,0,5,3,1,0,2,1,2,3,1,2,2,1,2,1,0,2,3,1,0,0,2,0,4,1,0,2,1,2,1,3,0,1,2,2,3,3,1,2,3,2,2,3,1,0,5,1,2,1,0,1,1,2,1,1,3,0,0,0,1,3,3,1,0,1,2,5,3,3,7,1,1,2,2,2,0
ND_donor_04_cell_093,demo,ND_donor_04,ND,beta,41,31,41,29,28,28,24,37,34,32,2,1,3,1,2,3,2,2,2,1,10,6,8,5,7,9,1,2,4,1,3,2,1,2,0,1,1,0,3,2,0,1,3,4,2,2,2,0,7,1,2,1,5,1,2,1,6,1,0,5,0,1,1,2,2,0,2,3,0,2,3,2,1,3,1,0,1,5,1,2,2,1,3,5,0,1,2,1,2,5,2,1,1,1,2,0,7,1,2,1,1,1,0,2,6,3
ND_donor_04_cell_094,demo,ND_donor_04,ND,beta,16,10,11,12,9,19,15,21,16,13,0,8,2,7,4,7,4,2,3,6,7,1,11,5,9,8,3,1,1,4,0,1,3,0,1,2,3,2,0,0,5,2,1,1,1,0,0,1,3,0,4,6,3,3,0,1,1,2,3,0,2,4,4,2,3,0,3,0,7,0,5,1,0,0,0,0,1,2,1,0,0,1,1,1,4,3,1,0,0,6,1,1,3,3,0,7,1,1,0,1,2,0,1,0,2,1
ND_donor_04_cell_095,demo,ND_donor_04,ND,beta,14,23,20,22,23,15,14,16,29,20,2,2,1,0,1,1,2,3,3,5,2,7,2,4,4,5,0,3,0,3,6,3,1,3,0,2,3,2,0,3,2,2,0,2,1,1,1,3,5,0,2,6,2,2,3,2,1,3,3,3,6,5,0,1,2,1,2,1,1,5,1,4,3,3,3,1,2,2,0,0,1,4,0,1,0,2,2,1,0,1,0,1,3,2,0,2,2,0,0,2,1,2,4,3,3,2
ND_donor_04_cell_096,demo,ND_donor_04,ND,beta,45,48,55,51,48,50,42,45,60,60,3,0,2,1,1,0,1,1,1,1,8,7,10,7,7,3,4,2,2,2,5,1,1,0,0,0,2,1,0,3,2,1,1,1,3,2,4,1,4,1,1,2,3,4,2,3,1,1,3,4,5,1,2,2,3,1,2,2,6,3,6,3,1,0,0,1,0,2,5,2,0,1,2,0,0,1,0,0,6,1,0,4,1,1,4,0,3,0,3,8,2,2,4,0,2,5
ND_donor_04_cell_097,demo,ND_donor_04,ND,beta,8,14,6,8,8,10,1,9,18,9,7,12,6,11,7,11,7,7,4,6,2,0,4,3,7,7,4,5,0,1,0,4,2,1,3,1,0,3,3,2,1,5,2,3,3,3,0,2,1,2,3,1,1,3,2,0,6,4,2,0,1,2,5,0,2,1,0,2,4,2,2,0,1,5,0,3,3,1,3,2,4,0,2,3,1,1,1,0,1,3,2,3,2,2,1,2,1,0,6,5,2,1,3,3,0,2
ND_donor_04_cell_098,demo,ND_donor_04,ND,beta,47,39,41,33,39,52,43,51,41,39,2,0,1,3,2,3,1,1,0,0,8,7,14,8,7,3,2,2,4,4,0,1,2,1,1,3,1,3,2,2,0,0,4,3,0,4,2,1,0,3,4,3,3,3,4,0,2,1,1,4,2,0,2,0,1,4,3,3,1,0,2,1,0,1,0,4,1,4,1,0,3,3,1,2,0,4,2,2,2,0,0,2,0,2,3,1,0,2,4,1,1,3,4,1,3,3
ND_donor_04_cell_099,demo,ND_donor_04,ND,beta,26,16,24,28,12,24,14,26,18,15,1,5,1,2,2,3,1,2,0,1,4,4,4,5,7,5,2,3,1,0,3,0,2,2,3,1,2,1,5,1,4,3,2,2,1,0,2,3,3,0,4,1,3,1,0,2,2,1,2,3,4,0,1,0,2,2,1,1,3,0,3,1,3,2,0,4,2,4,1,0,3,2,3,1,2,1,5,1,0,2,5,0,0,1,5,0,2,2,0,5,2,0,1,3,2,2
ND_donor_04_cell_100,demo,ND_donor_04,ND,beta,49,48,46,53,37,43,37,47,41,62,0,0,2,2,1,0,1,1,0,0,4,5,4,10,7,5,0,1,0,1,1,0,3,1,4,2,7,2,1,3,0,2,3,0,2,2,0,4,1,1,2,3,0,2,1,0,2,4,6,1,4,1,0,1,4,2,1,0,1,1,1,3,3,2,1,0,0,1,1,1,0,2,3,5,0,0,0,3,0,1,2,5,3,0,1,1,3,1,0,2,1,1,1,3,1,0
ND_donor_04_cell_101,demo,ND_donor_04,ND,beta,3,5,7,8,9,5,4,4,8,7,18,6,7,13,9,8,6,6,12,16,3,2,5,4,1,3,1,3,1,1,3,1,3,1,0,6,0,5,1,2,2,3,2,3,1,1,1,4,3,4,3,1,3,2,1,2,3,1,3,1,1,2,2,1,1,1,2,2,3,5,2,0,5,1,2,2,1,3,3,5,4,1,1,5,1,2,0,3,1,3,1,2,0,2,3,3,3,1,3,1,2,4,3,0,0,2
ND_donor_04_cell_102,demo,ND_donor_04,ND,beta,52,58,51,56,56,56,56,50,51,51,1,1,1,2,1,0,2,1,0,2,12,9,11,13,9,4,1,1,2,1,0,1,1,0,3,3,1,1,1,1,1,0,5,2,3,1,0,1,3,2,4,0,5,1,0,3,3,1,2,2,6,2,2,2,1,0,2,3,1,0,1,4,4,3,1,0,2,2,6,1,0,3,1,0,4,6,4,3,3,1,0,0,1,2,0,1,2,1,3,0,1,3,3,1,2,4
ND_donor_04_cell_103,demo,ND_donor_04,ND,beta,35,53,39,34,53,38,42,51,41,45,0,0,1,0,2,2,1,0,1,1,7,9,4,11,10,7,2,2,0,0,1,0,2,3,2,3,3,3,0,0,4,2,1,2,2,1,3,7,2,1,1,1,2,2,1,1,2,0,3,3,2,2,0,1,7,1,0,0,3,1,1,2,3,2,2,2,2,1,1,1,0,4,2,1,1,4,1,3,2,0,0,0,4,3,0,0,1,2,2,0,1,1,3,4,2,7
ND_donor_04_cell_104,demo,ND_donor_04,ND,beta,39,38,48,39,44,32,33,43,38,51,1,1,0,0,0,2,0,1,1,1,6,8,13,8,9,7,3,1,1,1,0,3,3,4,2,1,1,2,1,3,2,0,0,1,1,3,3,1,0,3,4,2,3,2,1,4,3,1,1,0,3,1,1,1,2,1,3,6,0,0,1,1,1,0,0,3,0,2,2,1,1,1,2,3,3,1,2,3,2,0,0,0,3,0,1,2,1,3,1,4,6,1,2,0,0,3
ND_donor_04_cell_105,demo,ND_donor_04,ND,beta,55,58,53,58,66,55,51,48,60,62,0,1,3,1,2,0,1,2,1,0,16,10,8,7,7,11,0,1,3,0,4,1,2,0,1,2,3,3,1,2,4,1,1,0,3,2,3,0,1,2,3,2,4,3,2,0,1,1,3,4,3,0,1,3,3,2,1,1,0,0,2,2,2,4,2,2,2,0,0,1,0,9,5,0,1,0,2,1,0,0,3,0,5,0,1,2,3,4,12,3,3,0,1,2,0,0
ND_donor_04_cell_106,demo,ND_donor_04,ND,beta,50,46,42,38,42,42,55,42,49,46,0,2,1,1,0,1,1,3,1,1,19,13,12,12,6,7,0,2,1,2,4,1,2,4,3,0,0,3,4,1,1,2,0,2,0,2,3,1,5,1,0,2,3,1,3,5,1,0,1,0,4,0,3,2,2,0,4,4,3,1,2,1,1,3,3,1,0,2,0,1,2,1,1,3,4,1,2,7,2,3,0,3,2,2,3,2,1,1,4,2,1,1,1,2,0,2
ND_donor_04_cell_107,demo,ND_donor_04,ND,beta,30,16,27,31,35,29,27,21,22,23,1,3,1,3,3,1,4,3,3,3,7,7,5,6,5,7,1,1,1,3,2,2,0,3,3,2,4,1,1,0,1,5,1,2,1,1,0,4,0,4,2,2,3,1,1,2,1,1,0,2,4,1,1,1,4,3,3,1,1,2,0,1,2,1,1,0,2,1,0,3,1,0,0,2,2,0,3,1,3,1,5,1,4,0,2,1,4,2,4,0,1,2,1,4,2,5
ND_donor_04_cell_108,demo,ND_donor_04,ND,beta,95,75,78,99,83,69,88,87,95,68,0,1,0,0,2,1,1,0,1,1,10,8,11,7,7,5,5,1,0,0,0,1,1,1,0,1,6,1,1,3,1,0,1,1,2,6,1,0,0,1,3,0,1,1,3,2,0,1,0,1,0,0,2,1,0,1,3,2,2,4,1,0,3,2,2,0,0,5,3,4,4,1,2,3,0,4,2,5,0,1,2,2,1,3,0,3,0,2,2,1,1,3,1,6,2,4
ND_donor_04_cell_109,demo,ND_donor_04,ND,beta,22,13,15,17,20,17,15,14,18,19,2,2,3,3,3,3,3,3,6,8,4,4,2,2,7,4,4,2,4,8,0,2,4,0,1,2,4,3,3,1,0,3,4,2,2,5,2,1,3,2,3,0,4,0,3,1,2,2,4,2,2,5,3,3,2,0,3,4,4,0,0,5,3,1,0,2,0,3,0,1,0,2,1,1,2,0,2,2,6,5,3,1,4,0,2,0,7,2,1,2,2,4,5,1,0,1
ND_donor_04_cell_110,demo,ND_donor_04,ND,beta,13,20,10,9,14,14,19,15,17,16,0,1,3,3,4,1,3,2,2,4,8,2,2,3,9,8,2,1,3,2,1,0,1,1,0,3,3,5,7,3,1,1,3,4,2,0,3,1,0,1,1,0,2,2,5,4,3,2,1,1,4,0,1,2,3,2,3,0,1,1,1,0,2,3,3,1,0,1,0,1,5,2,3,4,5,1,3,5,0,1,4,2,1,1,0,0,2,4,0,1,3,1,5,3,1,3
ND_donor_04_cell_111,demo,ND_donor_04,ND,beta,38,22,24,31,30,30,29,28,31,34,1,1,2,4,2,4,0,4,3,1,6,9,7,2,8,5,1,0,0,0,1,2,2,0,3,4,1,4,2,1,1,1,1,2,0,2,7,0,2,1,0,1,0,3,2,0,2,1,2,2,1,5,1,1,2,3,2,5,5,0,2,2,2,0,2,8,1,1,3,1,1,2,1,2,0,1,5,1,3,1,1,0,2,2,2,2,2,0,4,1,2,7,0,0,3,1
ND_donor_04_cell_112,demo,ND_donor_04,ND,beta,33,47,55,43,32,36,31,43,45,34,0,1,1,1,1,0,2,1,2,3,10,9,7,6,10,6,1,2,0,2,1,2,1,0,1,1,1,2,0,2,2,1,3,0,3,1,0,0,5,7,1,0,4,3,1,2,3,1,0,6,1,1,4,2,7,3,1,1,1,2,3,3,3,0,4,7,1,1,1,1,0,1,0,0,3,0,2,0,0,3,2,1,3,1,0,3,0,0,2,2,0,3,3,2,0,0
ND_donor_04_cell_113,demo,ND_donor_04,ND,beta,15,15,23,20,21,15,15,15,11,15,2,2,2,2,3,4,1,4,1,3,9,5,3,7,5,4,3,2,2,1,2,2,3,1,1,3,4,3,0,3,1,2,3,2,4,1,2,4,4,2,2,4,2,4,1,3,1,3,5,0,5,2,0,3,1,1,3,3,2,2,2,2,0,3,2,1,1,1,2,6,0,2,0,0,1,5,0,1,0,1,3,2,2,1,1,1,1,0,0,2,1,2,3,1,0,0
ND_donor_04_cell_114,demo,ND_donor_04,ND,beta,40,36,47,36,37,36,34,41,36,26,1,0,2,0,2,3,0,4,1,1,10,7,7,8,4,5,3,2,2,1,1,1,3,3,2,1,2,4,1,2,2,1,3,3,3,2,4,3,5,5,0,1,0,0,3,0,1,0,3,3,1,3,1,1,0,5,2,1,1,2,1,2,1,0,0,1,2,1,2,0,0,0,2,1,1,1,3,2,0,2,0,0,1,2,1,1,1,1,2,3,4,3,3,0,1,1
ND_donor_04_cell_115,demo,ND_donor_04,ND,beta,27,16,20,32,27,28,26,38,29,26,3,1,2,0,1,2,1,0,2,2,4,8,5,7,4,4,2,1,1,1,2,0,3,1,3,1,4,2,3,2,2,4,1,0,1,3,0,3,2,1,2,3,2,2,4,3,1,2,0,4,0,1,3,1,1,1,3,2,2,0,3,5,1,0,5,5,1,2,1,3,1,0,2,0,0,1,3,4,0,3,2,1,1,1,1,4,1,3,2,3,3,0,1,4,3,1
ND_donor_04_cell_116,demo,ND_donor_04,ND,beta,26,26,27,26,26,23,24,33,27,20,1,1,2,0,1,0,1,3,1,0,13,5,6,4,5,12,2,0,2,0,3,3,2,1,0,3,3,0,2,1,2,2,3,1,0,0,3,3,0,2,1,1,2,2,1,2,1,1,2,0,2,1,1,6,0,3,0,1,3,1,3,5,0,1,0,1,0,1,1,3,7,0,3,2,2,3,2,1,4,0,1,0,0,0,7,0,0,5,0,2,1,5,1,2,9,1
ND_donor_04_cell_117,demo,ND_donor_04,ND,beta,33,47,35,49,38,55,33,24,29,38,2,0,0,3,2,1,5,3,1,3,13,8,8,3,2,12,0,2,5,2,1,2,3,2,1,3,1,1,2,4,2,6,1,1,2,1,2,0,3,3,1,2,4,2,3,4,2,4,0,0,0,2,2,1,3,2,3,2,2,2,4,1,2,1,1,3,1,1,4,3,0,1,2,2,0,5,0,1,2,2,2,2,0,3,2,2,3,2,0,0,2,0,1,2,2,1
ND_donor_04_cell_118,demo,ND_donor_04,ND,beta,16,19,21,17,22,20,17,22,17,14,4,4,3,3,2,4,5,2,2,1,9,2,5,4,6,6,1,4,1,3,0,3,0,3,1,3,1,2,3,1,1,3,1,5,4,2,1,1,1,1,3,4,2,2,2,3,1,1,1,1,1,3,3,4,1,5,4,2,1,2,1,3,2,3,4,3,3,3,1,1,1,1,4,4,2,2,2,2,1,3,0,1,3,0,3,3,3,1,1,1,1,1,1,2,3,2
ND_donor_04_cell_119,demo,ND_donor_04,ND,beta,69,57,54,53,59,62,51,52,47,61,1,1,0,1,3,0,0,0,1,1,3,10,12,6,6,11,2,8,0,1,0,2,0,3,1,4,3,1,1,5,2,0,2,1,1,1,6,3,0,1,0,0,3,2,0,5,2,1,7,0,3,4,3,0,0,0,2,3,0,1,1,4,1,1,3,3,4,1,1,4,1,3,2,0,2,2,0,0,1,1,0,4,3,3,5,1,0,1,1,0,1,1,2,5,2,7
ND_donor_05_cell_000,demo,ND_donor_05,ND,beta,38,47,32,37,33,44,49,48,41,34,1,2,1,2,1,0,0,0,2,0,8,7,9,6,12,8,2,1,0,1,2,1,3,6,3,1,4,3,3,2,0,3,0,3,2,1,0,1,1,2,4,1,0,2,1,2,1,4,1,1,0,1,7,1,1,1,0,1,3,0,1,2,1,0,3,0,5,4,4,3,1,1,3,3,2,0,3,3,3,1,1,1,2,3,2,0,1,3,2,2,2,0,1,2,1,1
ND_donor_05_cell_001,demo,ND_donor_05,ND,beta,10,15,15,9,9,15,10,15,11,8,2,3,2,1,3,5,3,0,6,6,3,8,5,4,5,10,0,0,3,0,1,3,0,3,2,3,3,2,3,2,2,1,1,1,2,1,0,2,5,1,1,2,0,4,2,1,3,1,1,3,2,1,2,0,1,0,0,3,2,5,3,2,1,5,2,5,2,2,1,1,1,2,3,0,0,0,2,3,3,1,0,1,1,1,5,1,1,2,5,4,3,1,1,4,3,4
ND_donor_05_cell_002,demo,ND_donor_05,ND,beta,33,39,41,35,45,44,45,38,41,46,1,1,0,1,2,4,2,0,1,1,10,5,6,9,7,7,1,2,0,3,2,2,1,1,3,3,0,1,4,3,1,3,1,4,1,2,3,4,1,0,1,2,3,2,0,2,2,3,3,0,2,3,1,0,0,4,3,0,1,4,1,1,2,1,4,1,4,1,2,3,0,1,5,2,0,1,1,1,0,1,2,3,2,1,1,1,2,6,3,3,0,1,1,2,1,2
ND_donor_05_cell_003,demo,ND_donor_05,ND,beta,101,91,116,93,109,110,109,119,89,107,0,0,2,2,0,1,0,1,1,0,7,4,13,9,3,8,1,2,1,1,2,0,2,0,2,4,2,1,4,0,3,2,1,3,1,5,1,4,1,1,2,0,5,2,0,3,2,1,0,2,1,3,3,1,0,3,0,3,2,2,1,0,0,0,1,1,0,1,2,2,3,3,2,2,1,3,3,4,2,0,2,0,1,2,2,0,3,1,1,5,0,1,1,2,2,1
ND_donor_05_cell_004,demo,ND_donor_05,ND,beta,76,54,56,66,57,59,63,61,57,71,1,0,0,2,0,0,1,1,1,0,6,5,11,13,7,4,2,0,3,1,1,1,1,3,2,2,0,0,0,0,3,0,1,3,1,0,0,4,0,1,3,5,2,2,2,5,0,1,1,2,0,1,2,3,1,2,3,3,0,0,4,1,2,4,4,3,4,0,2,5,2,3,0,0,3,1,1,4,4,3,1,0,0,1,3,1,5,0,5,6,1,0,1,2,0,0
ND_donor_05_cell_005,demo,ND_donor_05,ND,beta,37,44,30,38,31,37,33,39,33,45,1,5,0,0,4,2,1,1,4,0,5,5,4,5,10,2,2,1,2,2,3,2,0,1,3,0,0,3,1,1,2,0,1,7,0,3,1,2,0,3,2,0,0,0,2,1,2,3,2,3,5,0,2,2,4,2,2,2,3,0,0,3,0,1,6,3,0,1,1,5,3,0,1,0,0,0,4,0,1,0,4,3,1,4,2,4,0,1,1,3,5,1,3,3,1,2
ND_donor_05_cell_006,demo,ND_donor_05,ND,beta,41,37,40,29,37,30,43,33,39,29,4,1,1,0,3,1,2,0,4,1,8,4,7,8,5,11,4,2,1,1,2,1,4,1,1,1,1,0,1,1,1,0,3,3,0,3,1,3,0,3,1,3,1,6,3,0,2,0,0,0,1,1,1,7,3,2,3,1,2,0,0,1,2,1,2,1,1,1,2,3,4,1,2,0,1,4,1,2,3,0,1,2,5,3,6,3,4,0,7,2,5,0,4,1,2,1
ND_donor_05_cell_007,demo,ND_donor_05,ND,beta,47,41,45,42,37,24,41,35,36,38,1,0,2,0,2,1,3,0,1,1,9,7,9,6,9,16,1,1,2,2,0,5,4,1,3,1,1,0,1,3,1,5,3,0,2,6,2,3,1,1,1,2,2,2,1,2,0,2,0,0,5,7,2,6,2,1,0,2,4,0,1,2,1,1,0,3,1,3,0,0,2,2,1,2,0,0,0,4,2,0,2,1,2,0,0,0,3,4,1,3,4,2,4,1,8,0
ND_donor_05_cell_008,demo,ND_donor_05,ND,beta,32,37,27,43,26,31,37,24,36,36,1,1,1,1,2,2,0,3,3,1,8,6,9,4,9,5,2,3,1,1,1,2,1,2,1,0,2,2,0,2,2,2,1,0,2,3,4,0,1,1,1,3,1,1,1,4,0,0,0,4,0,1,1,1,4,2,1,2,0,3,2,2,1,2,2,0,5,2,5,2,7,2,2,4,0,3,4,1,1,3,2,2,3,6,2,2,3,0,1,0,0,1,2,0,2,2
ND_donor_05_cell_009,demo,ND_donor_05,ND,beta,11,12,13,16,12,15,10,9,17,18,0,3,5,5,3,5,4,8,3,5,5,4,5,3,3,7,0,2,2,0,4,3,1,2,4,2,1,1,2,3,1,1,3,0,2,1,2,1,1,1,1,1,0,2,3,1,6,0,3,1,1,2,2,4,3,0,1,0,4,5,2,1,0,0,1,0,4,0,1,3,2,2,6,3,0,0,1,0,0,0,0,0,1,2,3,2,1,3,2,2,1,0,0,1,3,4
ND_donor_05_cell_010,demo,ND_donor_05,ND,beta,27,23,30,31,22,20,20,26,25,27,1,3,4,1,2,7,1,2,3,2,8,10,5,4,8,3,2,2,1,1,3,4,2,0,1,2,1,3,0,2,0,1,1,0,1,0,8,3,0,1,1,2,2,0,1,5,3,2,1,1,0,4,1,4,2,5,2,0,1,5,2,0,0,1,0,3,0,5,0,1,2,1,2,3,1,1,3,2,0,2,2,2,0,1,0,2,2,3,1,1,4,0,1,0,2,0
ND_donor_05_cell_011,demo,ND_donor_05,ND,beta,32,40,35,27,31,41,32,44,45,29,0,0,0,2,0,4,1,1,1,1,4,4,6,6,8,4,0,0,0,1,4,0,2,3,0,1,1,4,0,5,0,3,0,2,2,3,3,0,1,3,2,2,1,3,0,3,0,2,0,1,3,0,4,0,0,1,2,4,0,0,5,1,1,0,2,0,1,3,3,4,1,1,0,2,0,2,2,1,0,1,1,0,1,0,2,0,2,1,2,1,2,0,4,2,0,3
ND_donor_05_cell_012,demo,ND_donor_05,ND,beta,83,74,68,88,67,70,87,71,89,77,1,1,0,1,0,2,0,0,0,0,9,4,8,6,8,19,4,0,2,1,0,0,2,0,0,0,1,1,2,1,2,3,2,3,2,4,3,4,2,1,2,1,2,6,2,0,0,5,2,1,0,5,1,2,3,0,1,3,1,1,2,0,3,3,0,2,1,2,5,1,4,0,0,2,1,0,2,3,2,2,2,1,2,1,1,1,0,0,2,0,2,0,2,7,2,0
ND_donor_05_cell_013,demo,ND_donor_05,ND,beta,15,14,15,16,11,12,21,18,14,10,2,2,1,2,4,6,10,1,1,5,8,5,12,6,4,7,4,1,2,2,4,3,1,0,1,3,1,2,1,2,2,2,3,0,0,3,2,4,1,2,2,3,5,2,1,0,2,1,3,2,0,3,0,4,1,0,2,2,2,1,0,1,2,0,2,3,1,0,1,0,1,0,2,3,0,1,0,2,2,5,1,1,0,4,0,2,3,0,1,0,1,4,4,2,1,2
ND_donor_05_cell_014,demo,ND_donor_05,ND,beta,73,73,74,69,74,78,66,70,62,79,2,2,0,0,1,1,1,3,0,1,11,8,12,8,9,3,0,5,4,0,3,4,2,1,5,2,2,2,3,2,1,1,0,2,3,3,0,1,1,0,4,1,2,1,0,1,1,0,2,4,2,0,2,2,0,2,1,1,0,2,2,0,0,2,0,6,2,1,1,2,1,2,4,0,2,2,3,0,3,3,0,0,3,3,1,1,1,0,3,3,3,0,0,0,3,4
ND_donor_05_cell_015,demo,ND_donor_05,ND,beta,22,22,27,24,24,15,18,15,23,11,2,0,3,3,1,4,3,4,2,4,5,4,4,6,2,5,2,1,2,1,2,0,2,2,0,4,0,0,0,4,0,1,7,1,2,1,1,1,0,0,5,2,1,1,2,2,1,7,1,6,1,0,2,1,4,2,1,4,1,0,2,5,0,2,1,1,1,1,0,2,2,6,2,0,2,1,2,1,2,3,3,3,1,0,3,1,1,1,3,0,5,3,2,0,2,2
ND_donor_05_cell_016,demo,ND_donor_05,ND,beta,32,33,43,26,33,31,33,32,35,30,2,3,2,3,0,2,2,2,0,1,4,5,4,4,4,5,0,3,1,2,4,0,3,0,1,2,0,2,5,2,0,1,3,1,4,0,2,0,0,4,3,3,5,1,5,2,1,4,1,0,5,2,1,2,3,4,0,2,1,3,1,1,3,4,2,2,2,5,1,1,0,1,2,3,0,0,0,0,0,1,5,1,2,1,0,3,1,1,2,3,4,2,4,1,3,7
ND_donor_05_cell_017,demo,ND_donor_05,ND,beta,36,46,36,44,46,47,42,44,47,37,2,2,3,1,1,1,1,1,1,4,14,11,10,10,4,10,2,1,2,3,5,1,1,1,5,2,4,2,0,2,2,3,4,2,1,0,2,1,1,1,2,3,1,1,1,1,0,4,7,0,0,0,0,2,3,0,4,5,1,1,4,1,0,0,0,1,1,0,1,0,2,0,5,1,2,1,2,5,5,4,0,1,1,3,2,0,1,0,0,1,1,7,1,4,1,2
ND_donor_05_cell_018,demo,ND_donor_05,ND,beta,34,36,38,24,24,32,27,37,27,26,0,1,0,1,1,4,3,2,1,2,9,11,7,7,6,9,2,0,4,1,0,3,1,5,1,2,1,1,3,0,0,1,3,2,1,1,1,2,2,0,1,3,1,3,1,3,0,2,1,1,0,5,1,0,4,3,0,1,3,3,1,2,1,2,2,3,1,2,1,1,2,2,0,1,1,1,4,3,3,4,2,1,4,2,0,4,0,2,0,1,1,3,2,3,5,1
ND_donor_05_cell_019,demo,ND_donor_05,ND,beta,28,25,27,27,24,18,20,26,16,22,1,0,0,3,1,2,1,0,2,1,7,10,7,5,6,4,1,0,2,0,2,2,4,6,1,0,2,4,1,1,1,1,2,1,0,1,2,3,5,0,2,1,0,0,1,2,4,5,1,1,1,1,1,1,2,3,2,3,3,4,0,1,4,2,2,1,1,3,2,4,1,3,0,0,4,4,4,0,0,2,3,2,5,0,1,1,3,4,4,1,2,5,5,3,3,0
ND_donor_05_cell_020,demo,ND_donor_05,ND,beta,35,20,34,36,30,44,32,34,36,38,0,0,0,1,1,0,1,1,1,3,7,8,11,6,8,3,1,2,0,3,2,3,0,1,1,1,0,1,0,1,1,3,3,5,2,2,3,0,2,3,1,5,4,0,5,0,1,2,0,1,1,1,0,1,1,3,2,2,5,2,1,2,0,0,1,3,0,3,2,3,2,0,1,1,1,0,1,3,0,3,3,1,0,3,1,1,0,1,4,2,2,0,2,0,2,4
ND_donor_05_cell_021,demo,ND_donor_05,ND,beta,44,34,39,27,28,35,33,38,35,33,3,1,0,0,2,2,2,3,2,1,10,5,7,7,10,8,1,3,1,1,2,0,0,7,3,1,2,0,6,0,1,4,4,0,1,4,0,2,4,2,1,1,1,1,1,0,1,1,4,4,3,1,3,0,2,1,0,0,0,1,1,0,2,1,1,2,0,2,3,4,2,4,0,2,4,0,1,4,2,0,0,1,0,1,0,4,2,3,2,0,1,1,4,1,3,2
ND_donor_05_cell_022,demo,ND_donor_05,ND,beta,35,27,27,23,21,29,26,24,26,24,4,1,2,4,2,0,3,3,2,2,5,7,7,4,6,8,1,0,1,0,6,3,2,0,2,5,3,2,0,1,0,2,2,2,1,1,1,0,2,1,1,4,2,3,3,3,3,1,3,3,4,0,2,2,3,3,1,1,3,3,1,2,1,1,0,2,4,2,1,1,0,0,4,1,0,2,0,1,3,0,6,2,0,2,2,2,0,2,0,0,2,0,1,0,0,6
ND_donor_05_cell_023,demo,ND_donor_05,ND,beta,72,78,74,76,73,64,75,71,58,59,1,0,2,1,0,1,0,0,0,2,9,7,6,6,8,7,1,0,3,3,4,0,2,3,3,2,3,1,0,0,0,2,1,0,2,1,1,1,5,1,4,0,0,2,1,0,3,9,2,2,3,2,1,0,2,1,0,2,1,1,3,2,0,1,3,1,1,5,6,5,0,0,1,1,3,0,6,3,1,0,3,0,1,4,2,2,2,2,0,3,5,4,3,0,0,1
ND_donor_05_cell_024,demo,ND_donor_05,ND,beta,72,64,61,63,63,64,72,66,45,59,1,0,0,0,0,0,1,0,1,0,9,9,11,9,8,7,1,5,3,1,6,2,0,1,3,3,0,5,2,2,1,5,2,6,3,5,3,1,2,1,2,2,1,4,0,1,0,1,3,0,2,1,2,0,1,2,2,2,0,4,1,1,3,0,1,2,4,2,1,0,1,5,2,0,0,2,2,2,6,1,2,1,4,2,0,2,2,2,6,1,1,0,4,2,1,1
ND_donor_05_cell_025,demo,ND_donor_05,ND,beta,43,29,27,43,31,42,39,43,38,34,0,0,0,2,1,2,0,1,2,1,5,6,8,4,9,8,0,0,2,2,1,2,3,0,2,4,3,2,0,1,2,2,1,1,3,3,3,5,3,1,1,1,0,1,5,3,1,5,2,4,4,0,2,2,4,3,1,1,1,0,2,0,2,2,2,3,1,4,0,1,4,2,1,4,3,0,3,0,7,1,1,2,3,1,3,3,1,2,0,1,4,2,3,1,3,0
ND_donor_05_cell_026,demo,ND_donor_05,ND,beta,16,23,21,26,37,24,22,24,22,28,3,3,2,1,2,2,1,3,4,2,6,1,6,3,5,7,1,2,4,2,3,1,0,0,4,3,0,2,1,2,1,0,1,1,0,2,3,3,1,1,2,2,4,1,3,2,0,0,2,1,4,1,2,1,0,1,0,0,2,4,2,1,0,4,3,1,1,3,0,0,4,1,1,3,1,3,2,1,2,1,1,0,0,2,2,3,0,2,0,1,4,0,2,2,2,3
ND_donor_05_cell_027,demo,ND_donor_05,ND,beta,56,43,67,49,49,44,43,57,61,42,1,0,0,0,2,0,0,2,1,0,5,12,12,7,7,7,3,2,3,1,0,3,3,1,1,0,0,3,4,5,3,1,0,3,2,3,5,1,2,0,0,0,1,0,5,1,1,0,2,0,2,0,1,2,0,3,4,1,2,1,1,0,2,0,1,1,0,0,1,1,0,2,4,1,2,2,0,4,1,0,1,3,3,2,1,4,0,3,3,3,4,1,6,3,0,0
ND_donor_05_cell_028,demo,ND_donor_05,ND,beta,24,21,32,26,24,24,18,30,22,27,2,1,2,1,4,2,2,1,2,1,6,5,10,8,5,13,1,0,1,1,3,5,0,1,2,1,3,5,2,2,0,5,3,1,1,4,0,2,4,1,0,3,2,1,1,4,1,3,1,4,2,0,3,4,2,1,3,1,3,1,1,7,0,1,3,2,1,3,2,0,2,1,1,1,6,1,0,4,2,4,4,2,2,2,2,6,2,0,5,1,1,3,1,4,3,1
ND_donor_05_cell_029,demo,ND_donor_05,ND,beta,30,39,43,50,35,31,44,29,49,32,1,1,0,0,2,0,1,0,1,0,4,13,8,8,9,12,0,2,2,3,0,2,3,4,3,4,1,1,0,1,3,1,1,1,1,0,1,1,3,4,2,1,2,3,3,5,1,1,2,1,2,1,1,4,0,0,1,4,1,2,3,0,2,1,3,0,0,1,2,3,2,3,2,3,2,1,1,1,2,3,4,0,3,0,6,1,2,2,2,2,0,1,4,1,2,2
ND_donor_05_cell_030,demo,ND_donor_05,ND,beta,40,35,53,48,53,45,43,49,39,48,1,0,1,0,0,0,0,2,0,2,10,10,5,12,7,7,1,1,2,2,1,2,4,1,0,2,3,0,1,0,3,2,3,0,2,4,3,2,2,1,1,2,3,2,3,2,0,1,1,2,4,1,1,3,0,6,0,1,4,0,0,1,0,0,4,0,2,3,1,3,2,3,3,1,0,0,1,2,1,2,1,0,2,2,1,0,0,1,3,1,1,5,0,2,1,6
ND_donor_05_cell_031,demo,ND_donor_05,ND,beta,29,32,33,19,24,35,30,28,37,29,2,3,2,5,5,0,2,3,1,1,11,6,2,5,7,10,2,1,3,1,2,1,1,2,1,2,1,4,2,3,0,2,1,1,1,3,1,4,1,1,4,0,3,3,4,2,2,1,2,2,3,0,2,0,1,2,1,1,4,1,1,0,5,1,1,0,2,0,2,3,3,2,3,3,2,8,3,0,1,1,5,5,0,0,1,3,1,3,2,4,2,2,4,3,3,0
ND_donor_05_cell_032,demo,ND_donor_05,ND,beta,34,37,27,22,31,33,38,38,27,38,0,2,2,3,3,1,1,2,1,0,4,4,6,6,5,8,0,0,1,3,1,1,0,0,3,0,5,4,3,1,2,1,1,1,1,0,1,0,1,0,0,4,2,1,1,0,1,1,1,1,2,4,5,0,2,2,4,0,2,0,2,3,1,2,3,4,1,3,3,0,3,2,2,1,2,3,1,0,0,2,0,2,2,1,1,4,1,0,0,2,4,1,0,1,0,2
ND_donor_05_cell_033,demo,ND_donor_05,ND,beta,42,42,47,42,48,47,40,56,49,58,0,1,1,1,1,3,0,0,0,1,7,9,7,9,10,11,3,1,2,2,1,0,3,1,0,0,1,3,2,1,5,5,6,5,3,2,0,2,0,2,1,4,0,2,0,1,5,0,2,2,2,4,2,4,0,2,0,4,1,1,0,0,2,3,2,2,0,2,2,1,0,3,0,3,4,2,1,1,2,1,3,2,2,0,2,2,2,2,0,3,0,1,0,3,2,4
ND_donor_05_cell_034,demo,ND_donor_05,ND,beta,50,38,39,26,31,43,45,49,39,47,0,1,1,0,0,0,3,1,2,1,13,7,7,4,11,6,1,1,4,2,1,3,4,0,4,3,0,0,1,1,3,0,1,3,1,1,2,3,2,1,0,2,3,2,1,3,2,2,0,2,2,1,2,0,2,7,3,1,1,1,1,1,2,2,2,0,2,3,3,1,2,0,1,1,0,1,1,1,4,2,1,1,1,2,0,1,1,1,5,1,3,0,1,2,1,1
ND_donor_05_cell_035,demo,ND_donor_05,ND,beta,60,34,42,31,44,45,34,40,42,40,2,2,1,0,2,0,5,1,0,0,7,5,5,5,4,11,0,4,0,3,0,1,2,3,1,1,1,1,1,1,1,3,0,2,2,1,2,1,2,3,4,3,0,3,3,2,0,0,0,0,1,3,1,0,4,1,0,1,2,3,1,1,1,0,2,1,5,2,0,2,0,1,0,2,2,1,2,2,0,0,0,4,0,0,1,2,0,3,0,4,1,0,1,0,1,3
ND_donor_05_cell_036,demo,ND_donor_05,ND,beta,58,55,58,57,58,71,44,66,55,64,0,0,3,2,0,1,2,0,1,0,12,12,5,15,8,11,5,0,3,0,3,4,3,4,2,2,3,3,0,1,3,0,1,2,2,1,3,1,1,2,2,2,3,2,0,5,2,3,0,2,1,2,0,1,2,0,3,1,2,5,1,1,1,1,3,4,4,0,1,2,3,2,3,1,1,1,4,4,2,2,2,0,0,4,0,2,1,2,2,1,2,0,3,3,1,3
ND_donor_05_cell_037,demo,ND_donor_05,ND,beta,46,55,40,59,52,47,52,57,54,40,0,2,0,0,2,1,0,0,3,1,6,6,11,10,5,7,1,3,0,4,2,1,4,1,3,1,3,3,2,1,0,2,1,2,2,1,0,1,1,0,0,1,4,1,0,2,2,1,3,0,0,1,3,3,2,4,0,1,0,1,0,1,0,3,1,3,3,2,0,2,0,2,0,1,1,1,1,2,3,0,0,1,2,0,1,2,2,0,4,3,1,0,3,2,2,4
ND_donor_05_cell_038,demo,ND_donor_05,ND,beta,64,54,62,69,61,56,62,63,69,52,0,1,0,3,0,1,0,0,1,0,7,10,11,8,10,5,3,3,2,0,1,1,1,2,1,4,0,4,4,2,1,4,1,1,2,0,0,1,1,0,5,2,4,2,2,0,4,0,3,1,4,3,4,2,4,0,3,3,3,1,1,1,1,3,0,1,2,5,4,2,0,1,2,0,1,2,1,2,1,2,0,1,4,3,1,2,1,3,1,1,2,3,2,2,0,0
ND_donor_05_cell_039,demo,ND_donor_05,ND,beta,90,86,99,108,106,93,83,84,81,98,0,0,0,0,1,1,0,1,0,0,4,15,6,6,9,9,2,1,0,2,1,0,1,4,2,0,4,5,1,2,2,0,1,0,1,7,2,1,2,0,0,2,4,4,2,0,2,2,3,1,2,4,0,0,4,0,0,0,1,3,2,1,2,1,1,2,2,6,2,1,2,1,2,1,1,4,5,3,3,5,1,1,3,0,0,1,2,1,3,1,1,4,3,2,3,2
ND_donor_05_cell_040,demo,ND_donor_05,ND,beta,45,55,52,45,54,46,47,51,63,39,2,1,2,1,0,4,1,1,3,0,12,10,6,8,7,5,2,3,0,3,0,0,3,0,1,1,0,0,2,6,0,2,2,3,4,3,2,3,3,2,1,2,1,1,1,3,1,2,3,1,1,1,0,8,1,2,2,1,1,0,1,3,1,1,1,1,2,6,2,1,6,2,1,0,2,2,2,1,0,3,1,3,0,5,5,3,1,4,1,4,1,2,0,1,1,3
ND_donor_05_cell_041,demo,ND_donor_05,ND,beta,39,60,63,63,60,47,54,58,56,58,1,1,0,1,1,0,1,1,0,2,9,6,7,12,8,15,4,1,1,0,2,0,1,4,2,1,2,0,0,3,0,5,1,2,2,0,3,2,1,2,1,3,1,2,5,3,0,1,0,0,1,1,0,3,1,0,0,1,1,2,3,0,0,2,2,1,0,0,3,2,3,1,3,4,5,3,4,1,2,1,0,2,0,0,1,0,3,2,4,5,3,0,3,2,2,2
ND_donor_05_cell_042,demo,ND_donor_05,ND,beta,50,45,56,43,61,56,52,52,47,61,1,1,0,0,1,1,0,0,0,0,7,8,6,4,10,7,3,2,2,6,3,1,1,2,0,1,1,3,1,4,1,0,5,3,1,1,0,4,2,0,2,3,1,2,3,4,4,3,2,2,3,5,0,1,3,1,4,1,0,2,0,6,0,4,0,1,1,0,3,1,0,4,1,3,1,2,0,2,1,1,2,0,6,1,0,0,4,4,0,2,3,0,2,1,0,0
ND_donor_05_cell_043,demo,ND_donor_05,ND,beta,89,69,79,71,63,66,78,62,79,81,1,0,0,0,0,1,1,0,1,1,8,4,6,9,9,13,1,0,3,3,2,0,0,1,0,2,1,0,0,0,0,1,2,0,0,5,2,3,1,0,0,2,0,1,1,2,2,3,0,4,0,2,2,5,0,1,0,1,4,2,1,2,1,0,5,0,1,3,1,0,1,1,3,0,2,2,1,4,1,0,0,3,0,0,1,3,4,1,1,1,2,2,1,1,0,1
ND_donor_05_cell_044,demo,ND_donor_05,ND,beta,47,41,52,49,38,39,37,57,50,48,1,1,0,1,1,0,1,2,2,3,7,6,9,12,7,7,2,1,4,1,3,3,0,1,1,5,3,5,1,2,2,1,0,0,1,2,0,0,3,1,2,3,1,3,2,2,2,2,3,0,5,1,5,5,1,2,0,0,3,2,2,2,1,4,0,1,1,1,3,4,3,4,2,1,1,0,1,1,2,1,1,0,1,3,2,2,0,2,0,0,0,0,2,2,1,2
ND_donor_05_cell_045,demo,ND_donor_05,ND,beta,18,25,15,17,11,13,20,15,13,16,5,3,6,2,5,0,4,5,2,0,5,9,5,4,7,9,3,3,3,1,2,1,0,2,0,3,3,0,0,2,1,2,2,1,3,2,1,2,1,3,1,2,2,0,1,0,1,0,1,2,1,0,1,2,2,3,3,0,3,6,6,3,3,0,0,2,0,1,1,0,2,2,4,1,1,3,1,3,2,3,0,1,5,3,3,1,1,1,3,0,1,1,2,1,1,3
ND_donor_05_cell_046,demo,ND_donor_05,ND,beta,49,56,32,38,33,40,42,44,39,36,2,1,1,0,2,2,1,2,0,1,7,7,12,8,6,5,2,1,0,0,1,3,0,1,2,0,2,1,3,6,0,0,2,2,0,1,4,4,0,3,0,0,2,0,1,2,3,3,1,2,1,3,2,2,7,1,4,0,3,2,0,1,3,2,0,5,2,2,4,5,2,1,1,1,1,2,3,0,1,1,0,2,1,1,3,3,0,3,0,0,2,2,3,2,0,2
ND_donor_05_cell_047,demo,ND_donor_05,ND,beta,29,21,22,20,20,22,22,19,19,17,2,1,0,1,1,0,2,1,0,3,9,7,5,11,6,3,3,1,1,0,2,3,5,1,1,1,4,1,1,2,1,3,0,2,0,0,2,2,3,4,2,0,0,1,0,0,2,1,1,1,3,3,3,3,0,5,0,1,4,1,0,1,0,1,0,2,1,5,0,1,0,2,0,1,2,3,2,2,1,2,3,0,3,5,1,0,0,3,3,0,1,0,1,1,3,3
ND_donor_05_cell_048,demo,ND_donor_05,ND,beta,53,47,48,46,73,66,54,60,63,53,1,2,4,1,0,1,0,1,0,0,7,8,8,5,7,3,3,1,2,5,3,2,0,1,4,3,2,3,1,6,0,8,5,4,5,1,0,0,4,2,4,1,2,2,1,1,2,1,3,3,1,2,3,3,3,1,5,0,0,1,1,0,1,1,1,0,1,3,4,0,1,2,6,2,0,3,2,3,1,0,3,2,2,1,2,1,3,0,3,2,2,1,1,4,0,4
ND_donor_05_cell_049,demo,ND_donor_05,ND,beta,58,48,62,38,44,46,52,54,65,40,0,4,0,2,1,2,3,0,0,2,10,11,8,7,9,5,1,2,2,1,0,1,1,5,0,3,1,1,1,1,0,2,2,3,2,2,5,3,0,4,1,1,1,2,0,0,1,2,3,2,2,3,3,1,1,0,0,2,1,0,1,1,0,2,0,0,0,4,3,1,0,0,3,2,1,1,5,1,0,0,2,6,0,2,3,5,0,1,1,1,0,2,1,2,3,3
ND_donor_05_cell_050,demo,ND_donor_05,ND,beta,75,73,80,64,76,77,85,55,68,52,0,2,2,1,0,1,0,1,1,1,10,15,7,10,10,7,1,2,0,3,5,2,1,5,2,2,3,2,0,2,3,3,2,1,2,2,3,1,0,3,1,3,1,0,2,2,0,0,4,1,5,0,2,1,3,0,2,1,2,2,2,0,3,2,2,1,1,0,1,3,1,4,3,0,2,1,0,1,2,3,2,2,1,1,2,1,1,2,3,0,3,3,0,2,2,1
ND_donor_05_cell_051,demo,ND_donor_05,ND,beta,34,28,26,24,27,24,29,27,23,35,2,2,0,3,1,1,0,3,2,2,8,2,3,12,7,4,1,0,0,0,0,0,0,3,0,0,4,3,2,0,0,0,2,1,1,1,3,0,6,2,1,1,2,2,0,1,3,1,0,2,2,2,0,1,1,2,3,4,1,3,2,4,2,0,1,3,4,1,0,1,1,3,2,5,1,0,0,0,1,1,0,2,1,1,4,2,0,3,0,3,0,1,3,3,4,4
ND_donor_05_cell_052,demo,ND_donor_05,ND,beta,81,91,85,105,86,93,109,98,87,85,0,0,1,1,1,1,0,0,1,0,9,10,9,5,14,8,2,3,0,2,1,0,0,0,1,0,0,0,3,0,2,2,1,0,1,0,1,1,1,5,2,1,1,1,2,1,2,2,2,1,0,1,1,1,4,0,1,3,1,1,1,0,5,7,0,1,1,1,2,1,2,1,1,1,0,1,6,2,1,5,1,1,2,4,0,7,0,1,1,0,2,1,6,2,0,2
ND_donor_05_cell_053,demo,ND_donor_05,ND,beta,18,23,14,14,17,24,13,24,14,15,2,3,3,1,0,3,1,2,7,3,4,9,4,2,5,5,4,3,6,1,2,5,3,1,2,1,3,0,1,1,1,1,3,2,4,1,2,3,0,2,5,1,1,2,3,2,0,0,0,1,0,3,1,1,4,2,4,3,2,0,2,1,0,3,2,3,0,1,4,5,2,1,3,1,5,1,1,2,3,2,2,4,5,1,1,1,2,3,3,2,0,0,2,2,0,3
ND_donor_05_cell_054,demo,ND_donor_05,ND,beta,35,36,32,38,44,43,33,35,36,31,2,2,3,1,2,1,2,0,2,1,12,5,7,10,6,6,2,0,1,2,5,2,2,0,2,6,2,2,2,2,1,3,3,0,3,1,2,2,3,1,1,0,1,1,7,0,0,0,2,1,3,3,5,2,5,1,0,0,0,0,3,0,1,3,1,0,1,1,3,0,0,1,3,5,3,0,1,3,0,5,0,3,2,4,3,2,3,0,0,1,2,0,2,2,3,2
ND_donor_05_cell_055,demo,ND_donor_05,ND,beta,70,69,69,67,66,72,66,66,60,78,0,0,0,0,0,2,1,0,0,2,11,6,8,9,11,7,2,0,0,5,2,1,2,3,3,0,2,2,0,3,5,1,3,1,3,2,6,2,2,3,3,0,1,1,1,5,2,3,2,3,1,0,1,1,3,0,0,4,4,3,3,3,1,1,0,0,0,0,3,0,0,5,0,3,2,0,1,0,1,2,1,1,3,5,1,1,0,1,2,4,0,1,5,0,1,2
ND_donor_05_cell_056,demo,ND_donor_05,ND,beta,19,17,17,20,15,14,23,16,10,18,4,2,3,3,1,6,3,5,3,2,7,5,9,5,7,3,1,4,2,1,0,1,1,0,1,1,0,2,0,3,0,0,0,0,2,3,0,1,3,1,4,1,0,1,2,0,2,0,1,1,0,0,1,0,0,0,2,1,1,1,0,0,3,0,2,1,1,4,2,1,0,4,7,3,2,0,1,0,1,0,0,0,0,1,1,0,1,1,0,3,5,1,1,2,1,1
ND_donor_05_cell_057,demo,ND_donor_05,ND,beta,65,65,54,53,52,61,55,71,55,59,0,1,0,1,0,1,2,1,0,0,8,10,6,6,4,9,5,3,4,3,2,2,0,3,1,2,2,3,1,4,3,0,2,1,1,0,1,3,0,2,1,4,1,1,1,0,3,3,5,0,1,1,3,1,3,1,4,0,1,2,2,5,2,1,3,0,1,3,5,1,2,2,1,0,1,4,0,5,2,1,2,3,4,1,3,3,3,1,1,4,0,1,2,2,1,1
ND_donor_05_cell_058,demo,ND_donor_05,ND,beta,34,32,36,29,30,24,47,32,39,32,1,3,1,0,0,0,0,2,1,2,8,6,8,4,8,5,1,2,2,1,1,3,4,0,0,2,1,0,0,3,0,0,1,1,0,2,2,1,1,3,0,0,3,3,1,2,1,1,2,1,4,1,1,0,3,4,0,1,3,4,2,0,4,5,0,4,0,6,0,0,2,2,5,1,1,2,0,4,1,0,6,0,1,1,0,1,1,2,6,3,1,0,3,1,3,5
ND_donor_05_cell_059,demo,ND_donor_05,ND,beta,57,59,49,55,44,47,66,64,53,48,0,1,1,0,3,2,2,1,1,1,8,4,8,10,5,8,1,2,1,3,1,1,2,3,2,1,2,1,0,2,0,1,0,0,2,0,2,1,3,1,0,0,4,2,2,0,1,0,3,1,4,1,0,4,9,2,1,4,1,7,0,3,5,3,0,0,2,2,6,1,4,2,0,0,1,1,2,2,3,4,1,1,2,1,1,0,2,2,1,4,1,0,3,0,3,2
ND_donor_05_cell_060,demo,ND_donor_05,ND,beta,15,12,17,14,24,15,12,7,20,14,3,4,5,3,0,1,2,6,1,1,10,6,6,9,4,6,1,2,2,3,0,2,0,2,1,3,2,0,2,2,3,1,3,0,4,2,0,2,0,3,3,1,1,1,0,2,1,3,1,1,7,5,0,0,3,4,1,3,1,1,5,4,1,2,3,1,1,0,1,3,6,4,0,4,1,2,0,2,2,3,0,5,6,1,3,1,1,3,0,0,0,2,4,3,3,1
ND_donor_05_cell_061,demo,ND_donor_05,ND,beta,14,19,20,14,15,17,17,16,11,16,2,4,1,7,4,3,2,3,3,7,6,2,12,5,10,2,0,3,3,3,0,2,4,0,1,1,1,2,3,2,3,0,4,1,1,0,0,1,0,3,0,2,4,0,1,1,1,1,1,1,0,1,1,2,0,3,1,1,1,1,7,1,0,1,3,3,2,1,2,6,5,1,0,0,1,1,2,2,4,1,3,1,2,0,3,1,1,6,4,2,3,1,2,2,2,1
ND_donor_05_cell_062,demo,ND_donor_05,ND,beta,19,26,19,27,30,25,19,17,25,18,2,2,2,3,1,1,1,1,0,3,3,11,6,5,4,5,0,2,2,3,2,2,3,1,1,6,0,0,0,2,0,3,0,0,0,2,0,1,1,3,4,0,1,0,6,0,0,2,0,2,3,2,1,0,3,2,4,1,3,2,0,1,0,2,0,4,0,1,2,2,1,5,1,3,5,0,2,1,3,4,1,3,0,1,2,2,1,2,1,2,0,0,0,0,0,0
ND_donor_05_cell_063,demo,ND_donor_05,ND,beta,60,50,45,59,57,50,48,56,58,33,1,0,0,2,0,2,2,1,0,2,6,5,12,5,7,6,3,0,3,2,0,1,3,3,1,3,6,0,2,6,1,4,1,1,3,1,0,2,4,3,0,4,0,3,1,1,0,1,2,0,1,0,1,3,0,1,2,1,6,1,2,0,0,3,4,1,3,2,3,1,3,0,2,1,0,6,2,0,2,1,0,3,1,3,4,4,0,2,0,2,0,3,2,0,3,4
ND_donor_05_cell_064,demo,ND_donor_05,ND,beta,34,33,36,33,46,33,44,42,37,30,0,0,1,0,1,0,1,2,1,3,6,7,9,7,6,7,0,0,0,2,0,2,3,3,1,2,1,3,4,0,0,1,1,2,3,1,0,2,2,3,2,0,7,3,3,2,1,2,1,3,3,0,2,0,3,2,3,3,3,0,1,1,5,4,1,2,0,6,1,1,0,2,1,1,5,1,2,4,0,1,1,2,1,0,3,1,1,1,1,1,7,2,2,1,0,5
ND_donor_05_cell_065,demo,ND_donor_05,ND,beta,19,14,20,20,18,23,25,17,16,22,2,1,4,3,1,3,3,2,3,2,2,10,9,9,10,8,2,1,3,3,0,3,3,3,2,5,1,4,1,4,3,1,2,0,2,1,2,2,1,4,2,3,1,0,5,1,1,5,2,1,1,1,1,1,2,0,1,4,6,2,0,1,2,1,0,0,2,2,1,1,1,2,1,0,2,1,4,0,1,0,0,2,3,3,2,2,3,2,0,1,4,0,0,0,4,0
ND_donor_05_cell_066,demo,ND_donor_05,ND,beta,69,63,80,78,66,81,74,55,72,59,0,0,0,0,2,0,0,0,0,0,8,9,6,5,11,8,1,1,4,4,3,3,1,0,1,0,0,0,2,0,4,0,0,3,0,0,1,3,1,1,2,3,0,0,5,5,4,4,2,2,1,3,2,3,6,0,1,3,2,1,1,1,2,0,2,2,2,4,4,1,3,2,6,0,3,3,1,3,2,1,1,0,2,2,5,3,0,0,1,1,3,2,1,0,1,2
ND_donor_05_cell_067,demo,ND_donor_05,ND,beta,18,25,23,19,14,14,13,23,13,18,2,1,3,4,2,0,1,3,0,1,7,3,5,4,7,11,1,2,2,1,3,3,1,0,0,1,4,0,2,2,1,1,2,1,1,4,1,4,1,0,1,0,5,1,7,0,2,2,2,4,1,2,5,2,4,1,3,0,1,0,1,0,3,1,0,2,1,0,2,0,1,0,0,1,2,0,2,2,1,4,3,4,3,1,1,1,5,1,2,3,3,2,1,1,0,2
ND_donor_05_cell_068,demo,ND_donor_05,ND,beta,35,33,29,42,26,17,30,27,27,30,2,2,1,2,1,2,1,2,1,3,6,2,9,1,6,4,1,0,0,3,0,3,3,2,3,2,2,4,0,10,2,2,2,1,2,2,5,1,4,1,1,0,1,1,4,2,1,3,0,5,4,1,1,0,1,0,2,3,1,1,0,6,2,2,1,1,4,2,1,2,1,3,0,2,5,0,0,4,7,1,2,2,0,1,1,3,0,1,2,0,1,2,1,0,2,0
ND_donor_05_cell_069,demo,ND_donor_05,ND,beta,68,57,68,56,67,65,42,50,65,73,1,2,1,0,0,0,0,1,0,1,8,10,8,14,6,13,0,3,2,1,3,2,1,3,1,2,1,0,5,1,5,2,1,1,2,0,2,1,1,1,2,2,2,2,5,1,1,1,2,2,5,0,1,7,0,4,0,1,1,2,0,2,0,3,1,3,2,2,1,0,1,1,3,0,0,1,3,0,1,3,5,5,1,1,0,1,1,1,0,0,0,3,2,4,1,3
ND_donor_05_cell_070,demo,ND_donor_05,ND,beta,59,50,54,54,64,55,53,57,64,55,2,0,0,0,0,2,0,1,0,3,11,4,11,8,5,8,0,1,2,1,0,3,4,1,4,3,2,2,0,0,1,1,0,2,0,2,3,0,2,1,0,0,1,0,0,1,1,3,1,1,0,3,0,1,1,0,2,0,3,0,1,0,1,2,1,0,0,3,3,1,1,2,2,3,0,1,1,0,2,0,2,1,0,2,3,2,1,3,2,1,2,2,0,2,1,1
ND_donor_05_cell_071,demo,ND_donor_05,ND,beta,22,36,22,35,27,25,29,27,27,22,2,1,5,1,2,4,0,0,2,0,12,9,8,5,10,5,4,1,1,1,5,2,0,1,2,6,3,2,0,2,1,4,1,2,2,3,6,3,2,1,3,4,1,1,1,1,3,5,0,2,1,0,1,2,3,2,0,2,1,1,0,0,4,1,0,1,2,2,0,1,6,0,1,5,1,0,3,0,1,1,3,3,1,0,2,5,3,2,3,1,5,0,1,2,1,5
ND_donor_05_cell_072,demo,ND_donor_05,ND,beta,63,52,61,52,64,66,53,49,60,58,0,3,3,3,0,1,0,2,1,1,11,6,11,10,10,6,1,3,2,1,1,1,1,2,1,0,0,1,2,1,3,4,1,1,0,0,4,3,2,4,1,1,2,1,1,4,3,5,1,1,1,1,0,2,3,2,2,3,1,1,1,2,3,0,3,1,0,1,7,3,2,0,1,1,2,1,1,0,2,1,3,1,6,0,3,1,0,2,0,1,2,1,3,1,3,4
ND_donor_05_cell_073,demo,ND_donor_05,ND,beta,39,29,28,27,33,20,27,36,31,26,1,1,0,0,2,0,1,4,1,4,6,6,6,5,7,7,0,1,3,3,2,2,4,1,0,1,0,6,0,2,1,0,3,1,2,1,1,3,1,4,1,5,3,0,0,0,2,1,2,5,1,2,6,2,2,1,3,1,1,3,0,2,2,2,3,6,3,1,0,0,1,3,1,1,1,0,1,2,4,1,2,1,2,2,2,0,3,2,3,0,0,2,3,3,1,2
ND_donor_05_cell_074,demo,ND_donor_05,ND,beta,39,33,29,31,23,27,21,31,33,27,1,1,0,3,0,1,2,2,2,2,10,7,7,6,7,1,3,2,0,1,3,1,0,0,1,3,1,0,3,1,2,2,3,1,5,4,1,3,0,1,3,1,4,2,0,1,1,1,1,3,1,2,1,2,3,2,4,0,3,1,2,0,1,0,6,1,3,1,1,0,1,1,1,4,0,2,2,1,1,4,2,1,4,2,1,3,3,2,0,0,3,2,1,0,2,2
ND_donor_05_cell_075,demo,ND_donor_05,ND,beta,46,52,28,41,35,43,34,47,38,44,1,3,0,0,2,0,1,4,0,0,8,5,7,7,7,13,2,1,1,1,1,1,1,5,1,0,2,0,1,1,1,1,1,1,1,1,5,1,0,2,2,3,4,2,1,1,1,7,2,6,3,2,2,0,0,6,2,0,1,0,4,0,2,4,0,2,1,5,0,1,0,1,1,1,2,2,2,2,0,0,2,0,1,2,1,1,2,3,2,1,4,2,2,1,2,4
ND_donor_05_cell_076,demo,ND_donor_05,ND,beta,6,13,16,5,14,16,11,8,12,10,5,3,4,5,10,6,5,6,3,11,6,6,8,9,6,1,1,3,1,4,0,2,2,2,1,0,3,3,1,6,0,0,1,2,1,4,1,4,2,2,3,2,2,3,1,2,0,1,2,1,4,5,1,1,1,3,1,4,1,1,1,1,2,2,0,1,0,3,1,2,1,1,1,1,2,1,1,2,0,4,3,1,4,3,3,0,4,1,2,0,2,1,1,2,3,0
ND_donor_05_cell_077,demo,ND_donor_05,ND,beta,46,44,45,47,50,50,47,38,49,55,1,1,0,1,1,0,1,2,1,1,4,5,6,5,7,7,2,1,0,1,0,0,3,0,1,2,1,2,0,4,5,2,2,1,3,4,5,2,0,3,0,2,0,0,2,2,3,3,1,3,2,1,1,0,1,3,1,2,1,2,2,1,0,3,1,3,2,0,0,2,1,1,3,0,4,0,2,4,2,4,2,1,0,1,4,2,2,1,1,2,2,2,4,0,2,2
ND_donor_05_cell_078,demo,ND_donor_05,ND,beta,19,26,21,19,17,29,25,24,17,20,3,3,1,2,2,1,1,1,1,2,9,7,3,6,10,5,2,1,1,1,1,0,0,2,2,3,0,0,1,0,0,2,5,2,0,3,2,0,2,2,3,2,2,1,1,2,1,0,4,2,0,1,2,2,1,3,1,3,1,0,4,1,4,2,2,1,2,1,3,4,1,0,2,2,3,0,1,0,1,1,3,3,0,2,2,2,1,4,2,2,1,0,4,2,1,1
ND_donor_05_cell_079,demo,ND_donor_05,ND,beta,28,29,21,34,30,24,26,27,30,26,2,2,1,1,4,5,0,0,4,3,6,9,5,11,6,3,0,0,3,3,1,3,7,1,3,0,2,0,0,2,1,1,1,3,0,4,0,1,3,1,1,4,3,1,0,1,1,2,4,4,3,0,1,3,2,1,3,0,6,4,3,3,3,1,2,2,3,5,2,1,1,0,2,0,1,2,5,6,1,1,2,1,0,2,1,2,2,3,4,1,6,5,1,3,0,0
ND_donor_05_cell_080,demo,ND_donor_05,ND,beta,22,28,18,26,18,19,29,31,22,28,1,1,2,0,3,2,1,2,3,3,5,6,6,8,12,10,5,2,2,0,2,2,3,1,2,1,2,1,2,0,2,5,2,2,2,3,0,2,4,3,1,2,3,1,1,0,3,2,0,1,1,1,4,4,3,4,3,2,2,1,2,2,0,2,0,0,1,0,1,2,2,1,2,1,0,3,2,2,0,0,2,5,2,1,3,3,3,2,1,3,1,2,0,3,1,1
ND_donor_05_cell_081,demo,ND_donor_05,ND,beta,53,31,45,39,41,39,49,34,58,48,1,1,2,1,3,0,2,2,0,4,5,7,7,4,10,8,0,4,0,0,6,3,1,0,1,0,1,3,4,0,2,1,1,3,1,5,3,0,4,2,1,1,4,3,2,1,2,0,7,2,1,3,1,4,3,0,3,1,3,1,3,1,2,1,0,2,4,3,2,2,1,0,2,1,0,4,2,1,3,2,0,1,4,0,1,6,4,0,0,3,1,1,1,2,2,0
ND_donor_05_cell_082,demo,ND_donor_05,ND,beta,73,69,73,77,75,52,83,68,72,59,1,0,0,0,0,0,3,0,0,0,8,7,11,8,8,4,1,0,2,4,4,0,1,2,1,3,1,4,3,3,2,2,1,1,1,1,1,2,5,3,3,0,5,1,0,5,1,3,2,2,0,3,2,0,2,0,1,1,1,3,1,2,2,0,4,1,3,2,1,2,3,2,1,1,3,3,2,1,4,0,1,1,2,2,1,1,2,5,0,1,1,2,1,1,1,5
ND_donor_05_cell_083,demo,ND_donor_05,ND,beta,20,26,22,29,33,17,21,21,30,31,2,3,0,2,4,1,3,0,3,0,9,6,6,6,7,5,1,0,0,2,0,3,1,0,2,3,2,1,1,2,0,0,0,1,1,4,2,0,2,1,0,1,0,4,1,0,2,3,0,2,2,3,0,2,1,6,1,2,5,0,1,2,3,2,0,1,1,2,4,2,1,1,1,0,4,3,4,3,8,6,7,1,4,1,2,2,0,1,2,2,2,2,0,2,3,1
ND_donor_05_cell_084,demo,ND_donor_05,ND,beta,15,14,21,16,21,18,18,10,16,16,2,4,0,4,6,2,3,7,3,3,4,2,4,9,7,5,4,2,1,0,0,0,5,0,1,2,0,2,2,3,0,3,1,4,1,3,3,3,3,4,1,7,4,1,1,2,0,2,3,1,0,2,2,0,3,3,3,0,0,0,5,1,2,6,1,4,3,2,3,1,3,0,0,1,2,1,1,0,3,7,1,3,0,1,0,3,0,3,1,0,0,1,0,0,2,0
ND_donor_05_cell_085,demo,ND_donor_05,ND,beta,43,49,45,38,44,41,46,48,48,51,1,1,1,0,0,0,2,1,0,1,7,8,8,11,7,2,0,2,3,3,0,2,1,3,1,3,3,0,1,1,0,0,1,2,3,2,2,3,3,0,0,1,1,2,3,3,1,6,0,0,4,2,0,1,1,3,4,2,0,3,3,1,2,0,1,2,1,0,2,0,2,5,2,1,5,0,1,0,1,1,1,3,3,2,2,0,0,2,2,2,1,0,0,4,4,1
ND_donor_05_cell_086,demo,ND_donor_05,ND,beta,39,40,56,44,49,50,57,44,59,42,1,1,3,1,3,2,1,0,0,0,12,9,12,10,6,6,4,3,1,2,3,4,2,1,1,0,2,2,3,1,2,2,1,0,3,3,5,3,3,0,3,0,1,2,2,2,1,4,4,0,3,2,2,0,0,0,1,2,0,3,4,1,0,2,5,1,1,2,2,5,3,1,3,1,3,1,3,0,1,2,0,2,2,2,3,0,0,2,4,3,3,1,1,2,1,2
ND_donor_05_cell_087,demo,ND_donor_05,ND,beta,71,71,48,74,71,73,62,62,57,73,1,2,2,0,1,1,0,1,3,3,10,13,8,5,16,9,3,3,0,2,2,2,0,1,0,0,2,2,0,7,0,7,0,3,1,6,1,1,3,2,1,0,3,2,0,0,3,3,1,2,0,1,0,0,2,3,1,1,1,2,3,2,5,3,2,2,3,3,0,1,3,1,4,2,3,2,2,1,2,0,2,2,2,2,2,2,3,3,1,0,1,0,5,1,2,1
ND_donor_05_cell_088,demo,ND_donor_05,ND,beta,46,44,41,51,43,57,45,46,45,50,1,0,1,2,0,1,3,0,2,0,4,9,6,6,11,12,2,4,1,1,1,0,3,2,2,2,4,0,0,1,3,2,3,2,3,0,0,0,3,4,0,1,2,2,2,0,1,0,2,1,6,0,0,1,6,2,6,1,1,5,2,0,3,1,0,1,2,2,5,1,2,2,1,0,2,3,1,3,2,0,1,3,2,0,3,0,1,5,0,3,1,3,3,2,3,0
ND_donor_05_cell_089,demo,ND_donor_05,ND,beta,39,44,39,59,50,46,50,44,46,55,0,0,2,1,1,2,1,1,0,2,6,6,11,9,11,7,3,3,1,2,0,0,5,2,2,1,0,1,1,1,0,1,2,1,0,0,1,3,1,0,6,1,0,3,0,1,3,4,4,6,1,3,1,2,1,0,3,4,3,5,1,2,1,2,2,4,3,0,3,6,5,0,1,3,3,4,2,0,2,1,1,1,2,3,0,5,0,4,0,3,2,4,2,2,6,2
ND_donor_05_cell_090,demo,ND_donor_05,ND,beta,31,33,24,22,28,35,30,22,27,33,3,3,1,0,0,0,1,0,1,1,7,6,10,6,9,5,2,1,3,1,1,2,2,4,0,2,1,0,2,1,0,0,4,0,1,2,1,0,1,5,2,3,0,1,1,2,3,1,2,1,2,2,0,0,1,2,5,0,0,0,3,1,2,4,0,0,3,1,2,1,0,1,0,1,2,1,2,1,0,3,0,3,3,1,4,3,1,1,0,3,2,2,2,1,1,0
ND_donor_05_cell_091,demo,ND_donor_05,ND,beta,51,45,35,43,67,52,42,60,49,51,1,1,0,1,0,0,0,0,1,1,8,7,9,8,9,13,3,0,1,2,3,0,6,2,1,1,2,3,2,0,1,3,2,1,2,0,0,1,2,3,1,2,1,3,0,2,1,3,1,0,3,2,0,0,0,2,3,2,1,1,5,4,1,0,2,3,1,4,1,2,2,3,3,2,3,1,1,1,4,0,0,1,2,2,4,4,2,0,3,1,1,1,1,2,1,4
ND_donor_05_cell_092,demo,ND_donor_05,ND,beta,60,59,58,53,60,57,59,73,73,63,0,0,0,2,0,2,0,0,1,0,5,6,7,7,17,12,1,1,2,2,1,2,0,7,2,2,2,1,3,1,0,0,2,2,2,2,2,0,3,3,0,0,2,1,3,1,3,0,2,0,7,1,0,0,3,0,1,1,6,3,0,5,4,5,3,3,4,0,1,2,0,0,0,3,0,1,1,2,1,1,1,1,0,3,3,3,2,4,2,1,2,2,0,0,4,2
ND_donor_05_cell_093,demo,ND_donor_05,ND,beta,57,66,55,53,53,50,60,55,56,56,0,0,1,0,3,0,2,2,0,1,8,10,13,9,4,5,1,2,3,2,2,1,1,3,1,0,2,2,4,1,2,1,4,1,0,0,2,4,0,3,3,0,1,1,1,0,3,2,1,2,2,6,1,4,3,3,2,5,0,0,0,0,1,2,1,4,3,0,0,3,1,3,4,0,6,1,1,4,2,2,0,2,1,0,1,1,0,0,2,2,2,2,4,3,2,2
ND_donor_05_cell_094,demo,ND_donor_05,ND,beta,46,32,39,45,48,44,36,46,42,43,2,0,2,0,3,0,0,0,0,0,10,10,10,3,10,8,4,0,1,0,4,1,1,4,1,1,1,2,0,2,0,2,1,3,1,0,2,1,0,3,3,2,2,2,2,0,3,0,1,3,2,2,5,0,2,1,2,4,0,1,4,5,0,3,2,4,0,3,1,0,2,1,0,3,2,0,5,2,2,2,4,2,1,1,2,1,1,2,1,3,1,1,2,4,0,1
ND_donor_05_cell_095,demo,ND_donor_05,ND,beta,47,39,38,38,57,46,39,56,44,48,1,1,3,1,1,3,1,1,2,2,9,8,5,7,4,9,0,7,0,2,1,2,1,0,2,2,1,0,2,1,1,1,3,0,2,2,0,0,1,1,5,1,3,1,4,0,4,1,3,0,2,5,3,2,1,3,0,1,3,2,1,0,0,2,2,2,3,4,3,3,3,0,0,0,1,1,2,1,4,1,0,6,2,2,1,2,2,0,1,4,3,0,2,8,1,3
ND_donor_05_cell_096,demo,ND_donor_05,ND,beta,21,12,21,24,19,30,19,10,19,25,2,5,3,1,3,4,0,1,3,2,4,5,7,10,10,2,0,2,4,3,7,1,2,1,5,0,0,0,1,2,3,0,0,1,4,2,3,0,3,5,1,0,0,2,4,4,4,1,4,0,1,4,1,2,3,0,0,1,2,0,1,2,3,2,3,4,3,2,3,0,1,1,0,2,0,1,0,1,2,1,1,2,1,1,2,1,2,2,0,1,2,4,0,2,0,2
ND_donor_05_cell_097,demo,ND_donor_05,ND,beta,51,56,53,55,39,55,43,46,47,45,0,1,2,1,1,0,0,0,1,1,6,7,9,5,17,9,1,1,1,0,1,1,3,1,3,0,2,4,1,0,0,1,3,1,2,0,3,5,2,0,5,1,5,0,3,2,4,2,4,2,0,1,1,3,8,0,0,4,0,4,0,3,7,0,4,3,0,2,3,0,5,1,1,0,2,2,3,1,1,6,0,1,2,6,1,0,0,2,0,1,4,5,0,3,0,3
ND_donor_05_cell_098,demo,ND_donor_05,ND,beta,59,54,53,60,49,38,50,51,61,61,0,0,0,1,0,0,0,0,0,0,6,6,8,11,6,10,2,0,2,2,2,1,1,2,4,3,0,1,2,2,3,1,1,1,2,1,2,0,3,3,0,1,2,0,2,1,2,0,4,0,0,1,0,1,2,3,0,1,4,2,2,0,2,1,2,2,5,1,1,0,1,1,0,2,2,1,2,1,3,2,3,2,2,3,2,2,4,4,2,1,1,1,1,1,3,0
ND_donor_05_cell_099,demo,ND_donor_05,ND,beta,49,57,56,51,33,50,54,63,50,41,0,1,3,0,1,1,2,1,0,0,10,9,10,6,3,11,2,1,0,3,2,1,1,3,1,0,1,0,1,3,0,6,4,3,0,1,1,3,2,2,1,1,1,3,2,1,1,2,3,2,4,1,0,3,1,2,0,2,6,0,1,0,2,0,1,3,1,3,3,0,0,0,2,4,1,3,2,1,1,3,0,2,1,1,1,3,3,4,1,2,0,2,1,0,1,1
ND_donor_05_cell_100,demo,ND_donor_05,ND,beta,29,23,26,24,27,33,21,23,40,28,4,3,1,1,2,2,4,5,4,3,6,12,12,5,4,9,1,2,1,2,3,4,1,2,0,0,2,0,3,0,3,0,1,2,1,1,2,5,1,2,3,5,0,2,0,0,2,4,2,2,3,0,0,2,2,0,3,1,2,0,1,3,1,1,4,0,0,0,0,2,3,3,3,0,4,1,0,0,2,3,2,1,3,0,4,2,1,0,0,2,4,1,3,8,4,2
ND_donor_05_cell_101,demo,ND_donor_05,ND,beta,28,37,33,34,36,34,51,32,45,33,0,3,0,0,3,0,2,0,3,2,9,9,8,5,8,8,3,0,4,1,3,2,5,0,1,4,0,2,0,0,1,0,2,5,2,0,2,0,0,4,2,3,1,6,2,1,3,1,3,1,0,1,0,2,5,1,3,1,1,0,2,0,1,3,2,1,1,2,3,3,2,0,0,0,2,3,2,3,3,2,2,0,3,2,3,2,0,1,0,1,1,1,1,3,1,1
ND_donor_05_cell_102,demo,ND_donor_05,ND,beta,28,27,38,34,30,35,39,44,25,39,0,2,3,3,0,3,0,2,3,0,6,8,6,4,7,4,0,1,1,2,2,0,1,2,3,6,0,1,1,1,1,4,2,3,2,1,1,2,2,1,0,2,0,7,3,1,2,0,0,2,1,3,1,7,0,0,2,5,1,6,0,1,3,4,5,2,3,0,2,3,1,2,2,1,6,3,0,0,4,1,1,1,2,2,0,3,2,5,1,1,2,3,2,1,3,5
ND_donor_05_cell_103,demo,ND_donor_05,ND,beta,22,15,30,22,24,20,27,28,25,25,1,2,3,1,1,0,0,2,0,0,10,8,8,3,11,6,2,3,3,3,3,3,2,1,0,3,3,0,4,1,0,1,3,0,2,2,1,4,4,0,0,1,3,4,1,1,1,1,0,2,1,3,0,2,0,0,0,2,2,1,0,2,2,1,2,2,1,3,4,1,3,0,3,3,0,4,5,0,1,1,0,0,1,2,1,4,0,2,3,1,5,3,3,1,1,5
ND_donor_05_cell_104,demo,ND_donor_05,ND,beta,30,37,22,40,36,26,38,30,35,29,1,1,3,1,0,2,0,1,3,0,1,7,8,7,13,8,0,4,0,1,1,1,0,1,1,3,2,3,0,3,0,2,2,0,2,2,4,1,1,3,2,3,1,1,1,2,7,2,1,0,2,3,2,1,0,1,1,3,0,1,1,1,1,1,0,2,4,2,4,1,0,3,2,5,2,3,1,1,1,1,1,0,1,0,0,3,1,1,2,1,1,1,3,3,5,4
ND_donor_05_cell_105,demo,ND_donor_05,ND,beta,40,45,35,44,48,38,29,44,32,42,0,1,0,0,0,3,1,0,0,1,8,8,7,10,6,6,1,3,0,3,1,2,5,3,1,0,2,6,5,1,2,0,1,3,0,0,2,1,5,4,1,2,4,0,2,3,0,1,2,1,2,4,0,1,2,1,1,3,1,3,3,3,1,0,1,0,0,1,3,2,1,0,0,0,2,1,0,1,6,2,0,1,2,4,0,1,1,5,1,0,1,7,1,5,2,1
ND_donor_05_cell_106,demo,ND_donor_05,ND,beta,31,26,23,23,31,18,31,26,23,18,2,2,1,2,0,0,2,1,1,1,1,6,9,10,10,5,2,1,6,0,0,2,1,3,0,1,0,3,0,3,1,1,0,0,1,1,2,2,0,1,1,1,2,1,1,1,2,0,5,3,2,1,0,1,1,2,1,2,4,2,2,2,0,4,4,0,4,0,0,2,8,0,3,0,0,1,3,1,7,1,7,3,2,3,5,5,5,2,2,1,0,1,0,0,3,3
ND_donor_05_cell_107,demo,ND_donor_05,ND,beta,33,38,38,28,28,39,29,31,42,33,0,0,1,2,0,1,0,0,1,3,8,6,6,15,11,7,4,0,1,2,2,1,3,0,2,0,4,1,0,1,1,1,0,0,1,2,3,2,0,1,0,0,3,0,3,2,1,0,0,2,5,0,1,1,3,0,3,1,3,2,3,4,3,3,2,6,0,1,1,0,5,7,1,1,0,0,0,1,3,4,1,1,4,4,1,2,3,1,1,2,2,0,1,0,8,2
ND_donor_05_cell_108,demo,ND_donor_05,ND,beta,41,49,37,42,28,54,41,50,50,32,1,0,2,0,1,0,0,2,2,1,14,8,8,11,9,9,2,0,2,0,1,2,2,2,3,3,5,2,0,0,2,1,2,1,0,2,1,3,2,0,3,1,1,1,6,3,3,3,1,0,0,1,0,3,3,0,0,3,0,0,2,0,0,1,0,2,4,1,2,0,1,1,0,3,2,2,1,1,1,3,4,1,0,0,2,0,0,1,4,2,0,0,4,6,0,3
ND_donor_05_cell_109,demo,ND_donor_05,ND,beta,22,24,43,22,24,33,34,37,29,34,1,1,1,3,4,3,3,3,4,2,4,7,3,6,8,5,0,2,1,2,2,0,1,4,5,4,1,1,2,1,0,0,1,1,3,1,2,2,1,1,1,1,4,2,1,6,3,1,3,3,1,2,1,2,2,3,4,2,2,1,1,2,3,2,1,3,2,1,1,1,1,0,2,1,0,0,0,3,2,4,2,1,1,2,2,1,4,4,2,6,1,0,1,0,4,4
ND_donor_05_cell_110,demo,ND_donor_05,ND,beta,31,30,27,34,37,16,27,32,26,28,2,2,0,0,0,0,1,2,1,2,5,2,6,8,7,8,2,1,1,2,3,0,0,3,0,2,2,0,2,1,0,1,4,4,4,1,3,2,0,2,3,0,3,2,0,2,1,1,0,2,1,2,5,3,1,0,2,4,1,5,0,2,3,2,1,4,0,0,4,1,0,1,3,3,2,2,4,0,1,0,0,1,2,2,0,0,4,0,0,1,3,0,1,1,5,4
ND_donor_05_cell_111,demo,ND_donor_05,ND,beta,24,14,17,26,23,17,16,21,18,19,0,3,3,3,3,2,3,1,4,0,7,7,6,9,5,4,1,2,1,0,0,1,1,0,1,3,3,3,4,5,6,3,2,3,5,4,2,4,1,0,4,1,2,1,0,1,3,2,3,6,5,1,1,5,3,1,2,1,2,2,1,1,1,1,1,1,2,2,4,1,1,1,0,3,3,3,3,5,3,5,6,1,0,2,1,1,2,2,9,0,2,3,4,1,0,1
ND_donor_05_cell_112,demo,ND_donor_05,ND,beta,99,89,87,94,93,97,106,93,106,92,1,0,0,0,0,0,0,0,2,0,20,5,9,7,13,10,1,0,0,2,4,1,2,2,0,4,0,5,2,2,2,2,1,1,3,0,0,0,1,2,0,2,1,0,2,2,1,0,1,1,3,4,2,1,2,1,0,0,0,0,2,0,3,1,1,1,1,1,3,3,2,5,1,2,3,5,1,0,1,1,1,0,1,5,1,0,0,1,2,8,4,3,1,5,0,3
ND_donor_05_cell_113,demo,ND_donor_05,ND,beta,7,7,4,6,5,8,11,3,7,5,15,5,17,8,10,10,12,10,11,3,3,2,4,5,5,3,1,1,1,0,6,3,2,0,3,4,3,4,2,2,2,1,0,5,3,0,1,2,0,2,4,0,1,3,0,2,2,1,1,3,2,1,4,3,1,3,1,0,2,1,2,2,4,3,3,3,1,4,2,4,0,1,0,1,0,2,2,0,4,2,3,1,2,1,4,4,1,3,0,0,1,1,2,3,2,2
ND_donor_05_cell_114,demo,ND_donor_05,ND,beta,37,36,43,32,33,45,36,34,35,50,2,2,1,0,0,2,2,1,2,4,7,10,11,5,4,4,1,5,0,5,1,1,4,3,2,1,3,0,1,1,1,4,4,2,2,4,1,1,4,3,1,1,1,2,4,3,0,4,2,1,2,1,2,5,2,2,2,0,3,0,2,0,2,0,0,2,1,2,0,0,3,1,1,6,3,2,5,2,3,0,0,1,3,1,0,1,2,4,3,3,1,1,1,2,1,4
ND_donor_05_cell_115,demo,ND_donor_05,ND,beta,23,23,25,10,19,16,18,14,17,17,2,3,2,4,5,2,0,4,1,3,7,5,2,5,2,5,1,1,1,0,1,5,0,1,2,1,2,1,0,1,4,1,2,1,1,2,1,0,5,5,4,3,0,0,2,0,0,1,2,1,1,1,1,1,4,0,1,0,0,1,0,1,0,3,3,2,2,0,2,1,2,2,1,2,0,2,1,0,3,3,0,1,0,2,4,2,3,2,2,5,0,2,1,2,4,1
ND_donor_05_cell_116,demo,ND_donor_05,ND,beta,39,35,34,31,39,40,31,35,33,37,1,1,1,3,1,3,5,0,3,0,9,8,10,6,5,5,1,2,1,0,2,3,3,3,2,2,2,3,0,2,1,1,5,0,1,0,1,3,1,1,2,0,0,2,0,3,0,1,3,0,4,2,1,2,1,4,1,2,3,3,2,1,2,2,2,4,0,2,2,1,1,4,0,6,0,1,1,2,2,5,3,0,3,1,6,0,1,1,1,1,3,3,3,0,1,1
ND_donor_05_cell_117,demo,ND_donor_05,ND,beta,93,101,90,92,102,98,106,106,103,120,0,0,1,1,0,0,0,1,1,1,14,11,6,11,5,9,0,1,3,2,3,1,2,2,7,1,4,2,7,0,2,2,3,0,3,0,4,1,3,0,0,0,1,1,2,1,1,2,2,1,0,2,0,1,1,1,0,0,0,1,0,1,1,6,2,1,5,2,1,4,4,2,0,3,1,1,2,0,1,2,0,1,3,0,1,4,1,1,5,1,1,2,1,4,0,2
ND_donor_05_cell_118,demo,ND_donor_05,ND,beta,43,54,49,40,50,42,42,51,51,55,0,0,1,1,1,1,1,0,1,0,6,6,4,9,6,7,2,2,0,0,2,2,1,3,0,3,2,2,2,2,0,0,3,1,0,5,3,3,1,1,2,0,0,4,3,0,0,2,0,6,2,5,0,1,1,4,2,1,2,0,0,1,2,0,1,5,0,2,2,2,3,1,1,1,3,3,1,1,0,4,1,2,4,1,3,2,0,0,5,1,0,0,0,0,2,4
ND_donor_05_cell_119,demo,ND_donor_05,ND,beta,17,16,20,18,18,14,16,19,16,18,2,8,5,2,3,1,4,2,3,3,7,9,11,6,5,7,1,1,2,0,1,2,2,5,3,3,0,2,2,2,5,1,0,3,1,2,1,2,4,2,2,3,1,1,3,1,0,0,1,4,2,1,3,0,1,2,4,0,1,3,3,1,0,3,0,3,0,4,2,0,7,0,1,1,0,3,1,3,2,1,0,1,1,2,6,1,2,2,0,2,2,0,2,1,2,3
ND_donor_06_cell_000,demo,ND_donor_06,ND,beta,18,16,15,10,14,12,19,14,16,13,5,6,4,1,5,2,5,4,6,5,3,5,6,11,5,6,0,0,2,2,3,3,2,0,2,3,2,4,0,1,0,3,0,0,4,0,2,3,1,1,0,0,0,1,3,3,3,0,0,1,1,0,2,0,1,1,4,5,0,3,2,2,2,0,0,7,4,4,3,1,0,1,3,2,5,1,1,1,0,1,4,1,0,1,2,2,0,3,0,3,0,2,0,5,1,5
ND_donor_06_cell_001,demo,ND_donor_06,ND,beta,27,17,18,24,32,33,22,23,20,17,2,0,3,3,1,2,1,1,0,2,5,6,4,4,1,4,3,1,2,3,0,3,3,1,1,3,1,4,2,4,1,1,0,1,3,4,3,4,2,2,1,4,1,4,3,3,0,0,1,1,1,1,3,3,2,0,3,1,0,1,3,2,2,1,1,2,0,3,1,0,0,1,3,1,1,1,2,2,0,3,1,3,3,3,0,2,0,4,5,2,2,3,1,3,2,2
ND_donor_06_cell_002,demo,ND_donor_06,ND,beta,46,31,40,40,36,36,45,43,33,40,1,1,2,1,2,0,0,3,1,1,5,4,6,3,6,9,1,4,1,2,2,3,1,0,2,1,2,1,0,0,0,3,0,0,2,1,0,2,6,2,3,2,1,0,2,0,1,5,1,3,2,3,1,4,0,0,3,0,0,1,2,0,3,0,2,2,1,1,5,0,1,2,2,0,0,2,2,4,2,0,3,4,2,4,2,1,0,5,1,2,2,3,3,1,1,3
ND_donor_06_cell_003,demo,ND_donor_06,ND,beta,44,48,51,65,51,61,41,48,37,52,1,1,0,1,1,1,0,0,1,1,7,7,7,7,10,4,2,2,2,2,2,0,1,2,1,0,3,3,0,0,0,2,7,1,5,0,3,0,0,2,4,1,2,0,4,2,1,2,1,4,1,0,3,1,4,5,4,3,0,2,2,4,0,2,1,2,2,1,1,1,3,1,0,3,2,1,4,2,1,1,7,0,5,2,2,4,4,5,1,0,1,2,2,3,2,3
ND_donor_06_cell_004,demo,ND_donor_06,ND,beta,46,54,46,54,53,44,45,49,50,46,1,2,0,0,1,2,0,0,0,1,12,10,10,5,6,12,2,4,1,1,1,0,1,1,0,4,2,1,2,1,1,1,3,1,2,2,2,2,3,0,3,0,7,1,0,3,3,0,3,0,4,6,0,1,1,3,2,1,0,2,1,2,1,1,3,3,5,1,3,0,0,3,1,3,3,4,1,0,1,1,2,2,0,0,3,1,2,1,2,3,0,3,1,5,5,0
ND_donor_06_cell_005,demo,ND_donor_06,ND,beta,35,29,33,20,34,31,27,22,29,29,4,1,3,1,1,1,2,2,0,1,16,8,8,6,6,5,1,4,2,2,2,5,0,0,2,0,2,5,0,1,3,1,5,0,2,0,0,3,4,0,2,2,5,0,3,0,3,1,2,6,1,2,0,3,0,3,1,0,2,3,0,1,1,2,1,4,5,3,0,0,2,3,2,0,6,0,1,2,2,4,3,6,3,2,6,2,1,2,1,3,2,3,1,1,3,3
ND_donor_06_cell_006,demo,ND_donor_06,ND,beta,23,24,34,37,28,39,31,37,35,30,3,0,2,2,0,1,3,1,0,6,6,7,8,8,8,12,2,3,1,2,2,1,3,2,4,1,1,3,6,2,2,1,6,1,2,1,3,1,1,0,0,4,2,3,3,6,3,1,4,5,3,3,1,0,1,1,0,5,2,2,2,1,0,0,0,2,0,1,0,2,0,1,3,0,1,2,3,2,2,4,1,2,1,3,2,4,2,3,2,2,1,6,0,2,1,4
ND_donor_06_cell_007,demo,ND_donor_06,ND,beta,22,21,23,31,29,18,30,18,26,20,3,0,0,1,1,1,2,2,2,4,4,6,3,6,4,1,0,2,4,5,1,3,0,1,1,4,3,0,2,0,1,1,4,0,3,4,4,0,2,2,3,3,2,1,3,3,2,1,1,2,1,1,0,1,3,1,6,3,1,0,2,1,2,2,4,2,4,0,3,2,3,0,2,4,2,2,1,1,2,2,1,4,0,4,1,3,2,7,0,1,0,0,0,1,0,2
ND_donor_06_cell_008,demo,ND_donor_06,ND,beta,28,26,27,14,18,25,26,25,29,22,5,1,0,2,6,5,1,3,3,2,11,5,6,5,8,8,1,2,2,3,4,3,1,4,0,3,5,1,3,0,0,0,4,2,1,2,1,2,2,0,1,1,4,1,6,0,4,1,0,1,2,0,4,1,0,1,0,4,2,0,1,0,2,1,3,4,3,1,2,1,2,3,2,4,0,2,1,0,1,0,2,1,2,1,2,2,1,4,0,3,0,0,2,1,1,1
ND_donor_06_cell_009,demo,ND_donor_06,ND,beta,34,37,30,31,32,27,23,36,34,35,0,2,0,1,2,3,0,0,1,2,6,4,10,10,5,5,6,0,0,0,4,2,1,3,1,2,7,3,4,2,1,2,0,1,0,1,1,4,0,0,0,1,5,0,1,1,3,1,6,1,0,0,4,0,1,0,0,3,1,5,2,2,0,0,2,0,3,0,0,2,0,0,1,2,1,3,1,1,2,0,3,5,3,5,3,2,1,2,3,3,0,1,5,2,3,1
ND_donor_06_cell_010,demo,ND_donor_06,ND,beta,8,15,12,13,13,13,18,13,17,18,4,5,8,1,3,3,4,2,4,5,3,3,2,4,8,6,0,0,1,1,1,0,0,0,0,1,1,2,1,0,1,3,3,3,4,2,3,0,0,3,2,4,1,2,3,0,1,2,0,0,2,4,3,4,1,5,4,3,3,0,2,5,1,5,0,0,1,2,5,1,0,1,2,4,1,3,1,5,1,3,2,2,2,1,3,1,2,1,2,3,1,3,0,3,1,4
ND_donor_06_cell_011,demo,ND_donor_06,ND,beta,20,20,17,31,21,30,21,34,26,12,4,3,2,1,3,0,0,6,2,2,8,9,5,7,4,5,2,2,1,6,2,0,1,2,4,1,0,3,3,5,0,1,0,1,2,0,2,2,1,2,1,4,5,0,0,0,2,0,2,3,0,1,0,1,1,0,4,1,4,5,1,2,0,0,2,2,1,4,0,0,2,2,2,1,0,2,0,1,1,2,1,2,1,2,0,0,3,0,1,3,2,3,0,1,1,3
ND_donor_06_cell_012,demo,ND_donor_06,ND,beta,24,24,23,17,23,25,26,23,28,32,1,4,0,5,1,1,0,1,5,2,7,3,4,3,3,7,2,0,1,0,4,2,1,1,1,0,1,4,2,0,2,0,0,1,0,0,2,1,1,1,3,1,1,0,1,1,1,0,1,2,5,5,0,0,4,2,0,3,0,6,2,1,1,0,0,1,1,1,1,1,0,2,1,3,1,1,1,2,6,4,1,2,3,0,2,3,0,3,1,1,0,1,1,2,2,0
ND_donor_06_cell_013,demo,ND_donor_06,ND,beta,45,43,45,38,45,42,36,37,49,36,2,1,1,0,3,2,0,1,1,1,11,7,12,6,8,15,0,1,0,3,2,1,0,2,0,3,1,4,0,2,1,0,2,0,2,0,1,1,3,2,3,0,3,0,1,0,4,3,3,0,1,0,1,1,2,1,2,0,0,1,5,2,4,0,2,5,2,4,1,1,2,2,5,3,1,1,7,6,2,0,3,1,2,0,2,2,0,1,0,1,10,4,2,2,0,2
ND_donor_06_cell_014,demo,ND_donor_06,ND,beta,17,3,17,8,14,11,10,6,17,13,7,2,3,2,4,5,6,6,3,4,6,9,6,9,5,8,1,1,1,4,3,1,1,3,0,0,2,3,4,1,1,2,0,0,0,3,3,0,0,0,1,2,0,1,2,3,4,5,2,0,0,0,3,1,1,1,1,0,1,1,2,2,1,1,0,1,0,0,2,2,3,0,1,0,0,0,1,0,5,1,0,2,4,1,0,4,2,0,4,6,3,0,2,2,1,1
ND_donor_06_cell_015,demo,ND_donor_06,ND,beta,35,39,36,26,36,31,33,34,24,31,1,2,2,2,3,2,2,4,1,0,8,9,5,12,7,10,1,0,3,2,1,2,1,4,1,1,2,0,2,5,3,2,0,1,1,2,0,1,7,5,0,2,2,4,6,3,0,4,3,2,4,1,5,1,1,4,3,1,2,2,5,1,1,2,0,3,3,1,2,0,3,0,2,4,2,0,2,2,4,5,0,2,2,2,3,5,1,3,0,0,1,1,3,1,2,1
ND_donor_06_cell_016,demo,ND_donor_06,ND,beta,15,14,21,21,15,14,23,14,16,19,4,4,4,2,5,6,1,1,3,2,7,4,5,7,7,4,0,0,5,4,0,2,1,3,1,5,1,0,0,0,0,1,3,2,1,0,6,1,0,2,0,2,2,2,3,2,0,0,0,1,1,3,0,1,3,0,3,0,1,3,3,1,0,0,3,3,2,1,1,3,1,0,1,2,5,3,2,2,2,1,3,1,1,2,1,5,1,1,2,4,1,3,0,2,1,2
ND_donor_06_cell_017,demo,ND_donor_06,ND,beta,35,28,26,20,30,38,30,28,30,31,2,2,1,3,1,2,0,1,3,1,7,11,9,8,10,7,3,0,2,0,3,3,2,1,3,2,0,1,1,2,4,2,0,1,0,0,6,1,5,0,1,2,0,1,5,2,2,1,1,0,0,1,0,2,0,1,4,0,1,0,0,2,1,0,2,0,0,1,5,4,2,1,3,2,0,0,4,5,0,2,1,3,1,2,0,1,1,2,1,3,3,2,1,2,0,0
ND_donor_06_cell_018,demo,ND_donor_06,ND,beta,21,37,21,23,26,14,16,21,12,20,3,3,6,2,0,0,0,1,3,3,6,4,10,6,5,4,1,0,0,5,7,1,1,0,1,3,5,1,6,3,3,2,0,4,2,1,2,1,1,1,0,3,2,0,1,1,1,3,1,0,0,2,2,3,0,1,2,1,1,0,2,3,2,0,0,0,2,5,3,2,3,0,1,1,0,2,1,1,0,1,3,3,3,5,1,5,0,2,0,2,2,0,6,4,1,3
ND_donor_06_cell_019,demo,ND_donor_06,ND,beta,20,26,17,25,29,28,28,25,23,24,1,2,1,0,0,0,2,4,1,2,7,9,7,12,10,3,1,0,4,1,2,2,2,3,5,3,1,1,2,1,1,2,3,1,3,0,1,1,2,2,2,2,4,0,0,1,1,1,2,1,0,1,0,1,2,2,1,2,2,3,8,1,1,2,2,1,2,1,3,1,1,2,3,2,2,5,4,1,2,0,1,2,2,2,3,2,2,3,0,0,1,2,3,3,0,1
ND_donor_06_cell_020,demo,ND_donor_06,ND,beta,20,16,18,27,27,21,18,26,27,26,2,0,2,2,4,4,4,3,1,3,7,3,7,12,6,4,4,2,1,7,0,2,1,3,1,5,1,3,2,3,3,0,2,3,0,0,0,3,2,2,4,0,1,5,3,3,3,2,2,2,0,2,0,0,0,2,3,1,0,3,0,2,3,1,0,0,1,3,4,1,0,2,0,3,1,0,3,1,2,4,0,3,1,0,2,1,1,2,2,4,0,5,0,2,1,6
ND_donor_06_cell_021,demo,ND_donor_06,ND,beta,30,18,20,21,23,24,17,17,23,9,3,3,0,3,0,1,4,1,6,3,7,2,7,5,5,5,1,0,1,1,0,0,1,4,3,3,1,2,0,2,4,0,3,1,2,2,2,0,2,2,1,1,1,1,4,0,1,2,4,2,3,2,4,3,1,3,3,1,2,0,2,2,4,1,0,3,1,2,0,2,1,2,0,1,2,1,1,2,2,1,0,0,2,1,1,1,1,0,0,1,3,2,3,2,1,0
ND_donor_06_cell_022,demo,ND_donor_06,ND,beta,29,33,30,46,34,37,28,37,27,35,0,0,1,1,0,1,1,1,3,0,13,11,8,6,4,6,2,0,1,0,5,2,1,1,1,5,1,3,1,2,5,1,5,2,1,0,0,1,0,0,3,3,2,1,1,1,1,0,0,1,4,1,1,1,0,1,1,3,1,3,1,1,3,2,1,1,2,4,4,0,2,1,4,1,3,2,0,2,0,3,3,0,1,1,5,3,1,3,3,0,1,1,0,0,4,2
ND_donor_06_cell_023,demo,ND_donor_06,ND,beta,28,32,29,35,30,30,30,26,33,37,2,0,1,4,0,3,3,3,0,3,5,9,2,6,5,3,1,3,1,3,1,4,6,1,1,1,4,0,5,1,7,2,1,2,1,0,0,1,0,4,3,3,1,0,1,3,3,1,0,3,1,1,1,5,2,1,0,1,1,4,3,4,1,0,1,0,2,0,0,1,1,3,0,1,1,0,0,0,2,1,1,1,0,3,1,1,3,1,1,1,0,1,3,0,1,2
ND_donor_06_cell_024,demo,ND_donor_06,ND,beta,24,25,22,22,27,32,28,22,24,19,1,1,2,4,1,1,2,0,2,4,8,3,6,5,3,4,2,5,3,2,2,1,3,4,0,3,3,3,0,3,3,2,1,1,1,1,0,3,5,3,1,1,1,2,4,4,1,2,0,2,4,6,3,0,2,0,0,1,2,3,4,2,0,1,0,0,2,1,4,4,0,1,0,3,3,2,3,1,0,1,4,3,0,4,5,2,2,1,3,8,1,3,3,2,0,1
ND_donor_06_cell_025,demo,ND_donor_06,ND,beta,4,10,6,9,6,11,7,9,8,5,4,4,3,4,3,7,10,3,8,4,2,3,3,3,5,3,0,0,0,1,2,1,1,0,1,2,2,3,0,0,2,1,3,1,2,2,0,3,2,1,1,2,1,2,3,2,0,3,0,0,4,4,4,3,0,3,0,1,1,1,3,4,3,0,2,1,3,0,1,2,1,3,1,3,0,3,0,2,1,4,3,1,3,2,1,0,2,1,1,4,2,4,3,2,3,1
ND_donor_06_cell_026,demo,ND_donor_06,ND,beta,71,51,53,46,52,45,63,59,57,47,0,2,1,0,1,2,0,0,0,2,9,11,7,12,10,9,0,2,2,0,4,0,0,5,0,4,0,2,6,3,0,0,1,2,3,1,1,2,3,0,2,3,2,0,2,2,1,1,2,4,1,3,1,0,0,2,1,0,2,0,2,4,0,1,1,2,4,7,3,0,5,0,1,1,2,5,2,0,4,1,2,1,1,4,3,1,0,2,2,0,0,0,1,2,0,2
ND_donor_06_cell_027,demo,ND_donor_06,ND,beta,8,8,6,7,3,2,3,3,4,6,4,5,4,7,7,8,12,7,9,5,6,5,7,8,4,4,1,4,0,3,3,0,0,3,1,5,1,1,1,0,3,3,3,0,3,5,0,1,1,1,1,3,1,3,5,0,0,0,5,2,3,3,2,0,2,1,1,0,1,1,1,2,2,0,3,2,0,3,2,1,5,0,4,2,2,2,2,1,0,1,4,0,1,0,4,0,2,2,0,3,0,1,2,1,3,7
ND_donor_06_cell_028,demo,ND_donor_06,ND,beta,24,22,21,24,19,18,19,24,17,17,1,1,2,2,1,3,3,4,2,3,4,6,3,1,4,5,2,2,0,4,2,0,1,4,4,2,0,2,5,2,0,1,3,2,2,2,0,1,0,2,4,0,5,0,0,1,2,2,2,2,1,0,0,3,3,3,2,2,1,1,0,1,4,1,1,5,1,0,0,0,3,4,0,4,2,3,2,0,2,3,1,2,1,0,1,1,1,3,2,0,1,6,2,1,0,2
ND_donor_06_cell_029,demo,ND_donor_06,ND,beta,19,18,21,15,11,25,21,18,25,24,2,4,1,3,2,1,2,5,4,4,5,5,4,6,5,6,2,2,3,0,3,3,3,2,3,4,1,1,2,7,2,3,0,1,0,3,1,8,2,1,1,2,1,4,0,1,3,2,3,2,2,1,0,4,2,1,0,4,3,1,3,2,1,2,1,0,1,0,3,3,4,1,4,2,0,0,1,5,4,2,1,0,1,3,2,3,0,3,1,5,4,1,3,0,1,1
ND_donor_06_cell_030,demo,ND_donor_06,ND,beta,23,17,19,24,27,27,23,21,25,25,0,2,1,2,2,3,5,1,2,0,5,6,2,9,5,6,1,2,4,0,1,3,2,2,1,0,0,1,2,5,0,0,2,0,3,3,3,3,1,1,2,0,1,4,4,2,4,1,5,1,0,3,2,1,2,1,1,0,0,3,1,2,1,2,0,7,1,3,2,1,0,3,0,1,0,4,2,3,3,1,0,2,0,3,0,4,3,0,0,2,1,1,4,0,2,3
ND_donor_06_cell_031,demo,ND_donor_06,ND,beta,21,23,22,28,23,28,12,19,18,17,2,4,3,2,4,2,2,2,5,5,4,6,6,3,4,8,0,1,0,1,1,2,0,1,5,2,3,1,4,1,3,3,2,1,2,1,2,0,1,1,1,4,2,1,1,0,3,2,0,0,1,2,2,4,3,3,4,0,2,0,4,2,0,1,4,2,1,1,0,0,0,1,1,2,0,1,1,1,4,1,1,2,0,1,2,2,3,1,1,5,0,1,1,1,0,1
ND_donor_06_cell_032,demo,ND_donor_06,ND,beta,12,24,34,19,25,29,24,21,23,23,0,2,1,0,3,3,2,1,3,2,9,7,5,8,4,8,4,2,3,1,0,0,0,4,4,1,2,1,1,1,2,2,0,2,1,1,1,3,2,3,2,5,0,1,1,4,1,3,1,1,0,3,1,3,3,1,2,1,1,1,2,4,2,2,2,2,2,1,2,1,3,1,1,2,3,0,3,4,5,1,2,4,4,2,3,4,2,2,3,2,0,1,3,1,2,2
ND_donor_06_cell_033,demo,ND_donor_06,ND,beta,15,16,21,15,18,16,19,15,16,18,1,2,1,5,6,5,2,0,3,1,7,3,8,2,4,8,3,0,4,5,4,1,3,2,2,2,1,3,2,0,4,3,1,6,2,0,1,0,1,1,2,0,1,2,5,0,2,3,1,7,2,4,2,1,2,1,1,3,1,4,0,3,2,4,2,3,0,1,2,3,2,0,5,1,0,1,2,0,3,2,2,0,3,0,2,1,1,3,1,2,3,2,4,3,1,2
ND_donor_06_cell_034,demo,ND_donor_06,ND,beta,56,47,35,51,36,48,44,44,52,51,1,0,3,0,0,1,0,2,0,2,11,7,7,11,6,8,3,1,0,0,2,1,1,3,0,0,2,2,1,5,5,0,5,0,0,0,2,2,3,1,5,3,1,0,2,2,0,1,2,2,2,0,3,1,0,4,1,3,1,0,2,0,3,5,2,1,2,4,4,1,4,5,2,0,3,1,6,1,3,0,2,1,1,0,2,4,4,6,4,2,2,1,2,0,1,2
ND_donor_06_cell_035,demo,ND_donor_06,ND,beta,40,41,37,42,42,33,31,35,42,32,3,2,0,3,1,3,0,3,0,2,2,5,7,7,4,10,3,4,0,1,3,0,1,1,4,4,0,2,3,1,2,2,0,2,1,2,2,3,2,5,2,2,0,3,1,0,3,2,2,3,1,5,1,3,1,0,0,1,3,0,3,0,1,1,1,2,3,2,4,1,3,2,1,1,2,2,1,3,0,2,3,0,4,3,1,4,1,5,2,3,1,0,4,2,3,2
ND_donor_06_cell_036,demo,ND_donor_06,ND,beta,30,16,25,20,26,23,25,20,14,29,4,2,1,4,0,0,1,3,3,7,4,7,6,6,7,8,1,3,1,0,3,2,2,1,0,1,4,3,2,3,5,0,1,1,1,2,1,0,1,1,4,3,3,0,1,1,0,2,3,2,0,4,4,2,1,0,2,1,2,3,6,0,0,2,5,0,0,2,2,3,0,2,0,2,3,2,0,2,1,7,0,3,4,2,0,1,0,4,2,0,5,3,0,0,1,1
ND_donor_06_cell_037,demo,ND_donor_06,ND,beta,13,10,12,13,17,11,10,14,5,9,3,0,4,2,4,3,2,4,6,1,3,5,5,7,2,5,4,1,2,0,0,3,1,1,1,0,5,0,0,1,0,0,3,0,1,0,1,1,0,2,2,2,2,2,0,2,1,1,2,1,0,6,2,1,1,1,3,1,1,2,1,1,2,1,1,3,2,0,1,2,2,0,2,2,1,1,0,1,0,2,4,0,0,0,0,0,0,2,0,1,1,1,1,2,0,3
ND_donor_06_cell_038,demo,ND_donor_06,ND,beta,10,12,13,10,16,14,11,3,9,8,7,6,6,6,3,4,4,10,6,10,6,7,2,5,7,5,2,3,0,4,0,0,1,2,2,3,2,0,0,5,3,5,1,1,1,1,1,1,8,4,2,1,1,2,1,1,0,1,2,5,2,3,1,3,0,2,3,0,1,0,1,0,0,1,2,4,1,2,0,1,2,2,2,0,0,0,4,0,1,1,3,2,1,5,0,4,0,1,2,0,2,1,1,0,0,4
ND_donor_06_cell_039,demo,ND_donor_06,ND,beta,16,12,16,22,23,22,22,25,12,17,3,1,1,1,3,3,1,3,5,2,11,9,6,2,5,6,1,0,4,0,2,2,1,4,3,0,0,2,2,1,0,1,1,0,1,1,3,0,0,0,1,2,1,1,0,3,1,0,1,2,4,1,3,3,0,2,1,0,1,0,3,0,2,0,3,1,2,6,3,3,0,0,2,3,3,1,3,3,1,0,1,1,3,2,5,1,2,2,1,6,1,2,2,4,2,2
ND_donor_06_cell_040,demo,ND_donor_06,ND,beta,6,12,14,12,14,6,1,11,7,11,5,6,10,11,2,7,10,7,7,5,2,6,4,8,2,2,2,0,0,0,3,6,2,2,4,1,1,2,1,1,4,1,2,2,3,0,1,0,2,1,3,1,1,0,3,2,1,1,2,0,1,3,2,0,1,0,1,0,2,0,5,4,2,2,1,1,4,1,3,2,1,0,5,4,1,1,0,1,2,4,2,4,1,1,3,2,1,3,0,2,0,2,5,1,0,0
ND_donor_06_cell_041,demo,ND_donor_06,ND,beta,28,24,36,29,30,33,26,33,37,31,1,0,2,2,2,2,1,1,1,0,3,8,5,7,6,9,2,0,0,4,2,1,0,3,0,2,0,1,2,0,6,6,2,2,0,2,1,1,1,3,1,1,0,1,2,0,2,0,2,2,1,0,1,3,2,2,3,2,0,0,2,2,1,3,1,1,0,0,0,1,3,1,6,0,0,0,1,2,1,6,1,2,1,1,0,3,0,1,2,5,2,1,0,1,2,2
ND_donor_06_cell_042,demo,ND_donor_06,ND,beta,21,14,24,17,18,21,15,18,10,17,1,5,4,2,3,3,1,1,1,2,3,0,4,6,6,7,2,2,1,0,1,2,2,0,0,0,0,2,1,2,3,3,1,1,4,0,1,1,1,4,2,0,2,0,4,3,1,2,4,2,2,4,3,1,0,4,4,0,2,1,3,1,2,1,0,1,1,2,1,1,4,4,2,2,0,2,0,2,0,4,2,3,3,0,0,1,1,3,2,3,1,0,2,3,0,4
ND_donor_06_cell_043,demo,ND_donor_06,ND,beta,27,32,22,26,24,21,21,31,34,21,1,3,3,0,3,1,2,3,2,1,10,6,8,6,3,5,0,4,2,1,2,1,5,2,0,0,3,1,1,5,1,0,2,1,1,2,1,4,2,2,1,0,3,0,0,5,1,1,2,1,2,5,3,3,2,2,0,5,1,0,1,0,0,1,1,1,1,2,1,2,1,1,0,0,0,1,2,1,1,1,1,6,3,2,0,0,2,4,0,1,1,0,3,0,1,0
ND_donor_06_cell_044,demo,ND_donor_06,ND,beta,27,39,38,36,35,30,32,37,31,36,0,1,3,0,2,1,0,1,2,0,4,4,7,8,6,7,2,2,1,1,3,1,1,2,4,5,1,1,3,2,2,0,1,0,3,1,4,2,5,0,0,1,0,0,1,2,2,5,0,1,0,1,1,2,0,0,2,1,0,2,0,5,1,1,0,5,3,2,1,2,4,4,4,2,1,4,3,2,0,2,4,1,2,0,5,0,0,1,4,2,0,2,1,2,3,4
ND_donor_06_cell_045,demo,ND_donor_06,ND,beta,32,27,40,31,19,31,29,23,33,20,2,1,3,4,1,1,0,2,4,2,8,7,9,6,9,11,8,3,1,1,1,1,0,1,0,2,2,2,3,2,2,2,3,5,4,2,2,3,1,3,1,4,3,1,1,0,0,4,0,1,1,1,1,2,4,4,4,2,1,2,4,3,4,0,3,2,1,4,1,4,1,2,1,1,2,1,2,1,0,3,3,1,0,2,3,1,1,2,2,0,1,1,1,1,2,0
ND_donor_06_cell_046,demo,ND_donor_06,ND,beta,45,40,35,43,36,30,44,46,37,36,3,0,1,1,1,1,2,1,1,0,10,12,6,1,2,13,1,1,0,0,0,2,2,3,0,2,3,4,5,0,1,1,0,0,2,1,8,1,0,2,2,3,2,1,0,3,0,5,0,1,2,1,4,0,2,0,0,1,2,0,3,2,2,0,0,1,1,1,1,4,3,3,3,1,2,0,1,0,2,3,1,2,0,2,2,4,2,1,1,1,0,3,2,3,1,0
ND_donor_06_cell_047,demo,ND_donor_06,ND,beta,13,9,12,10,15,11,13,17,16,10,3,7,6,5,6,3,4,3,1,5,5,5,3,3,6,3,0,0,3,5,2,3,0,2,0,1,2,3,1,1,2,2,4,1,1,2,1,1,0,0,4,0,6,4,0,1,1,1,4,0,0,1,2,1,2,0,1,1,1,2,2,3,4,1,0,1,1,2,0,0,2,3,4,2,1,0,2,2,4,4,1,3,4,4,0,0,3,1,1,1,5,1,2,1,2,5
ND_donor_06_cell_048,demo,ND_donor_06,ND,beta,15,10,19,10,8,15,13,12,16,15,5,8,5,5,9,2,6,5,8,4,2,7,4,8,8,4,0,1,0,2,2,1,3,3,0,3,3,4,4,1,0,3,1,2,0,1,0,3,1,0,2,3,3,0,1,3,1,1,0,0,2,1,1,2,5,1,3,4,2,1,1,3,0,1,0,1,0,1,4,2,6,0,1,3,0,1,3,4,6,3,0,0,5,3,1,2,0,3,1,5,1,2,1,2,1,2
ND_donor_06_cell_049,demo,ND_donor_06,ND,beta,20,23,21,25,24,28,24,34,36,35,2,0,0,2,4,0,3,2,1,1,5,8,3,7,2,5,1,1,4,2,4,4,0,2,2,0,1,1,1,1,2,4,0,1,1,4,2,0,2,0,4,0,0,3,3,3,4,3,2,3,2,0,1,0,0,0,2,5,3,1,3,4,3,1,4,2,3,0,2,0,2,2,6,2,5,5,4,0,0,1,0,3,1,2,1,1,1,2,5,2,0,3,0,4,1,1
ND_donor_06_cell_050,demo,ND_donor_06,ND,beta,23,28,21,23,21,21,20,24,21,15,1,4,3,1,0,2,1,4,5,0,4,6,8,1,4,6,2,0,2,1,1,3,6,1,1,1,0,4,2,2,1,0,4,5,1,2,1,1,1,2,1,1,1,1,1,4,0,3,1,4,1,4,4,3,1,2,0,0,0,1,3,1,0,2,1,1,4,2,3,0,1,3,3,1,1,2,2,3,0,4,0,2,5,0,5,1,1,0,0,0,0,1,1,0,1,1
ND_donor_06_cell_051,demo,ND_donor_06,ND,beta,23,22,17,28,15,21,32,23,20,23,1,4,1,0,3,1,2,2,3,2,4,4,3,7,5,6,0,0,1,2,1,1,5,2,2,0,0,1,3,1,9,2,0,0,0,2,5,1,4,0,3,1,2,0,1,1,3,0,1,1,3,0,1,0,1,1,0,5,1,1,4,1,1,2,2,4,3,2,2,2,4,1,3,1,1,0,0,0,2,1,0,0,2,0,2,1,0,3,0,2,0,0,2,5,1,7
ND_donor_06_cell_052,demo,ND_donor_06,ND,beta,5,10,7,6,5,12,11,6,17,6,5,13,1,5,5,8,6,5,4,4,4,1,6,5,1,5,4,3,1,0,3,4,0,0,0,0,3,1,4,1,4,0,3,3,2,2,3,4,1,2,0,0,0,0,1,1,2,1,1,0,1,1,3,1,2,3,3,2,1,1,3,1,2,1,0,1,5,4,4,1,1,3,0,2,1,1,1,0,0,2,2,0,0,2,4,0,5,1,3,3,0,1,2,2,3,2
ND_donor_06_cell_053,demo,ND_donor_06,ND,beta,17,15,18,19,18,16,16,11,19,19,5,2,3,4,3,4,6,2,1,6,2,4,4,6,8,5,1,6,1,0,3,1,0,1,1,3,3,2,3,1,0,3,0,0,6,1,2,0,1,2,3,0,1,2,0,0,3,1,3,2,1,1,3,2,1,6,2,2,1,6,0,1,1,0,0,0,2,4,0,2,0,2,0,0,2,3,2,3,4,2,2,1,1,2,0,1,2,5,2,2,1,1,4,2,1,0
ND_donor_06_cell_054,demo,ND_donor_06,ND,beta,16,30,27,29,28,24,16,18,19,15,2,2,0,3,1,2,3,2,0,2,4,8,6,6,9,4,3,3,0,0,2,2,0,3,2,6,4,1,1,4,1,3,3,1,0,1,1,0,1,0,1,3,1,0,1,1,1,0,2,3,2,4,1,2,4,1,2,0,6,0,2,1,1,1,0,3,0,2,1,3,0,0,2,1,3,0,1,0,1,0,3,1,5,4,2,3,0,3,5,1,3,3,1,2,0,0
ND_donor_06_cell_055,demo,ND_donor_06,ND,beta,24,23,21,17,21,28,25,21,24,21,0,1,1,3,4,3,1,3,3,0,4,12,5,4,2,6,0,3,1,2,4,1,1,2,1,4,3,5,2,1,0,0,0,3,0,1,0,5,1,1,3,0,1,0,0,1,4,2,0,1,0,5,2,1,1,3,3,3,2,1,2,4,0,4,3,2,2,2,5,4,2,1,1,0,2,1,1,2,0,1,2,1,1,2,1,0,5,0,1,1,0,1,1,1,2,3
ND_donor_06_cell_056,demo,ND_donor_06,ND,beta,48,67,55,50,53,62,57,56,64,58,0,1,2,1,4,0,1,3,1,1,5,6,4,6,1,6,1,3,1,3,4,1,2,1,1,1,2,1,1,1,3,1,2,4,2,3,6,2,0,2,1,0,5,1,1,1,1,3,0,3,4,1,1,1,1,1,0,2,0,7,2,0,1,3,3,3,3,3,1,2,0,3,4,0,6,0,0,0,0,4,0,0,4,0,4,1,1,4,0,2,4,1,0,2,0,5
ND_donor_06_cell_057,demo,ND_donor_06,ND,beta,22,24,34,22,32,23,27,25,30,19,2,3,1,2,3,2,3,2,5,2,8,9,4,7,6,3,0,1,3,3,0,2,0,2,0,0,2,2,2,2,4,2,1,0,0,2,2,1,1,0,4,0,3,0,1,1,2,3,0,6,1,1,1,3,1,0,2,2,3,0,1,4,0,2,2,3,2,0,3,2,2,1,1,2,1,0,5,0,3,2,3,1,3,0,0,1,3,2,0,1,2,0,3,1,1,2
ND_donor_06_cell_058,demo,ND_donor_06,ND,beta,28,26,25,29,38,24,24,32,29,28,3,5,4,2,3,1,0,2,1,2,4,6,7,6,10,5,4,5,0,1,3,4,2,0,2,1,2,0,2,0,3,0,2,1,0,3,0,1,4,1,1,0,0,0,3,1,4,2,1,5,1,1,6,3,0,1,2,0,1,1,1,2,1,2,3,3,1,1,1,3,1,3,1,1,0,3,7,2,4,2,0,1,1,2,2,0,1,0,1,2,1,2,5,3,2,2
ND_donor_06_cell_059,demo,ND_donor_06,ND,beta,8,27,28,24,16,21,23,31,22,21,6,1,3,1,5,2,3,3,3,2,16,7,7,7,6,7,1,2,3,2,0,0,3,0,1,0,2,4,4,1,2,2,0,2,1,0,3,0,2,0,4,0,1,1,4,3,2,0,1,1,0,2,0,1,2,3,1,1,0,6,0,0,1,1,2,0,3,2,0,0,1,3,2,2,4,1,2,2,4,1,1,2,2,1,1,4,3,2,5,2,1,3,5,1,4,1
ND_donor_06_cell_060,demo,ND_donor_06,ND,beta,29,32,27,28,38,35,23,30,35,26,3,2,1,5,1,0,0,2,2,0,5,13,11,10,7,7,2,7,0,1,2,0,5,2,5,1,1,1,0,1,4,1,0,3,2,1,1,3,0,4,6,0,4,2,3,3,2,3,0,0,6,2,1,3,3,1,3,4,2,3,1,1,0,4,1,4,2,3,3,2,0,0,1,2,1,2,2,0,1,0,3,0,2,0,4,1,6,1,3,2,1,1,0,1,1,3
ND_donor_06_cell_061,demo,ND_donor_06,ND,beta,32,31,25,31,30,35,26,39,41,34,0,2,0,1,0,1,2,1,2,0,7,8,8,2,6,7,4,1,0,1,3,1,4,2,0,0,1,2,1,1,5,3,2,0,1,0,6,0,4,0,0,0,2,2,3,0,4,4,1,2,3,2,0,1,3,0,1,0,2,2,6,0,3,2,2,0,2,2,1,1,2,1,0,4,1,1,3,3,3,0,4,0,1,0,1,1,1,0,4,2,1,2,0,3,2,2
ND_donor_06_cell_062,demo,ND_donor_06,ND,beta,27,30,29,34,30,32,35,36,29,29,1,0,1,2,3,1,0,1,3,2,9,3,3,7,8,9,3,0,2,2,0,2,1,1,2,3,2,2,1,1,4,1,1,0,0,1,4,2,1,1,2,0,3,0,3,3,2,1,0,2,4,3,2,0,2,1,1,2,3,3,3,0,4,3,1,1,0,0,1,3,1,3,6,2,1,1,4,0,5,1,2,3,0,0,0,0,1,4,3,2,5,3,1,1,2,3
ND_donor_06_cell_063,demo,ND_donor_06,ND,beta,4,6,3,6,8,9,6,4,7,5,8,8,7,9,9,10,5,9,9,5,3,3,9,6,4,4,3,0,0,1,0,1,0,0,3,2,4,0,1,2,0,2,2,2,1,2,0,1,1,1,2,1,0,1,1,3,2,1,4,2,0,3,1,4,0,0,4,3,1,2,1,3,1,0,1,1,1,5,4,2,0,2,1,0,1,0,0,1,1,4,1,2,3,3,0,1,0,1,1,1,6,0,0,1,1,0
ND_donor_06_cell_064,demo,ND_donor_06,ND,beta,6,18,11,16,5,12,20,12,12,9,6,6,7,2,2,7,4,4,1,5,7,6,5,6,3,5,1,1,4,5,0,1,1,2,0,2,1,0,2,2,5,1,0,3,0,1,2,1,5,3,0,2,4,4,0,2,2,2,0,3,2,1,0,1,0,1,5,3,4,1,1,0,3,2,0,1,1,4,2,0,0,0,1,2,1,0,2,3,4,0,2,3,1,6,0,2,2,2,0,5,2,3,2,0,1,2
ND_donor_06_cell_065,demo,ND_donor_06,ND,beta,29,44,40,26,41,27,37,41,42,49,1,0,3,2,2,1,0,0,0,0,5,6,10,4,8,8,2,1,2,3,2,0,1,2,0,0,0,0,1,2,0,1,4,2,4,2,1,2,1,0,0,0,4,0,0,1,0,0,0,3,4,3,0,2,4,0,0,2,0,1,2,1,1,3,0,1,2,2,0,4,0,1,1,5,5,0,0,2,1,1,1,1,0,3,3,0,1,2,2,2,0,2,2,1,1,0
ND_donor_06_cell_066,demo,ND_donor_06,ND,beta,10,11,16,13,14,11,15,10,11,7,4,6,4,5,7,5,2,3,5,3,2,5,9,4,2,3,1,0,2,1,2,2,2,0,0,0,2,1,1,1,3,5,2,1,1,0,1,2,2,6,1,2,0,1,0,1,3,4,0,5,0,0,4,2,2,0,2,2,5,7,1,3,0,0,1,2,3,0,3,3,2,2,2,1,2,2,0,4,0,1,2,2,0,3,2,0,5,0,2,1,0,0,1,1,3,2
ND_donor_06_cell_067,demo,ND_donor_06,ND,beta,39,43,39,35,31,28,55,48,33,28,2,2,1,0,2,2,1,0,1,2,6,5,5,7,3,7,2,1,0,3,3,1,2,5,1,2,1,0,2,2,3,4,1,1,1,0,4,0,1,3,0,1,4,2,1,3,0,0,5,1,5,0,2,1,0,2,1,2,7,1,4,4,2,0,3,0,1,3,1,1,2,4,0,1,2,1,2,2,5,2,1,3,0,0,1,3,3,3,3,4,0,2,3,4,2,1
ND_donor_06_cell_068,demo,ND_donor_06,ND,beta,38,40,30,43,45,53,54,50,49,45,0,1,1,1,0,3,0,0,0,0,8,4,3,5,2,10,4,4,1,0,1,1,1,2,3,3,2,1,1,3,0,0,2,0,0,1,2,1,1,3,1,1,6,1,6,1,1,2,2,3,3,0,2,1,2,2,1,0,2,3,3,2,1,3,5,0,0,2,4,0,5,4,2,2,2,3,3,2,3,1,5,2,3,3,2,5,1,1,1,6,4,1,1,1,4,0
ND_donor_06_cell_069,demo,ND_donor_06,ND,beta,36,36,38,41,45,40,42,41,35,32,0,2,1,1,0,0,1,2,1,1,7,6,8,7,4,10,0,1,5,4,0,1,1,4,2,0,4,5,2,2,2,1,5,2,3,4,3,1,2,2,0,2,2,0,1,1,1,2,4,0,2,4,2,2,0,3,0,2,2,0,0,1,4,1,1,4,1,1,3,3,0,3,1,4,1,0,0,1,1,5,0,6,3,0,1,5,1,0,4,4,3,0,5,0,1,8
ND_donor_06_cell_070,demo,ND_donor_06,ND,beta,16,18,15,15,28,16,26,12,19,15,1,3,5,4,1,3,1,3,3,4,12,7,8,4,8,12,0,1,0,2,0,3,0,0,2,6,1,1,0,2,0,0,1,2,3,1,1,2,0,2,2,2,4,3,0,1,2,0,4,0,1,0,4,2,4,6,1,1,0,1,0,2,1,2,3,2,2,1,7,0,2,2,0,1,1,3,1,2,1,4,1,3,1,3,0,3,1,1,1,3,2,0,2,0,2,1
ND_donor_06_cell_071,demo,ND_donor_06,ND,beta,18,16,15,16,12,18,11,12,12,13,4,2,6,3,5,2,2,6,5,1,5,8,7,4,12,5,2,8,4,1,1,6,1,2,0,2,4,1,3,6,0,4,2,1,0,2,2,0,2,1,3,2,1,1,3,2,1,4,2,2,2,2,1,5,4,3,3,1,1,4,0,2,2,2,0,1,7,1,3,2,1,3,2,4,3,0,3,1,1,0,1,1,1,1,3,2,2,2,2,1,2,3,2,1,1,3
ND_donor_06_cell_072,demo,ND_donor_06,ND,beta,35,36,26,32,39,28,31,46,29,41,1,1,2,1,0,0,1,2,1,3,5,11,8,8,4,9,3,0,2,3,0,1,1,2,1,4,1,3,4,3,3,1,2,1,5,0,0,3,5,0,3,2,2,0,0,4,5,1,2,0,0,3,0,0,3,3,0,1,3,2,2,2,1,2,1,1,1,1,2,5,3,6,0,4,2,4,2,2,3,1,1,3,1,3,1,0,0,0,2,1,2,1,1,1,5,2
ND_donor_06_cell_073,demo,ND_donor_06,ND,beta,19,19,25,17,20,26,24,26,31,25,4,0,1,3,0,0,2,1,2,2,7,9,6,9,11,6,5,0,4,0,2,3,0,0,4,1,1,3,2,2,5,1,2,1,1,1,1,4,1,1,5,0,0,0,0,1,1,3,1,0,1,0,2,1,1,0,1,1,2,0,4,0,4,3,1,2,3,1,0,1,0,0,3,3,0,9,0,4,4,2,0,1,1,3,0,3,2,7,0,0,2,2,8,1,0,2
ND_donor_06_cell_074,demo,ND_donor_06,ND,beta,129,119,127,131,125,141,127,115,107,121,0,1,0,0,0,0,0,1,0,0,12,12,7,14,10,11,2,2,1,1,5,2,0,2,2,2,2,1,3,1,1,2,2,3,2,2,4,1,5,2,2,3,0,1,1,1,4,3,3,3,3,0,2,1,1,0,5,1,0,2,2,1,2,5,2,5,3,2,1,2,2,5,1,0,1,2,0,1,2,0,0,7,1,0,5,2,0,2,1,2,1,2,3,5,1,2
ND_donor_06_cell_075,demo,ND_donor_06,ND,beta,28,30,38,24,34,42,30,32,27,17,1,3,2,2,1,5,4,2,1,2,12,8,7,13,4,3,1,0,2,1,2,3,2,2,1,0,3,4,2,1,2,1,1,1,3,0,0,3,1,3,0,3,4,0,3,3,3,1,0,0,1,3,2,1,1,2,1,2,0,2,3,1,0,2,1,1,1,2,3,1,1,0,6,6,5,2,0,1,0,3,1,2,2,1,0,5,1,4,4,1,0,0,3,2,3,0
ND_donor_06_cell_076,demo,ND_donor_06,ND,beta,44,48,56,49,51,36,42,49,43,44,0,1,2,1,0,1,0,4,2,3,6,4,7,4,5,10,1,1,1,6,3,0,0,0,5,2,2,0,3,1,2,3,2,0,1,1,2,1,0,2,4,5,1,4,2,1,5,1,1,1,2,2,4,2,4,4,2,3,1,3,2,1,0,3,2,2,0,1,2,0,3,2,5,0,0,3,2,4,4,0,6,1,1,3,2,1,2,0,0,3,1,0,3,0,0,0
ND_donor_06_cell_077,demo,ND_donor_06,ND,beta,20,9,18,16,19,16,21,19,21,13,3,1,1,3,4,2,1,6,5,2,3,5,10,8,6,7,0,1,1,1,1,2,1,0,4,1,1,2,1,0,0,1,3,0,1,0,2,2,1,1,2,6,0,2,0,1,2,1,3,0,1,3,2,2,3,0,5,0,7,0,1,0,4,3,2,4,1,2,0,7,3,1,3,0,4,4,1,2,1,2,3,2,2,2,3,1,1,0,3,2,3,2,1,2,1,2
ND_donor_06_cell_078,demo,ND_donor_06,ND,beta,6,12,7,7,8,6,5,4,10,6,4,3,5,5,8,5,4,5,5,4,4,5,3,2,4,5,1,2,2,2,1,1,2,0,1,2,2,3,0,1,2,2,4,0,4,1,2,5,2,3,2,4,0,3,2,2,1,0,1,1,3,0,1,2,0,3,1,0,3,6,2,0,4,1,1,3,3,1,2,0,1,2,2,0,3,1,1,1,1,2,1,2,4,0,4,2,2,0,1,1,4,1,2,1,1,2
ND_donor_06_cell_079,demo,ND_donor_06,ND,beta,9,1,4,8,7,4,8,13,8,7,7,12,10,5,9,8,6,10,8,7,2,4,3,0,7,5,2,1,2,3,1,5,3,4,0,2,0,2,1,0,2,0,1,1,2,1,5,0,1,4,2,0,3,2,0,4,1,0,3,1,1,0,1,2,2,1,5,0,2,1,1,2,1,1,0,1,0,1,0,2,0,0,1,0,3,2,0,2,4,3,1,0,2,2,2,3,1,3,1,1,0,1,1,2,2,2
ND_donor_06_cell_080,demo,ND_donor_06,ND,beta,20,17,23,28,28,23,28,25,24,21,2,4,2,1,3,3,1,3,3,1,7,8,2,6,7,4,3,0,3,5,0,3,2,1,5,1,1,1,0,1,2,0,3,2,2,1,1,1,1,0,3,1,2,2,6,1,3,2,0,1,1,0,5,0,2,2,0,0,0,6,1,3,0,1,1,0,1,2,2,1,2,0,0,0,3,2,1,1,2,3,1,0,1,3,3,1,3,0,2,0,1,3,1,3,1,2
ND_donor_06_cell_081,demo,ND_donor_06,ND,beta,14,19,14,21,15,14,16,18,23,12,5,4,2,2,2,2,9,5,2,5,2,7,6,5,1,7,1,0,2,5,1,2,0,6,2,1,1,2,2,1,1,3,2,1,1,1,2,6,1,1,1,2,4,1,3,4,2,0,0,2,2,2,3,1,1,1,0,4,0,0,1,1,4,5,0,7,2,2,1,3,0,2,3,1,5,5,2,2,0,2,1,0,3,1,3,2,1,5,1,1,0,2,1,2,2,2
ND_donor_06_cell_082,demo,ND_donor_06,ND,beta,11,10,20,8,16,19,17,15,11,16,6,4,4,2,2,4,3,3,3,3,7,9,5,3,3,4,0,0,4,2,4,2,5,0,2,0,1,2,0,2,0,2,3,3,5,3,1,0,2,2,3,1,4,2,4,1,1,1,1,3,2,5,2,5,2,2,2,0,2,0,1,1,0,3,1,3,2,3,1,7,2,4,0,0,0,1,0,0,3,2,3,1,4,2,2,5,1,1,3,2,1,2,3,4,1,2
ND_donor_06_cell_083,demo,ND_donor_06,ND,beta,14,16,16,12,11,11,14,11,14,9,8,5,4,7,2,5,1,2,4,1,8,9,7,4,7,3,0,3,2,0,1,1,3,1,5,0,3,2,1,2,4,0,2,1,2,2,2,1,2,1,1,1,1,0,1,0,4,3,1,3,3,3,2,1,5,5,1,2,4,0,0,4,1,2,4,2,1,0,1,1,3,0,5,0,2,3,1,1,3,1,2,1,2,1,3,0,1,3,0,1,1,1,3,2,2,3
ND_donor_06_cell_084,demo,ND_donor_06,ND,beta,42,46,58,49,46,46,34,43,49,44,0,1,1,1,1,1,1,1,1,0,6,12,5,12,12,4,1,0,1,3,3,3,2,1,4,2,0,1,6,1,0,0,1,2,2,1,0,6,2,1,1,3,1,0,1,0,1,1,2,1,2,1,0,2,2,5,0,1,2,4,1,5,2,1,1,3,1,0,3,0,2,2,2,0,0,0,3,4,1,0,5,3,2,1,3,0,2,2,4,1,3,1,2,3,4,1
ND_donor_06_cell_085,demo,ND_donor_06,ND,beta,35,23,27,22,38,25,39,28,28,30,1,0,2,6,2,1,2,0,2,0,1,2,6,4,5,5,0,3,0,4,1,1,1,2,1,2,0,0,5,1,1,3,0,1,4,2,1,4,3,1,1,3,0,3,0,1,3,2,0,0,5,1,2,1,1,1,2,0,3,4,1,6,3,0,3,2,3,2,0,2,0,2,1,0,5,2,0,1,0,5,2,1,0,3,3,0,2,4,2,5,2,1,0,1,0,0
ND_donor_06_cell_086,demo,ND_donor_06,ND,beta,40,30,43,36,44,49,39,34,36,43,0,2,0,0,0,1,1,2,1,0,12,8,6,4,10,5,2,3,1,1,4,1,2,1,3,6,2,5,3,3,1,3,0,3,5,2,4,2,5,4,1,1,0,4,2,1,2,6,1,2,2,4,2,0,1,1,1,4,2,4,2,3,1,1,2,1,2,1,1,2,1,1,2,1,1,3,2,2,0,4,1,3,0,1,1,2,3,2,1,0,5,1,2,3,1,1
ND_donor_06_cell_087,demo,ND_donor_06,ND,beta,39,30,37,37,41,43,39,25,38,40,1,1,2,2,1,4,2,2,1,1,7,12,5,9,6,10,4,6,1,1,2,1,1,2,1,5,1,7,0,1,1,1,0,0,1,3,4,0,5,0,0,1,1,3,2,5,4,1,1,0,1,1,0,2,3,4,1,1,1,1,1,3,3,1,3,0,1,4,0,1,3,3,5,7,1,1,7,3,4,0,0,2,6,0,0,0,2,2,1,2,3,2,1,3,1,0
ND_donor_06_cell_088,demo,ND_donor_06,ND,beta,14,16,8,8,10,10,8,12,8,9,2,3,5,5,4,8,1,2,3,4,2,4,4,5,4,10,3,1,4,0,5,3,2,4,3,2,1,1,0,0,1,0,3,0,0,1,2,4,1,3,3,1,4,0,1,1,1,0,1,3,2,2,1,5,1,1,1,0,0,2,1,2,4,2,4,3,2,4,3,0,2,1,1,2,1,0,1,1,6,3,3,2,3,0,2,1,1,4,5,0,3,0,0,1,1,2
ND_donor_06_cell_089,demo,ND_donor_06,ND,beta,30,33,30,27,27,20,33,31,36,32,2,3,0,2,0,4,0,2,2,0,5,7,9,3,4,6,3,2,1,3,2,0,1,1,3,0,0,2,1,2,1,0,4,1,3,4,2,3,2,2,3,5,4,2,2,0,1,2,3,2,0,6,3,0,2,3,0,0,0,1,0,1,1,2,0,6,4,5,3,2,0,2,4,0,4,2,2,0,0,2,2,1,1,2,2,2,3,0,2,2,1,3,3,1,1,0
ND_donor_06_cell_090,demo,ND_donor_06,ND,beta,34,34,37,34,29,39,45,38,35,42,3,0,1,1,0,2,1,1,0,3,9,6,7,9,11,5,1,0,4,4,2,3,0,0,3,1,0,1,1,0,1,0,2,3,0,0,4,0,1,5,3,3,2,1,1,0,3,1,2,3,3,0,3,6,2,1,3,1,0,2,0,0,1,5,1,1,2,1,0,3,2,0,1,3,4,5,3,1,2,0,2,6,3,2,1,3,2,0,4,0,2,0,0,2,2,2
ND_donor_06_cell_091,demo,ND_donor_06,ND,beta,7,15,11,9,10,16,8,13,9,9,7,7,6,4,3,6,3,7,4,4,4,3,4,3,11,3,1,2,4,3,1,4,0,1,1,2,0,3,6,6,6,1,2,1,4,0,2,0,0,3,2,1,4,2,1,1,2,1,0,1,1,0,2,0,1,1,2,2,2,1,4,1,4,0,0,2,1,0,1,3,1,3,1,3,1,3,2,1,3,0,1,0,1,5,0,1,1,3,1,0,1,3,1,5,3,3
ND_donor_06_cell_092,demo,ND_donor_06,ND,beta,30,25,29,18,22,29,23,11,26,27,2,2,1,3,1,1,0,1,1,3,3,2,4,5,7,3,4,1,4,2,1,5,2,0,3,1,0,4,1,2,6,2,1,4,1,0,1,1,0,2,1,0,1,0,0,5,1,6,0,1,1,0,2,0,1,3,1,0,1,2,2,0,0,2,1,2,2,1,4,1,1,0,2,3,3,3,3,0,1,7,3,2,3,0,3,4,2,3,0,0,3,5,2,2,7,2
ND_donor_06_cell_093,demo,ND_donor_06,ND,beta,42,34,39,36,27,38,38,28,27,34,1,0,2,0,0,5,2,2,1,2,7,9,9,5,7,5,1,5,3,2,1,2,2,1,1,1,4,3,6,1,0,2,2,2,0,3,3,3,3,1,4,0,0,7,1,1,0,2,4,0,3,3,2,3,1,5,1,0,0,2,2,2,0,4,1,4,4,1,2,3,1,2,1,3,1,3,0,3,1,1,5,3,2,2,2,2,2,2,1,1,0,0,2,0,2,5
ND_donor_06_cell_094,demo,ND_donor_06,ND,beta,20,17,25,24,23,20,25,22,28,18,1,1,1,4,2,6,0,1,4,2,9,7,6,5,6,7,2,0,3,0,0,3,0,0,1,0,2,4,0,2,1,0,1,1,1,2,4,2,4,2,3,2,1,1,3,3,4,0,0,4,1,3,1,2,2,2,4,0,2,1,1,2,1,3,2,2,1,0,1,0,1,2,1,2,1,3,1,1,1,1,2,7,2,3,5,5,0,1,0,1,3,4,0,2,4,1
ND_donor_06_cell_095,demo,ND_donor_06,ND,beta,34,33,42,44,36,29,37,35,29,35,0,1,1,1,0,1,2,0,0,1,6,12,10,9,13,8,1,0,0,1,3,1,1,3,0,1,4,2,3,5,1,1,0,2,2,0,3,1,3,3,2,2,0,0,0,0,1,2,3,2,2,2,0,2,2,2,1,0,2,0,1,1,4,0,1,1,4,2,0,4,2,1,1,3,0,0,2,0,3,1,1,4,3,0,1,0,1,0,3,1,2,0,4,3,2,2
ND_donor_06_cell_096,demo,ND_donor_06,ND,beta,31,17,29,30,19,22,22,31,29,20,1,5,2,2,2,2,0,0,2,1,5,8,8,2,5,4,0,3,4,0,2,6,1,2,0,3,0,1,3,1,3,5,1,1,2,2,1,4,0,3,2,0,2,1,3,3,1,1,3,1,1,0,1,1,3,2,4,3,4,1,4,1,2,3,2,2,2,1,1,0,1,4,1,1,1,1,0,1,1,1,0,1,0,0,0,3,3,2,3,0,2,3,5,1,0,1
ND_donor_06_cell_097,demo,ND_donor_06,ND,beta,33,32,28,33,34,40,48,35,42,36,0,1,1,0,1,0,0,0,1,1,7,9,7,5,13,12,1,0,0,0,0,1,2,5,1,2,4,0,4,1,2,1,3,1,0,0,2,2,4,4,0,3,1,1,1,1,0,3,3,3,1,1,1,2,2,3,0,0,2,1,2,0,2,2,0,4,4,0,3,3,1,0,4,5,0,2,2,2,2,2,5,0,2,3,0,2,7,4,1,2,2,0,1,3,3,0
ND_donor_06_cell_098,demo,ND_donor_06,ND,beta,31,39,28,37,32,26,43,33,25,36,1,0,0,2,0,2,0,1,2,0,5,8,10,7,5,7,1,0,0,0,4,2,0,1,1,1,1,0,1,5,0,0,0,2,0,2,2,3,0,1,2,1,3,1,4,0,4,1,1,0,3,0,1,0,0,2,3,7,0,0,0,1,2,2,4,2,4,1,2,5,1,0,0,4,0,4,0,3,2,9,1,2,1,2,0,0,1,0,0,2,3,3,4,1,3,2
ND_donor_06_cell_099,demo,ND_donor_06,ND,beta,29,25,20,27,23,30,18,19,20,22,2,1,1,2,2,3,1,2,3,1,6,2,8,9,12,4,4,1,1,1,3,0,1,3,2,4,2,2,3,3,1,2,2,0,3,4,5,5,6,0,1,1,0,0,2,4,2,1,1,0,1,3,4,1,0,0,1,0,2,2,1,3,1,2,1,3,0,1,4,7,5,1,4,2,1,5,2,1,0,2,0,0,1,2,3,0,2,1,2,1,3,1,2,1,1,2
ND_donor_06_cell_100,demo,ND_donor_06,ND,beta,15,12,17,22,16,14,18,10,11,13,3,7,0,5,2,0,6,3,8,2,7,9,7,2,7,4,1,2,1,0,4,0,0,2,1,6,2,1,0,3,3,1,1,0,3,4,1,1,4,0,0,2,2,0,3,1,0,0,3,2,3,1,5,0,1,4,0,1,0,0,1,1,0,2,2,2,1,0,6,1,1,2,1,1,2,0,2,1,0,5,1,1,3,1,2,2,1,3,1,3,2,3,1,2,1,1
ND_donor_06_cell_101,demo,ND_donor_06,ND,beta,53,58,57,60,58,63,60,74,56,57,0,0,0,0,1,1,0,1,0,2,8,7,6,11,8,11,1,2,0,3,1,1,0,3,2,1,2,4,3,2,1,1,0,1,4,5,1,2,0,1,1,0,1,5,3,0,3,3,4,1,3,0,1,1,6,0,2,3,1,3,1,1,1,2,2,0,3,2,0,1,0,1,1,2,0,0,2,0,0,2,0,0,1,1,0,2,0,4,4,1,2,0,3,3,2,1
ND_donor_06_cell_102,demo,ND_donor_06,ND,beta,12,17,16,12,23,25,23,19,23,16,2,3,3,3,3,5,1,4,2,4,7,7,2,14,8,4,1,0,1,0,1,5,0,1,3,1,3,3,0,2,2,0,2,2,0,0,2,0,1,1,0,1,1,3,0,2,0,1,1,2,0,0,0,1,1,2,2,1,5,2,1,0,1,2,3,0,2,0,1,0,2,0,4,1,1,0,1,5,2,2,1,1,5,2,1,0,0,3,3,2,1,0,1,0,0,0
ND_donor_06_cell_103,demo,ND_donor_06,ND,beta,13,10,12,11,27,16,12,26,18,16,4,5,2,3,0,1,1,2,3,0,7,3,7,4,11,8,1,1,0,3,4,0,5,1,1,0,0,0,1,0,2,0,0,3,0,1,4,1,3,3,0,1,1,4,1,2,0,4,3,5,0,1,6,2,3,3,2,1,0,0,2,0,5,3,5,3,1,0,1,2,4,4,1,2,0,5,3,1,2,4,1,1,3,1,1,5,4,0,1,2,1,0,0,2,5,2
ND_donor_06_cell_104,demo,ND_donor_06,ND,beta,26,32,27,24,25,37,26,43,23,36,3,1,3,3,1,4,0,2,1,3,1,8,7,8,5,5,4,0,4,2,3,1,1,3,2,0,1,3,2,1,0,2,1,3,3,1,5,3,1,3,0,0,2,4,1,1,2,0,1,3,0,1,1,0,3,4,5,3,1,1,1,1,0,2,1,2,2,4,0,2,2,1,0,3,2,3,0,0,0,1,0,1,2,1,1,1,2,0,0,1,4,1,0,0,1,1
ND_donor_06_cell_105,demo,ND_donor_06,ND,beta,17,16,25,24,9,15,22,26,22,20,4,1,1,1,1,4,4,4,3,7,3,12,6,5,8,4,0,1,2,1,3,3,3,4,1,4,1,2,2,0,3,5,5,1,4,2,2,0,1,0,3,0,0,2,3,2,1,1,2,2,3,0,1,2,1,3,2,3,2,0,2,2,2,2,1,4,3,1,3,2,2,2,0,2,2,1,2,2,0,1,4,0,1,5,4,1,0,2,2,0,1,3,2,2,0,3
ND_donor_06_cell_106,demo,ND_donor_06,ND,beta,35,46,43,31,35,35,37,38,48,38,0,2,1,1,5,0,3,2,0,0,3,4,2,5,6,9,1,3,0,1,1,0,1,4,1,4,3,3,0,0,0,2,1,1,0,1,3,1,3,0,2,2,2,3,1,1,4,0,0,4,0,1,1,1,2,4,0,1,4,2,1,0,1,1,3,3,4,4,3,3,0,1,2,3,0,0,0,3,1,0,1,0,1,2,0,1,0,1,2,5,2,3,3,1,1,1
ND_donor_06_cell_107,demo,ND_donor_06,ND,beta,21,25,20,19,20,31,20,15,21,21,1,1,1,1,0,1,1,1,3,4,6,4,11,11,6,6,1,0,2,2,0,1,3,1,2,1,2,3,0,1,0,1,4,2,3,3,2,3,1,4,2,1,2,4,2,0,5,2,2,2,2,1,1,2,2,2,2,2,0,2,1,1,4,5,2,1,0,0,2,2,1,0,1,0,0,1,2,4,2,1,1,1,0,3,0,1,1,3,0,0,4,1,3,2,4,0
ND_donor_06_cell_108,demo,ND_donor_06,ND,beta,7,20,20,16,21,23,22,13,21,16,4,4,3,3,1,2,3,1,5,2,2,4,8,6,6,5,3,0,2,3,2,2,1,1,3,1,1,2,1,0,1,2,2,2,2,4,1,1,0,1,1,1,3,4,0,4,1,4,0,1,2,1,1,4,3,5,0,0,0,3,4,0,2,1,3,0,6,1,3,1,3,0,1,1,2,0,0,5,2,3,1,4,0,0,5,1,1,0,0,0,2,1,2,1,0,3
ND_donor_06_cell_109,demo,ND_donor_06,ND,beta,20,13,15,7,17,12,8,18,16,12,1,5,4,5,4,5,6,5,4,4,7,8,5,3,5,6,1,0,2,4,2,3,3,2,0,0,1,1,1,2,1,3,1,4,1,1,0,0,0,1,3,2,0,2,2,4,4,0,3,0,1,1,2,4,2,4,0,3,4,0,0,1,1,2,1,0,3,1,0,3,2,4,2,6,1,1,1,1,4,0,2,2,2,6,2,2,0,2,2,1,0,2,1,1,3,4
ND_donor_06_cell_110,demo,ND_donor_06,ND,beta,62,63,62,66,55,53,58,70,65,73,0,0,1,1,2,0,1,0,0,0,6,9,12,9,4,12,3,1,1,2,0,6,2,2,1,1,7,0,1,0,0,3,2,1,2,4,0,3,0,1,1,1,1,3,0,3,1,0,1,1,0,0,0,2,1,4,4,0,1,1,2,3,0,1,3,2,2,1,6,0,2,0,3,1,2,1,2,1,0,1,4,5,1,0,1,2,8,0,2,2,2,1,1,1,1,1
ND_donor_06_cell_111,demo,ND_donor_06,ND,beta,27,38,41,41,40,35,34,40,37,40,4,1,3,2,4,1,1,2,0,1,6,8,4,9,10,7,1,1,1,0,0,1,2,0,0,2,1,2,1,2,2,4,1,1,3,2,1,0,2,1,2,3,1,1,2,1,1,1,0,0,5,4,3,5,2,2,1,1,1,1,3,0,2,2,4,1,1,2,3,0,0,1,0,1,0,4,2,1,2,1,1,3,2,4,4,1,1,0,2,2,3,3,0,2,0,1
ND_donor_06_cell_112,demo,ND_donor_06,ND,beta,15,12,16,17,25,18,19,24,10,18,6,2,2,6,3,3,4,5,10,4,8,6,3,9,8,10,1,1,0,2,2,3,1,1,4,0,5,2,5,0,2,1,5,1,2,4,3,0,0,0,1,1,1,2,0,0,0,1,6,2,3,0,3,7,1,3,5,2,0,1,0,3,4,3,0,1,1,4,4,3,5,0,1,0,2,4,1,0,1,1,2,2,1,0,0,4,1,2,1,5,1,3,0,3,0,1
ND_donor_06_cell_113,demo,ND_donor_06,ND,beta,8,28,19,10,16,16,11,21,18,19,1,5,2,4,3,1,6,2,3,3,6,5,7,5,7,4,2,3,0,1,2,1,0,2,2,1,7,0,0,1,1,0,0,0,3,2,0,0,3,1,2,3,5,1,1,2,1,8,0,3,2,2,4,2,4,4,5,1,2,3,0,0,2,0,3,3,1,7,2,2,0,2,5,0,1,2,1,1,1,3,1,3,2,0,0,0,2,3,2,1,0,1,0,1,2,0
ND_donor_06_cell_114,demo,ND_donor_06,ND,beta,34,25,20,31,30,36,26,24,31,33,1,5,2,1,3,0,5,1,0,3,5,3,11,3,4,6,5,0,2,2,1,1,2,0,2,3,1,4,2,0,3,0,1,5,1,3,2,2,2,6,7,3,1,1,0,2,2,2,1,3,0,4,1,6,4,2,0,4,3,2,3,0,2,2,3,0,0,6,2,2,1,3,2,0,2,0,2,3,6,2,2,0,3,2,5,1,3,2,0,3,1,3,1,4,2,5
ND_donor_06_cell_115,demo,ND_donor_06,ND,beta,32,36,23,25,30,49,36,29,34,35,0,0,1,0,2,2,2,2,0,0,5,7,6,6,6,4,1,1,3,0,3,1,3,2,1,1,1,1,2,2,0,4,1,2,2,0,2,0,2,1,0,0,3,1,0,1,5,0,1,0,1,4,1,0,0,1,1,1,3,4,2,2,0,3,1,2,1,3,1,0,1,2,2,2,1,0,5,0,2,1,3,1,5,4,2,0,2,0,5,2,1,1,4,2,0,1
ND_donor_06_cell_116,demo,ND_donor_06,ND,beta,33,36,26,26,36,36,30,25,35,27,1,1,1,1,3,1,3,2,2,0,7,4,7,7,7,7,5,2,1,2,2,1,2,0,2,3,0,3,1,3,2,3,1,2,3,1,0,2,1,1,2,2,1,1,0,1,1,1,0,1,1,0,0,1,2,2,1,5,1,2,1,4,0,0,3,1,1,0,3,2,1,0,4,2,1,1,0,0,1,0,0,2,1,0,3,2,3,1,1,2,1,2,3,1,1,4
ND_donor_06_cell_117,demo,ND_donor_06,ND,beta,6,8,7,9,13,9,12,9,9,5,10,6,8,12,9,7,13,1,9,9,5,8,6,2,5,4,1,0,0,3,2,2,7,3,3,0,1,5,1,3,4,0,0,0,5,1,0,0,2,1,0,4,3,1,1,1,1,1,3,3,1,2,3,0,1,0,4,3,2,2,2,1,1,3,4,1,1,0,1,2,1,3,0,4,2,1,0,0,1,1,2,0,1,3,1,0,3,0,2,1,0,3,0,2,1,1
ND_donor_06_cell_118,demo,ND_donor_06,ND,beta,37,27,30,39,38,35,36,38,36,25,2,3,1,0,1,2,2,0,0,3,7,4,9,1,5,5,3,1,2,0,0,1,3,3,1,2,3,2,3,1,4,2,1,3,3,1,4,0,1,1,0,1,2,2,0,4,0,4,2,0,0,2,2,0,0,0,0,3,2,0,2,2,3,1,2,1,3,4,1,4,0,2,0,4,4,3,0,4,1,3,2,0,3,0,0,1,3,1,2,0,4,1,0,0,1,2
ND_donor_06_cell_119,demo,ND_donor_06,ND,beta,34,20,31,21,19,20,21,24,33,23,3,5,1,2,3,4,5,1,1,3,2,4,4,2,6,5,2,3,0,0,0,3,3,0,2,2,0,1,1,1,0,3,2,1,0,2,2,1,3,0,3,3,0,0,1,0,0,0,1,3,3,2,1,0,1,4,0,0,2,0,0,2,2,2,1,1,2,2,2,1,2,1,0,1,1,2,1,0,1,2,3,3,2,3,0,2,0,2,0,0,4,3,0,1,1,1
T2D_donor_01_cell_000,demo,T2D_donor_01,T2D,beta,14,20,11,10,16,16,15,11,14,14,2,5,4,5,6,2,8,2,4,5,2,6,8,2,6,6,2,1,2,0,2,3,1,3,1,0,1,5,1,3,5,0,4,1,2,4,1,0,2,1,0,4,2,2,0,3,1,4,1,2,2,0,1,1,6,2,6,1,0,1,0,0,1,0,2,3,0,3,3,2,1,4,0,0,0,6,2,1,1,0,0,1,1,2,5,2,2,3,0,2,2,0,0,1,3,0
T2D_donor_01_cell_001,demo,T2D_donor_01,T2D,beta,10,9,11,14,12,9,9,8,7,9,5,5,1,3,3,6,5,5,7,2,4,3,7,2,2,6,1,2,1,2,0,3,3,2,1,2,0,2,0,2,1,2,1,1,4,1,1,0,3,0,1,2,1,2,0,1,1,3,1,3,0,1,1,6,2,0,3,4,1,4,5,4,0,0,2,2,8,1,2,0,1,0,0,6,3,0,2,4,0,2,4,1,1,1,1,1,2,1,3,2,1,4,0,1,1,2
T2D_donor_01_cell_002,demo,T2D_donor_01,T2D,beta,3,6,9,15,6,10,5,7,7,3,10,8,8,10,13,7,11,13,12,7,4,6,4,3,2,3,1,1,0,1,1,4,0,0,3,1,6,1,3,3,2,1,4,2,3,2,3,3,0,1,2,4,1,2,2,5,3,5,0,1,0,4,3,0,1,1,0,6,4,3,3,1,0,1,5,1,4,0,0,1,4,2,1,2,2,4,1,4,2,0,3,1,4,3,2,7,0,1,0,5,3,1,0,7,2,1
T2D_donor_01_cell_003,demo,T2D_donor_01,T2D,beta,16,16,23,14,12,16,17,21,18,15,3,3,5,4,2,5,4,4,7,3,1,6,3,7,5,7,5,1,1,3,1,0,6,1,2,2,3,3,1,1,1,0,2,0,3,1,2,0,1,3,2,2,1,0,2,0,1,5,4,2,1,0,4,1,1,1,0,6,1,3,3,2,4,0,0,1,0,3,2,1,0,1,2,1,1,1,3,1,2,3,1,7,1,2,4,2,1,1,2,0,1,1,2,2,0,2
T2D_donor_01_cell_004,demo,T2D_donor_01,T2D,beta,16,10,13,15,9,9,11,10,7,6,3,6,6,5,12,4,13,4,5,7,10,5,5,1,4,5,0,3,0,0,1,2,2,2,1,3,2,2,2,1,2,1,0,0,4,4,4,2,6,1,1,0,1,3,2,1,0,3,0,0,1,1,1,4,1,3,0,0,1,0,2,1,3,1,4,0,1,0,0,3,1,0,1,1,1,2,1,2,0,2,1,1,1,3,1,1,1,2,3,0,1,0,0,1,1,3
T2D_donor_01_cell_005,demo,T2D_donor_01,T2D,beta,10,19,10,8,19,13,16,16,11,21,3,3,4,4,3,0,1,5,3,2,10,8,3,8,10,6,1,2,1,2,1,8,0,1,1,3,3,1,0,0,0,3,3,3,3,2,2,0,0,1,0,2,0,1,2,1,3,3,0,0,2,3,0,3,1,3,2,5,2,1,3,0,0,1,2,4,3,5,5,1,1,0,1,1,3,1,1,1,3,7,2,3,0,2,0,1,1,1,2,1,0,1,4,2,9,1
T2D_donor_01_cell_006,demo,T2D_donor_01,T2D,beta,11,9,7,7,9,10,11,14,8,5,6,8,6,9,5,2,2,11,6,2,2,2,3,6,6,5,0,0,3,1,1,3,1,4,2,3,1,0,0,0,2,0,4,2,0,1,4,1,1,1,2,2,2,1,1,1,1,0,3,2,0,2,1,2,2,1,0,3,2,2,2,1,0,1,1,1,0,4,4,2,1,0,4,0,0,0,2,1,0,4,0,1,0,1,0,0,0,3,2,2,1,1,1,1,2,2
T2D_donor_01_cell_007,demo,T2D_donor_01,T2D,beta,14,12,14,13,18,7,19,11,19,9,5,6,6,3,5,7,5,3,6,6,1,7,4,5,5,6,3,2,3,1,6,5,1,3,1,1,3,1,1,1,1,5,0,3,0,2,3,2,1,1,1,5,0,5,0,3,1,5,0,4,1,2,4,2,2,1,2,1,4,3,1,2,2,1,2,1,2,1,2,1,4,1,2,1,0,2,3,4,0,0,0,1,1,2,2,0,2,3,1,2,2,3,3,1,2,1
T2D_donor_01_cell_008,demo,T2D_donor_01,T2D,beta,6,2,1,1,4,7,1,2,0,2,23,18,16,17,16,19,35,23,20,23,3,3,1,2,3,4,0,2,3,0,3,0,2,2,3,0,1,2,1,2,0,0,0,2,0,3,0,0,1,0,2,3,1,0,4,2,2,3,0,1,2,1,3,0,2,3,3,1,5,0,0,3,2,4,0,0,2,7,1,3,1,0,0,2,6,4,3,1,1,1,2,3,3,4,4,0,2,1,2,4,0,1,2,0,3,0
T2D_donor_01_cell_009,demo,T2D_donor_01,T2D,beta,12,11,15,12,14,19,17,14,15,24,1,0,6,6,4,4,1,1,3,2,9,2,5,9,5,4,3,7,3,4,3,1,0,2,1,0,2,1,4,0,3,0,2,2,4,1,0,1,0,1,3,4,0,3,1,1,4,2,0,2,1,0,3,2,2,0,1,3,0,3,4,1,5,2,2,2,5,0,5,1,1,4,0,0,2,1,2,2,3,2,1,3,0,1,1,1,1,1,1,2,2,2,0,0,2,2
T2D_donor_01_cell_010,demo,T2D_donor_01,T2D,beta,7,6,8,14,7,8,12,10,8,11,10,7,5,8,5,4,11,10,9,8,2,5,8,6,6,2,4,1,2,4,1,1,2,1,1,2,1,1,0,2,2,5,1,4,1,2,0,0,6,2,0,3,2,0,3,1,2,1,0,3,1,0,0,3,2,0,1,1,2,1,3,1,2,1,0,2,2,1,2,1,4,3,0,0,0,1,3,3,0,3,1,1,2,4,3,0,4,3,3,0,2,2,3,0,3,1
T2D_donor_01_cell_011,demo,T2D_donor_01,T2D,beta,17,13,10,7,9,11,14,11,11,13,5,5,7,5,3,5,11,2,11,5,4,4,8,4,6,5,2,2,0,1,1,3,2,0,0,2,2,1,1,0,1,0,0,0,1,2,2,0,0,5,3,1,3,0,1,0,2,1,0,6,1,3,0,2,0,0,1,3,0,4,4,0,1,2,3,3,1,3,2,0,3,0,1,2,3,6,1,2,1,1,0,3,2,2,0,1,1,2,3,0,1,3,3,1,1,2
T2D_donor_01_cell_012,demo,T2D_donor_01,T2D,beta,5,9,3,4,8,2,2,2,5,7,15,10,12,21,15,18,15,20,14,10,9,4,3,3,1,1,0,1,4,2,2,0,0,1,1,0,0,5,2,0,0,4,0,1,1,1,5,1,2,1,0,3,2,0,2,3,2,1,0,1,0,3,4,1,2,3,1,0,1,1,1,1,0,1,0,1,0,3,2,3,0,0,3,2,0,1,2,3,0,1,2,2,1,1,3,1,0,0,0,1,0,2,4,4,1,4
T2D_donor_01_cell_013,demo,T2D_donor_01,T2D,beta,13,12,14,15,9,10,13,8,17,12,6,5,4,4,3,3,6,5,3,1,4,8,6,3,3,4,4,1,1,1,2,1,1,2,1,0,2,4,2,2,2,1,2,1,3,1,4,5,1,1,2,2,3,2,0,1,1,2,3,1,0,2,2,1,1,3,3,3,2,1,3,1,0,0,3,0,4,0,1,5,0,2,2,1,6,2,1,3,2,2,2,3,2,0,0,3,3,1,1,2,3,3,1,1,0,0
T2D_donor_01_cell_014,demo,T2D_donor_01,T2D,beta,4,9,5,4,2,3,3,2,4,3,12,11,18,20,14,19,9,9,14,11,5,3,4,5,3,5,0,2,1,0,1,1,0,3,1,1,5,2,2,2,1,6,0,0,2,0,3,0,3,2,2,1,2,3,0,4,0,0,2,4,2,0,2,1,3,2,1,1,1,0,2,2,1,3,2,0,0,6,4,0,0,2,4,4,0,2,2,2,0,3,0,4,3,1,3,0,1,3,2,1,1,0,2,3,2,2
T2D_donor_01_cell_015,demo,T2D_donor_01,T2D,beta,3,0,5,7,5,7,3,5,5,7,11,6,21,14,7,13,9,14,12,6,4,5,7,2,6,7,2,1,3,2,4,1,1,5,1,2,3,0,0,2,3,6,2,5,1,1,1,2,2,1,0,2,0,2,3,3,1,3,1,0,0,1,4,6,1,5,0,1,1,3,1,1,1,2,0,0,5,2,2,0,4,3,3,3,0,0,3,6,2,3,2,2,5,0,3,1,0,2,1,3,2,0,5,4,0,1
T2D_donor_01_cell_016,demo,T2D_donor_01,T2D,beta,4,9,2,11,7,8,7,7,7,8,7,8,7,6,8,9,9,12,10,5,1,5,4,5,0,5,3,3,2,2,4,3,2,0,3,2,0,1,1,3,0,2,1,0,2,0,0,0,2,2,1,2,3,4,1,1,2,1,2,0,1,0,0,1,2,0,4,0,2,1,0,2,1,0,2,1,1,1,3,2,2,1,2,2,1,2,4,2,2,1,0,1,3,2,2,0,0,3,2,0,4,1,1,2,3,0
T2D_donor_01_cell_017,demo,T2D_donor_01,T2D,beta,3,10,8,4,3,7,6,5,3,5,10,7,8,11,7,10,10,6,8,7,3,1,3,3,3,7,2,2,4,1,3,0,1,2,1,1,4,2,0,0,1,2,0,4,0,5,3,0,2,0,0,5,1,1,1,0,1,3,1,1,0,3,0,1,1,4,5,1,4,3,0,1,5,2,0,3,0,2,4,2,1,3,0,2,1,1,5,4,1,1,2,2,4,1,1,4,3,0,1,7,1,5,0,2,3,0
T2D_donor_01_cell_018,demo,T2D_donor_01,T2D,beta,15,9,15,11,12,9,14,14,17,13,3,6,2,4,9,3,4,2,3,5,6,4,3,7,7,2,2,1,4,3,1,1,0,2,1,2,0,3,2,4,0,0,3,4,1,1,0,0,4,3,2,1,1,1,2,2,1,1,1,3,1,3,1,0,0,3,4,2,3,2,1,1,2,1,1,3,3,2,1,2,1,0,0,0,2,5,2,0,1,1,4,1,2,3,0,2,0,0,1,1,3,2,3,0,0,2
T2D_donor_01_cell_019,demo,T2D_donor_01,T2D,beta,13,9,8,10,13,7,19,10,12,5,6,3,5,4,7,5,4,4,7,5,1,5,4,6,7,5,3,0,1,4,0,0,0,1,1,3,0,1,0,0,1,1,1,3,2,3,0,4,1,1,3,1,1,0,1,1,1,0,2,2,2,1,2,3,3,2,4,1,3,0,1,0,2,1,1,0,5,1,0,2,2,0,0,2,0,1,2,1,1,4,2,2,0,0,2,2,2,4,1,0,1,2,3,3,1,3
T2D_donor_01_cell_020,demo,T2D_donor_01,T2D,beta,16,20,20,18,16,5,17,19,16,24,4,3,3,6,4,5,8,3,6,3,4,1,5,1,11,4,4,1,6,0,2,2,1,1,0,2,3,0,1,1,0,2,1,6,0,3,1,5,2,1,3,0,3,1,1,1,4,0,0,1,1,2,3,2,4,5,5,0,3,0,3,3,4,3,1,4,3,0,0,1,1,4,1,1,0,2,2,3,1,1,1,2,0,0,0,2,1,2,1,1,0,0,0,1,0,0
T2D_donor_01_cell_021,demo,T2D_donor_01,T2D,beta,4,3,4,1,4,2,2,4,5,2,24,27,35,27,26,32,28,15,25,20,4,4,6,1,4,2,0,5,1,0,1,2,1,2,2,1,2,3,2,0,6,4,2,1,3,1,0,1,2,1,0,2,3,3,2,3,2,1,1,3,2,1,1,2,1,4,2,1,0,1,3,1,4,5,2,3,3,3,3,1,1,1,3,3,2,1,2,0,4,0,2,2,2,2,3,0,2,0,5,1,0,0,0,0,0,1
T2D_donor_01_cell_022,demo,T2D_donor_01,T2D,beta,8,3,6,5,4,7,9,9,11,4,14,18,9,11,14,12,15,11,8,15,7,3,4,3,2,2,2,2,0,1,3,6,1,3,0,0,1,6,0,3,0,2,4,4,0,2,0,5,0,0,2,0,1,0,0,3,3,4,3,3,0,1,3,3,0,0,0,3,0,1,1,0,1,1,1,0,2,1,3,0,1,4,1,1,0,2,1,3,1,3,3,3,0,2,0,0,2,3,3,1,1,1,6,1,0,4
T2D_donor_01_cell_023,demo,T2D_donor_01,T2D,beta,10,13,13,14,17,8,13,9,8,11,5,2,5,5,2,4,8,8,5,4,1,4,6,4,4,5,2,1,3,1,1,0,0,1,3,2,2,1,1,3,6,0,3,5,1,2,3,0,2,2,3,1,0,1,1,2,1,1,0,6,1,3,2,1,0,1,2,0,4,1,1,0,1,0,0,3,1,2,3,5,2,0,2,1,3,0,1,3,3,3,2,3,4,1,1,2,0,0,3,0,1,1,3,2,0,2
T2D_donor_01_cell_024,demo,T2D_donor_01,T2D,beta,6,12,9,13,16,8,8,12,16,18,4,5,0,3,3,0,4,1,0,3,1,5,6,1,8,6,1,2,3,2,2,3,0,1,0,4,0,0,2,3,2,2,3,2,0,1,2,0,0,2,3,1,2,2,2,1,4,4,0,1,2,3,3,1,3,3,2,0,3,1,0,0,0,4,1,5,3,0,1,1,2,1,4,0,0,2,2,0,1,1,2,2,0,2,1,2,0,2,1,2,1,1,0,3,0,1
T2D_donor_01_cell_025,demo,T2D_donor_01,T2D,beta,1,4,1,1,3,2,0,5,3,4,36,27,29,31,27,31,29,39,29,39,4,6,7,6,6,2,0,2,2,1,2,1,0,3,3,1,0,1,0,1,2,1,2,4,0,1,1,3,4,2,3,1,3,2,0,4,4,1,1,0,0,1,3,1,0,0,1,1,2,2,1,0,4,1,1,0,0,2,0,1,3,2,0,1,2,3,6,1,2,5,3,2,1,0,2,0,0,1,2,0,0,2,0,0,1,1
T2D_donor_01_cell_026,demo,T2D_donor_01,T2D,beta,13,19,18,18,16,20,20,11,16,22,2,2,3,2,4,2,3,10,5,4,5,11,5,6,6,4,1,0,0,3,1,2,4,4,2,4,4,3,0,3,1,3,2,1,0,1,1,0,7,3,5,2,0,5,1,1,1,3,2,0,3,0,2,0,3,2,0,3,3,1,6,4,2,1,2,1,1,0,2,1,2,4,3,2,0,5,1,2,1,2,1,4,0,2,1,3,0,1,3,3,0,1,0,0,2,4
T2D_donor_01_cell_027,demo,T2D_donor_01,T2D,beta,9,4,5,6,5,8,5,3,9,4,8,12,12,8,5,12,12,6,12,10,3,2,6,4,3,2,1,2,2,2,0,1,0,1,0,2,3,2,2,1,0,0,5,1,1,0,2,2,2,5,0,0,5,3,1,0,1,0,3,2,1,2,1,0,0,3,3,9,1,2,1,0,2,1,2,3,2,0,0,3,0,1,1,1,3,0,2,3,1,0,4,0,3,0,1,2,5,4,0,0,0,1,1,2,4,1
T2D_donor_01_cell_028,demo,T2D_donor_01,T2D,beta,20,21,15,15,15,15,17,13,8,8,3,4,5,4,6,8,5,7,2,3,0,8,5,1,1,2,6,5,0,0,2,1,1,3,1,4,1,0,4,0,0,1,1,2,2,0,2,0,1,1,3,0,1,2,0,2,0,4,0,0,1,4,2,1,2,1,2,1,1,3,2,1,0,4,2,4,3,3,4,1,2,5,1,1,3,4,1,2,4,3,0,2,4,2,7,2,2,0,3,2,1,3,2,1,2,2
T2D_donor_01_cell_029,demo,T2D_donor_01,T2D,beta,10,8,11,10,12,11,11,10,12,16,8,7,5,4,5,8,7,5,8,6,4,5,1,5,4,5,0,2,0,0,4,6,0,3,1,3,1,3,2,1,0,3,1,2,3,3,4,0,2,3,3,1,2,1,4,3,3,1,0,3,1,1,3,0,1,2,0,0,2,2,0,2,2,5,3,0,2,3,1,2,0,3,1,3,2,1,2,3,1,5,0,4,1,0,2,1,0,0,3,2,0,0,2,0,1,6
T2D_donor_01_cell_030,demo,T2D_donor_01,T2D,beta,5,1,6,7,2,3,9,5,3,5,19,27,14,25,20,24,15,13,13,17,4,7,2,0,3,4,1,1,1,3,0,2,2,0,3,1,2,1,5,1,1,1,1,2,0,2,0,2,1,2,3,5,1,2,2,3,0,1,3,5,4,4,6,0,2,0,3,3,3,2,0,2,4,3,3,2,2,3,1,5,2,2,3,3,1,4,3,2,1,0,2,1,0,4,1,0,2,5,1,3,3,1,3,7,2,1
T2D_donor_01_cell_031,demo,T2D_donor_01,T2D,beta,16,17,14,19,14,9,12,11,17,13,2,3,5,3,4,4,3,2,0,6,5,5,6,7,2,3,2,0,4,3,2,4,2,4,3,2,1,2,2,3,0,3,4,2,1,0,1,2,2,2,2,3,3,3,5,2,3,1,0,1,0,6,2,1,2,1,1,1,0,0,3,4,2,3,1,0,2,5,2,3,4,0,0,2,1,1,3,0,1,2,0,0,4,1,1,1,2,5,3,0,0,3,0,2,2,1
T2D_donor_01_cell_032,demo,T2D_donor_01,T2D,beta,7,7,18,9,8,15,15,11,6,11,5,3,3,11,3,7,6,2,4,3,7,2,3,3,2,5,1,1,0,4,0,3,1,1,0,4,0,4,0,0,2,1,4,3,1,0,2,1,3,1,0,3,0,2,4,0,0,1,2,6,0,2,2,0,0,1,1,3,0,1,0,1,2,0,3,0,1,5,2,5,2,3,1,8,1,0,2,1,1,0,1,1,2,0,0,1,2,0,4,2,2,0,2,1,4,2
T2D_donor_01_cell_033,demo,T2D_donor_01,T2D,beta,7,5,5,4,3,5,3,5,5,0,12,15,9,15,4,13,10,13,18,7,3,7,2,2,0,3,1,0,1,0,2,5,0,1,1,3,2,0,5,2,2,3,2,0,1,2,3,2,0,0,3,3,5,1,2,2,2,1,3,0,1,1,5,3,3,0,4,2,1,2,5,1,1,2,1,2,4,2,2,0,0,3,0,2,3,0,2,1,2,1,5,2,0,2,4,1,3,3,0,2,1,2,1,3,2,0
T2D_donor_01_cell_034,demo,T2D_donor_01,T2D,beta,9,16,13,19,15,16,20,19,14,19,2,5,3,2,2,1,4,5,3,1,3,6,4,4,5,5,3,0,0,1,5,4,1,1,5,2,0,1,0,1,0,2,5,2,0,0,0,3,0,0,5,1,5,7,0,0,1,1,1,1,1,2,3,1,1,4,0,0,1,2,4,0,2,2,3,3,1,2,0,1,3,2,3,2,4,0,1,1,1,1,3,2,2,2,1,4,6,2,1,0,2,2,1,2,0,1
T2D_donor_01_cell_035,demo,T2D_donor_01,T2D,beta,16,17,17,25,22,23,19,31,23,25,0,0,5,4,0,1,3,3,2,2,5,5,4,9,9,5,1,1,1,3,1,2,2,2,1,3,0,4,1,2,2,1,1,0,1,2,1,0,5,0,1,1,5,1,2,1,4,3,0,1,3,1,2,2,2,3,6,1,1,1,1,1,1,3,2,0,1,1,1,2,0,2,1,3,0,0,0,1,0,3,2,1,2,1,2,3,0,1,1,0,4,0,1,3,1,1
T2D_donor_01_cell_036,demo,T2D_donor_01,T2D,beta,11,4,7,3,11,7,12,8,10,9,4,5,10,8,3,5,8,9,5,10,7,2,6,4,3,4,0,3,0,1,3,4,0,3,4,1,0,1,2,1,2,0,1,1,2,4,2,2,1,2,1,3,3,2,0,4,0,2,2,2,3,0,2,1,2,1,0,0,3,2,1,2,3,2,4,0,0,0,1,1,0,1,2,0,3,4,2,2,2,3,3,2,5,1,1,2,1,2,5,1,1,2,3,1,2,4
T2D_donor_01_cell_037,demo,T2D_donor_01,T2D,beta,10,10,7,13,15,17,19,12,16,11,2,4,3,4,4,2,10,1,3,2,4,8,5,7,8,8,1,3,5,1,3,1,0,1,6,4,1,2,2,1,1,1,1,2,0,3,1,3,1,3,1,2,1,1,3,1,1,7,0,3,2,1,1,2,4,1,0,4,2,0,3,0,1,1,3,4,1,0,0,0,1,0,0,2,0,5,3,1,3,1,4,5,1,2,4,1,2,1,1,2,2,0,1,2,2,3
T2D_donor_01_cell_038,demo,T2D_donor_01,T2D,beta,2,1,6,4,2,7,2,4,4,8,22,13,16,18,13,16,16,13,15,19,5,3,2,5,3,4,0,0,0,1,2,1,1,0,1,0,0,0,2,3,0,4,1,4,1,1,3,2,0,6,0,0,1,4,4,2,1,0,2,2,5,6,2,0,3,0,4,3,0,1,0,1,1,4,6,1,0,2,1,4,1,1,1,3,0,0,2,1,4,0,2,3,0,0,2,2,2,1,2,2,3,0,1,1,2,1
T2D_donor_01_cell_039,demo,T2D_donor_01,T2D,beta,13,15,14,11,10,11,20,6,12,11,3,4,5,5,5,3,6,4,8,6,3,9,3,5,3,12,1,0,1,0,2,1,1,1,0,2,2,2,2,1,3,5,3,3,1,0,2,1,0,1,0,5,2,5,1,3,2,0,1,0,0,2,0,0,2,1,1,5,2,8,2,1,2,1,1,1,2,1,2,1,2,2,3,0,3,0,1,0,0,5,0,3,0,1,4,3,4,2,2,2,2,5,2,2,0,4
T2D_donor_01_cell_040,demo,T2D_donor_01,T2D,beta,10,9,7,7,5,10,14,9,7,9,9,13,9,10,13,2,11,4,6,3,5,6,8,6,6,10,3,2,2,4,8,0,4,3,2,1,0,2,2,0,0,3,0,2,0,1,0,0,0,4,1,2,1,2,5,2,1,1,4,2,2,1,1,2,0,4,0,2,3,3,3,3,0,1,4,1,2,0,2,0,0,2,0,2,0,1,1,3,2,0,1,0,5,0,2,3,0,1,3,0,3,0,1,1,1,0
T2D_donor_01_cell_041,demo,T2D_donor_01,T2D,beta,6,0,1,3,3,6,6,2,2,4,26,23,28,23,29,27,18,16,18,27,1,2,1,5,2,1,2,2,4,1,2,4,1,0,3,1,2,3,3,4,3,0,4,3,4,0,1,3,0,3,3,0,3,0,1,5,1,1,0,7,1,3,0,2,2,0,2,2,0,0,0,1,1,1,1,1,1,1,4,4,0,2,1,1,1,1,0,2,2,1,0,0,2,0,4,0,0,1,7,3,3,1,2,2,0,3
T2D_donor_01_cell_042,demo,T2D_donor_01,T2D,beta,4,3,7,4,5,4,8,4,4,7,7,21,14,16,13,17,11,5,11,13,6,4,3,2,4,6,4,2,2,1,0,1,4,2,2,4,1,2,3,0,2,1,4,1,0,5,2,2,2,1,3,1,2,4,0,2,4,1,3,1,0,0,2,2,2,1,1,3,2,2,5,0,0,1,3,3,4,0,4,0,1,2,0,1,2,0,1,0,1,5,3,2,0,2,5,1,2,2,0,2,1,0,2,2,1,1
T2D_donor_01_cell_043,demo,T2D_donor_01,T2D,beta,19,16,15,10,13,9,10,16,20,7,6,3,4,2,3,7,5,3,4,3,3,7,6,4,5,6,2,5,3,1,0,1,1,0,5,1,1,2,1,0,3,1,2,2,4,4,2,1,1,2,0,3,1,5,1,1,2,2,3,6,2,4,0,0,3,6,6,3,3,0,4,3,0,4,0,2,1,2,0,5,6,4,3,3,1,3,4,2,1,1,1,1,1,0,2,1,1,1,3,4,0,1,3,1,0,2
T2D_donor_01_cell_044,demo,T2D_donor_01,T2D,beta,26,23,24,33,32,27,32,27,30,39,3,1,4,3,3,3,1,4,0,2,7,8,9,6,10,4,0,2,3,2,4,1,2,2,1,2,1,1,4,0,3,0,4,3,3,2,3,0,1,1,2,3,2,0,0,1,1,3,4,5,1,1,1,5,0,2,1,0,0,3,4,2,1,0,1,1,6,1,0,2,3,2,1,4,1,1,2,0,1,2,2,0,2,2,2,3,0,0,0,3,1,0,1,0,3,5
T2D_donor_01_cell_045,demo,T2D_donor_01,T2D,beta,6,5,2,5,6,5,6,4,3,5,9,15,17,14,20,12,16,12,14,18,4,2,8,8,2,3,1,0,1,0,1,0,0,2,0,0,2,1,2,3,1,2,0,0,2,1,6,4,1,1,0,0,0,0,1,1,1,4,0,2,1,0,2,0,3,2,0,1,6,1,2,2,2,0,1,0,3,2,2,0,2,3,1,0,3,5,1,2,0,3,2,2,1,3,3,1,1,4,1,2,1,1,2,0,1,2
T2D_donor_01_cell_046,demo,T2D_donor_01,T2D,beta,8,4,8,7,7,11,6,6,6,9,9,9,5,9,12,5,8,4,5,3,5,5,7,4,4,3,0,2,3,1,1,2,4,2,0,1,1,2,1,3,3,1,2,0,0,1,2,2,5,1,5,1,4,0,0,2,1,4,0,2,0,1,0,1,5,1,3,0,0,2,1,1,2,1,2,0,5,3,2,8,2,3,2,1,1,1,0,1,1,4,1,2,3,5,0,1,3,0,2,5,5,2,1,0,4,3
T2D_donor_01_cell_047,demo,T2D_donor_01,T2D,beta,10,11,8,9,9,17,14,9,10,6,2,9,2,9,5,6,6,5,5,3,5,4,2,5,4,4,1,2,2,2,4,2,1,1,1,3,1,2,3,3,2,1,1,2,0,1,0,1,0,0,1,2,1,1,5,0,2,3,1,2,1,6,0,0,4,1,2,1,2,0,1,2,1,0,1,8,0,0,3,3,0,2,0,0,2,2,0,0,0,0,1,4,1,1,2,1,2,2,0,0,1,1,4,0,0,5
T2D_donor_01_cell_048,demo,T2D_donor_01,T2D,beta,9,9,9,5,9,6,4,8,5,7,5,11,7,7,9,7,11,9,15,11,4,1,4,2,1,4,1,4,2,1,0,0,2,0,3,2,0,1,4,3,0,1,0,4,2,2,2,1,1,1,4,3,3,1,2,2,1,2,1,2,3,1,0,1,2,2,1,3,1,0,1,3,3,3,0,0,7,1,0,2,1,4,3,1,0,1,4,1,2,2,0,3,1,0,3,1,1,2,1,3,2,0,0,1,0,1
T2D_donor_01_cell_049,demo,T2D_donor_01,T2D,beta,10,3,12,3,6,7,12,8,9,7,11,8,7,10,4,4,9,9,5,11,7,4,4,4,2,4,0,0,1,0,3,0,2,1,4,1,0,2,1,1,1,3,2,0,3,1,1,4,0,1,3,1,1,1,2,5,4,1,3,1,2,3,3,1,3,0,3,7,1,0,2,2,1,0,1,2,1,0,3,2,3,6,1,0,2,2,4,0,1,0,3,3,0,0,5,0,3,2,0,5,2,1,0,1,1,1
T2D_donor_01_cell_050,demo,T2D_donor_01,T2D,beta,18,18,10,25,12,20,18,12,21,9,3,6,1,1,9,6,1,2,5,2,5,2,5,6,7,3,0,1,6,0,6,2,4,2,0,3,2,1,0,1,1,3,8,3,0,2,3,2,1,1,1,3,8,1,0,2,3,1,0,1,2,0,1,0,6,1,0,1,1,1,0,0,4,6,2,0,1,1,0,1,0,3,1,0,0,3,0,2,2,3,2,2,1,5,3,1,1,3,2,3,0,1,3,1,2,0
T2D_donor_01_cell_051,demo,T2D_donor_01,T2D,beta,7,20,14,9,22,15,11,16,15,12,2,3,8,4,5,7,4,7,4,3,4,5,7,2,7,4,0,4,1,1,1,2,1,2,1,1,0,2,3,2,8,0,3,1,2,0,2,0,2,0,2,1,0,3,0,3,4,5,1,1,1,0,1,2,4,1,1,3,2,5,2,3,1,1,2,3,4,3,1,4,2,1,2,0,0,1,0,1,1,1,2,2,1,5,1,3,4,0,1,1,2,4,0,1,0,1
T2D_donor_01_cell_052,demo,T2D_donor_01,T2D,beta,10,9,10,3,11,11,9,8,11,9,6,6,4,1,12,1,6,6,6,4,3,3,5,5,10,3,0,4,2,1,4,0,2,1,0,3,2,3,2,2,1,2,2,0,2,0,1,0,2,1,1,3,4,3,1,6,1,3,0,0,1,4,2,0,0,1,2,0,3,1,2,2,0,2,2,1,4,3,0,1,1,1,2,1,3,2,1,2,1,0,0,3,0,3,4,2,0,1,4,2,2,1,1,1,3,0
T2D_donor_01_cell_053,demo,T2D_donor_01,T2D,beta,12,13,11,22,15,14,21,20,12,15,5,6,5,4,6,1,3,2,2,3,4,8,6,6,1,7,5,1,3,1,6,0,3,5,2,0,0,2,1,4,3,0,4,3,1,0,4,1,4,0,1,2,2,1,3,3,1,1,0,0,2,4,1,0,1,0,1,4,0,2,1,3,2,0,2,1,2,2,8,2,3,3,2,0,3,2,5,4,0,0,3,1,1,4,2,0,0,6,1,3,0,2,1,2,2,1
T2D_donor_01_cell_054,demo,T2D_donor_01,T2D,beta,47,45,63,45,45,48,63,59,47,50,1,0,2,0,0,2,1,1,0,1,10,7,4,9,4,4,4,2,6,3,1,1,1,3,0,0,6,1,3,1,1,0,1,3,2,0,1,0,2,4,2,1,2,1,1,0,2,3,0,0,0,3,0,2,0,4,1,1,1,2,1,1,2,1,5,3,2,0,2,0,1,2,3,3,0,0,3,1,1,1,3,2,0,1,0,2,0,1,3,1,5,2,1,0,1,4
T2D_donor_01_cell_055,demo,T2D_donor_01,T2D,beta,13,5,14,16,5,11,8,13,12,7,8,7,8,4,4,4,6,6,5,8,3,7,6,2,5,6,4,0,2,0,0,3,0,2,1,0,0,1,2,0,0,0,3,1,3,1,4,4,0,2,1,3,2,3,0,2,1,2,3,0,1,1,0,1,0,1,0,0,0,5,4,3,3,3,0,0,4,2,0,1,1,1,1,2,5,3,4,2,2,2,2,0,0,1,0,2,0,3,3,1,0,3,0,2,2,1
T2D_donor_01_cell_056,demo,T2D_donor_01,T2D,beta,5,11,10,5,5,8,10,4,8,6,12,7,7,9,5,9,6,9,5,8,4,8,2,3,3,3,0,0,1,1,2,4,2,4,4,2,3,4,1,4,0,0,3,3,5,1,3,0,0,1,5,0,0,3,1,0,3,3,6,0,1,5,0,0,0,0,0,1,0,2,3,0,5,3,2,3,2,0,1,0,2,2,0,3,3,2,1,3,3,4,2,1,0,1,4,3,1,1,1,1,1,2,0,2,2,2
T2D_donor_01_cell_057,demo,T2D_donor_01,T2D,beta,6,7,8,5,7,4,7,7,6,3,14,11,12,11,8,15,11,15,22,9,4,1,2,2,3,6,2,5,0,2,1,2,1,0,4,0,4,3,1,3,0,2,0,0,5,1,3,0,3,5,1,1,1,0,1,0,2,1,0,2,0,2,1,2,2,2,0,0,1,0,4,0,1,2,4,2,1,3,1,1,2,0,1,3,1,2,3,4,2,1,5,0,2,2,0,0,0,1,2,2,1,0,2,0,3,2
T2D_donor_01_cell_058,demo,T2D_donor_01,T2D,beta,20,28,21,22,18,20,25,25,32,26,3,1,1,1,1,2,1,2,7,3,8,7,9,1,5,5,3,4,3,0,2,2,0,0,0,1,1,0,1,5,3,1,2,0,3,1,0,1,3,1,4,0,2,1,5,1,1,2,1,4,4,1,0,0,1,1,0,2,0,1,2,1,1,3,1,1,3,4,3,0,2,3,1,1,4,2,4,0,2,1,0,3,2,0,4,4,0,1,1,0,6,2,2,0,2,0
T2D_donor_01_cell_059,demo,T2D_donor_01,T2D,beta,7,11,11,7,7,12,12,11,13,14,4,1,3,5,5,4,9,2,2,9,2,6,3,4,8,7,0,0,4,5,1,1,2,1,3,1,4,2,2,2,0,0,0,1,2,1,4,1,2,0,0,1,0,2,3,3,0,1,6,1,2,6,3,4,1,1,3,1,1,0,1,2,0,0,4,0,1,2,1,1,3,1,2,0,0,4,0,1,1,2,6,2,0,0,0,1,2,2,1,4,1,0,1,4,2,1
T2D_donor_01_cell_060,demo,T2D_donor_01,T2D,beta,3,5,3,2,4,4,2,5,3,0,15,26,13,14,16,12,6,13,17,16,2,3,2,1,2,4,0,2,0,4,3,1,0,2,1,1,0,2,0,4,0,0,1,0,0,3,0,1,2,4,1,2,2,2,0,5,2,5,0,0,2,6,1,0,2,0,2,3,4,3,2,1,2,0,1,0,3,3,0,2,3,0,0,2,1,2,2,1,0,2,6,0,1,3,3,0,1,1,2,6,3,1,9,3,2,3
T2D_donor_01_cell_061,demo,T2D_donor_01,T2D,beta,16,11,17,23,15,21,25,22,22,20,6,3,1,5,2,5,4,2,0,8,3,9,6,4,11,6,1,2,0,3,0,1,0,1,1,6,5,2,2,3,5,4,0,3,3,5,4,0,0,1,6,0,0,3,1,1,1,3,3,2,3,0,1,2,0,1,1,2,2,4,1,3,1,1,0,0,0,2,2,2,2,2,0,2,1,2,4,2,2,3,1,0,3,0,2,0,0,3,0,4,0,2,1,4,2,0
T2D_donor_01_cell_062,demo,T2D_donor_01,T2D,beta,5,10,10,16,11,9,9,15,14,10,6,2,2,3,7,4,2,2,2,8,7,3,4,2,4,5,3,3,5,1,4,1,1,4,1,2,0,1,0,2,4,1,3,1,2,1,3,1,1,0,1,0,6,2,2,2,1,3,4,0,1,0,4,0,0,4,2,5,0,1,1,5,2,1,7,1,1,1,2,0,0,0,0,3,1,3,4,5,0,0,1,1,1,3,1,2,2,0,1,2,3,2,3,0,0,0
T2D_donor_01_cell_063,demo,T2D_donor_01,T2D,beta,9,4,5,7,5,6,9,4,3,8,8,11,9,4,4,6,10,8,12,14,4,2,2,1,5,2,1,1,1,0,4,2,6,0,1,3,2,2,1,2,1,2,0,1,2,2,4,2,1,1,0,3,0,0,3,3,3,0,5,0,2,0,3,0,1,1,0,0,1,3,4,3,1,2,2,4,1,4,0,3,2,0,1,3,0,2,2,2,2,1,3,1,4,1,0,1,0,4,3,1,0,1,0,0,1,2
T2D_donor_01_cell_064,demo,T2D_donor_01,T2D,beta,10,21,17,12,14,19,12,18,11,11,5,3,2,5,5,5,3,3,3,3,5,2,5,7,3,2,1,3,1,1,1,0,1,2,0,4,0,1,2,3,4,2,1,0,0,0,2,0,2,1,1,2,0,0,1,1,3,2,0,0,3,1,3,3,0,1,0,2,2,0,2,1,2,1,3,0,3,3,4,3,1,1,0,0,0,2,0,4,0,0,2,1,4,2,2,2,0,2,0,0,6,2,0,5,3,4
T2D_donor_01_cell_065,demo,T2D_donor_01,T2D,beta,8,8,10,15,3,9,8,10,7,14,5,2,6,8,10,7,7,11,13,5,5,2,2,3,2,1,3,1,2,1,1,1,0,2,0,0,5,1,0,1,2,3,3,2,5,1,1,2,3,2,3,0,3,1,0,0,1,4,0,3,5,1,2,5,0,1,1,1,1,3,0,2,1,3,3,2,2,1,1,0,0,0,3,0,2,4,1,1,3,0,0,1,1,1,3,1,1,4,1,0,0,1,0,1,0,0
T2D_donor_01_cell_066,demo,T2D_donor_01,T2D,beta,1,2,4,1,0,1,3,3,2,2,25,35,36,35,26,30,29,35,30,35,2,7,5,1,4,1,1,2,2,0,0,0,1,3,2,6,7,2,2,3,4,3,0,0,1,3,0,0,1,0,3,0,2,2,2,3,3,0,0,3,2,3,1,1,2,0,0,3,0,0,1,3,0,4,3,0,2,0,2,2,1,1,2,0,4,0,1,4,8,3,3,0,2,3,5,0,0,0,0,5,2,2,2,1,5,1
T2D_donor_01_cell_067,demo,T2D_donor_01,T2D,beta,10,10,8,10,9,11,10,8,8,10,8,4,11,4,4,8,4,5,2,5,6,3,2,5,8,2,1,1,1,2,2,1,1,1,4,1,5,7,0,0,1,3,0,2,3,5,0,3,0,1,1,2,3,3,1,0,4,1,1,0,0,1,6,4,2,0,1,3,4,3,2,1,6,3,1,1,6,2,5,1,0,0,1,1,2,0,1,2,1,2,6,2,2,3,1,2,3,0,2,1,1,2,3,1,2,4
T2D_donor_01_cell_068,demo,T2D_donor_01,T2D,beta,2,2,2,5,6,5,8,4,7,5,16,16,15,14,13,16,18,17,12,15,1,4,4,6,2,1,1,2,3,2,4,0,4,1,2,0,1,2,1,1,0,0,6,0,1,3,3,3,5,2,0,0,1,0,0,4,2,1,2,0,0,1,0,2,0,3,2,1,1,1,1,1,1,0,4,1,1,3,2,0,1,1,2,3,2,3,3,1,0,2,1,1,3,2,3,2,3,1,2,3,2,1,1,0,1,3
T2D_donor_01_cell_069,demo,T2D_donor_01,T2D,beta,7,4,6,5,2,0,6,4,2,3,20,16,21,17,16,17,11,9,22,13,3,7,6,1,2,4,1,1,1,0,0,0,0,1,2,3,0,1,0,0,1,2,1,1,0,2,0,2,3,4,2,1,6,2,4,4,3,2,3,3,0,2,0,1,2,1,2,1,1,1,4,1,0,2,0,2,2,1,2,1,2,0,0,0,0,6,0,1,4,0,0,1,1,0,1,4,1,2,5,2,2,3,0,2,3,4
T2D_donor_01_cell_070,demo,T2D_donor_01,T2D,beta,26,23,22,24,31,29,26,18,21,20,5,1,1,2,2,3,0,3,3,0,5,6,1,14,5,10,5,3,3,0,4,0,0,1,4,4,4,2,3,4,3,0,0,2,1,1,3,4,3,3,8,3,4,2,2,4,2,1,1,2,4,1,3,1,6,1,1,0,2,4,2,3,2,4,2,7,0,3,1,0,1,0,3,0,2,5,3,2,0,3,1,1,2,3,1,3,1,2,2,1,0,0,6,2,2,3
T2D_donor_01_cell_071,demo,T2D_donor_01,T2D,beta,19,19,21,20,17,22,9,17,11,15,4,4,2,1,3,3,6,3,3,4,10,3,8,4,2,8,1,1,0,0,3,2,4,0,3,3,2,2,0,3,3,5,1,3,1,3,4,2,1,1,2,1,1,3,2,1,0,3,3,1,3,5,1,2,2,3,1,1,2,3,1,3,0,0,1,1,0,2,0,3,0,1,0,3,1,0,1,2,2,3,0,2,0,2,3,1,4,0,0,0,2,3,0,2,1,1
T2D_donor_01_cell_072,demo,T2D_donor_01,T2D,beta,4,3,10,5,7,3,11,2,5,4,11,12,8,9,9,10,13,20,12,10,5,2,5,4,4,5,2,3,0,1,1,2,0,2,1,0,3,1,3,3,0,7,2,3,2,1,1,3,2,1,3,0,4,1,5,4,1,4,1,0,2,0,2,1,1,3,0,2,0,1,3,2,0,5,1,2,0,2,0,2,1,1,1,1,1,3,3,1,4,0,0,3,0,3,3,4,1,1,1,1,2,5,6,1,8,3
T2D_donor_01_cell_073,demo,T2D_donor_01,T2D,beta,8,6,9,12,3,5,9,13,4,6,4,3,8,8,6,6,10,8,9,9,6,6,7,1,3,1,1,2,1,1,3,3,3,0,2,4,6,0,3,0,0,1,3,0,2,0,4,1,0,2,2,0,3,2,2,1,5,1,1,0,3,0,0,2,0,2,4,2,1,1,3,3,1,0,1,1,1,2,2,1,1,0,3,1,3,2,2,5,1,1,1,3,0,1,0,5,1,3,1,3,3,2,1,2,1,4
T2D_donor_01_cell_074,demo,T2D_donor_01,T2D,beta,13,9,4,6,15,12,4,10,11,11,3,4,9,2,0,5,5,8,9,5,2,5,1,5,11,6,4,1,0,4,6,3,3,2,1,1,1,0,1,5,0,1,3,1,3,0,2,1,1,1,1,4,3,1,4,1,0,3,5,1,1,2,3,0,0,1,1,1,1,3,3,3,1,2,0,3,3,1,1,0,2,0,0,2,4,1,3,0,1,0,1,3,1,3,2,1,4,0,2,0,3,0,0,0,1,3
T2D_donor_01_cell_075,demo,T2D_donor_01,T2D,beta,4,9,6,7,1,2,5,5,2,5,14,11,16,14,11,9,14,11,7,11,2,5,3,2,1,6,3,2,1,4,1,3,2,1,0,4,0,0,2,0,4,1,1,3,1,2,4,2,3,2,2,1,2,3,2,3,0,0,1,0,1,1,3,1,3,1,0,2,4,3,0,2,1,2,1,1,2,0,3,2,2,0,1,3,4,3,0,1,1,2,2,3,0,2,2,0,5,2,0,3,2,5,3,2,0,2
T2D_donor_01_cell_076,demo,T2D_donor_01,T2D,beta,4,6,5,2,5,3,8,4,3,7,14,13,11,9,14,11,9,7,21,12,0,4,4,2,3,5,1,3,2,0,1,4,1,6,0,1,2,5,3,2,2,2,3,2,2,1,4,1,4,3,0,2,1,2,1,2,5,5,2,2,1,2,3,3,1,2,1,1,0,0,2,1,1,2,1,1,2,1,4,1,0,1,1,2,1,1,1,6,1,2,3,4,3,4,3,3,1,0,0,4,3,6,0,3,0,3
T2D_donor_01_cell_077,demo,T2D_donor_01,T2D,beta,10,9,12,4,10,17,10,12,15,13,4,2,2,4,2,6,5,3,6,3,7,9,1,2,3,6,4,0,3,0,4,2,4,1,2,0,2,4,2,2,1,2,1,2,2,8,2,0,0,2,5,0,4,2,2,1,4,3,0,0,3,2,1,3,2,1,0,2,0,2,1,0,3,2,0,0,4,0,3,3,4,1,1,0,2,1,7,1,2,3,0,3,3,1,2,2,3,0,2,1,3,0,4,1,6,2
T2D_donor_01_cell_078,demo,T2D_donor_01,T2D,beta,16,17,17,12,11,11,10,21,18,14,8,5,1,4,3,7,6,4,3,7,1,3,6,6,6,2,1,2,4,0,6,2,3,0,2,2,2,1,6,6,1,3,2,3,1,1,2,2,0,1,4,4,0,1,3,4,1,0,5,1,1,1,1,1,2,5,2,4,0,0,2,1,1,3,0,3,1,0,2,0,1,0,2,3,2,1,0,2,0,2,2,5,1,2,4,3,2,2,1,1,1,3,0,3,3,2
T2D_donor_01_cell_079,demo,T2D_donor_01,T2D,beta,9,11,12,13,11,9,12,9,6,18,3,12,7,10,4,5,4,8,11,5,2,2,7,2,6,2,0,2,1,0,5,1,0,2,3,2,2,1,0,2,1,0,1,2,1,2,1,3,0,3,0,2,3,2,2,1,0,2,1,1,0,2,2,1,1,1,5,1,1,4,5,2,1,4,0,3,1,2,3,1,5,0,3,4,2,4,2,1,0,1,0,0,3,3,2,2,2,0,1,2,4,1,2,4,2,1
T2D_donor_01_cell_080,demo,T2D_donor_01,T2D,beta,16,14,18,22,15,15,15,17,20,16,2,1,2,0,0,1,3,1,1,1,8,4,4,3,9,13,4,0,2,2,1,2,1,1,4,4,3,2,1,1,0,5,3,1,3,1,1,1,0,6,3,5,6,1,0,1,0,1,4,0,2,4,4,0,1,2,2,1,0,3,1,6,1,4,0,2,4,1,1,2,2,1,4,3,0,0,0,2,0,2,1,4,2,0,0,0,2,0,1,0,1,1,1,1,3,5
T2D_donor_01_cell_081,demo,T2D_donor_01,T2D,beta,11,6,8,8,8,6,6,12,7,10,9,5,10,5,10,9,7,12,9,4,3,5,3,4,4,4,0,2,1,2,3,3,2,0,4,2,0,3,1,0,1,2,4,2,3,0,3,3,0,0,0,3,2,1,3,4,1,5,1,3,1,4,0,1,1,4,0,2,1,1,3,3,2,3,3,2,0,3,1,1,1,1,0,0,3,3,4,3,1,5,3,1,2,1,0,4,0,2,0,2,3,1,1,2,2,1
T2D_donor_01_cell_082,demo,T2D_donor_01,T2D,beta,15,15,10,11,12,11,11,14,8,9,7,6,5,4,5,6,4,9,7,7,5,4,5,4,11,4,0,0,1,1,0,0,2,3,2,1,5,4,1,2,4,3,4,1,5,3,3,1,1,3,2,0,0,0,3,0,2,1,3,0,0,3,0,2,0,2,0,0,1,1,1,4,0,2,1,1,0,1,0,0,0,3,1,5,0,3,5,7,3,2,0,3,1,2,1,0,2,1,0,1,1,5,1,0,0,4
T2D_donor_01_cell_083,demo,T2D_donor_01,T2D,beta,12,8,8,8,8,9,7,4,8,9,7,7,7,6,13,9,13,11,6,5,8,4,4,5,6,4,0,4,1,1,0,0,5,6,3,1,1,2,1,0,0,4,4,0,0,0,1,2,5,1,5,0,0,3,3,2,0,3,2,1,3,1,3,2,2,2,1,0,0,2,3,5,5,1,0,1,0,2,0,2,0,7,0,1,0,0,3,0,2,1,1,5,1,2,4,1,0,2,3,1,3,1,1,2,1,2
T2D_donor_01_cell_084,demo,T2D_donor_01,T2D,beta,21,20,25,22,16,23,25,19,22,12,1,5,3,3,4,0,2,1,2,3,4,9,4,10,6,3,1,1,1,4,0,0,3,4,2,0,4,1,4,0,2,3,0,2,1,2,5,1,0,3,1,3,4,5,3,0,1,1,2,1,0,1,1,0,0,5,0,1,0,1,0,3,0,0,2,2,1,5,0,2,2,1,1,1,3,0,2,0,4,5,1,0,1,1,0,1,0,2,0,2,0,2,2,3,2,1
T2D_donor_01_cell_085,demo,T2D_donor_01,T2D,beta,19,16,19,15,25,17,20,17,13,26,4,2,2,4,0,6,4,3,2,5,1,6,6,7,6,7,2,3,3,3,3,0,1,6,3,1,1,3,2,1,2,0,2,1,3,0,2,3,0,1,4,3,0,3,1,1,3,2,3,3,0,1,0,1,2,2,2,5,2,1,1,3,0,0,2,1,1,1,0,2,1,0,0,1,3,0,1,1,5,4,0,4,0,1,3,4,2,1,1,1,1,2,0,3,0,1
T2D_donor_01_cell_086,demo,T2D_donor_01,T2D,beta,9,5,4,7,9,5,7,12,10,6,9,12,17,14,10,8,10,11,9,8,7,6,3,4,5,1,0,0,0,1,1,1,5,2,0,3,2,0,2,1,3,4,0,3,0,1,1,1,0,3,1,1,0,3,0,0,0,2,0,3,0,1,0,2,2,0,0,2,1,0,0,4,0,0,3,0,2,2,0,1,4,3,0,1,1,1,2,1,1,0,1,2,3,3,3,2,1,2,5,3,2,2,0,1,5,0
T2D_donor_01_cell_087,demo,T2D_donor_01,T2D,beta,18,24,21,22,22,26,25,11,28,22,0,3,0,1,2,4,2,0,1,4,8,10,2,7,5,8,0,1,2,0,2,1,3,4,0,1,1,0,2,3,2,2,1,2,0,1,4,0,0,0,0,5,3,0,2,0,2,0,1,3,3,4,3,2,0,2,5,0,2,0,2,2,2,0,2,2,4,1,3,1,2,2,0,0,4,2,2,0,4,0,0,4,3,2,2,1,0,1,1,3,0,3,1,0,3,0
T2D_donor_01_cell_088,demo,T2D_donor_01,T2D,beta,7,8,7,4,3,12,1,8,9,5,7,9,7,6,6,7,9,10,4,5,4,1,6,4,1,6,1,2,1,1,1,0,1,0,0,0,2,3,0,3,1,0,2,4,1,0,4,0,0,3,2,1,1,1,5,0,3,0,1,0,2,4,3,2,2,2,3,0,0,0,6,2,3,2,2,0,0,1,1,3,1,2,1,1,1,1,1,1,1,1,1,2,1,0,2,1,0,4,2,0,2,1,6,5,2,2
T2D_donor_01_cell_089,demo,T2D_donor_01,T2D,beta,4,5,0,0,7,4,6,6,8,8,8,8,13,10,8,12,15,9,7,17,2,7,2,3,4,4,1,2,7,1,3,1,0,2,3,1,0,0,4,1,2,1,0,5,5,0,2,2,2,0,5,4,3,0,1,3,1,1,3,0,2,1,2,2,1,3,3,2,0,0,5,3,1,3,4,2,0,5,4,2,3,4,1,3,1,3,2,3,1,3,2,1,4,1,4,2,4,2,0,1,2,2,2,0,1,1
T2D_donor_01_cell_090,demo,T2D_donor_01,T2D,beta,20,22,22,22,19,17,35,18,21,22,4,3,3,1,1,4,1,0,1,2,7,2,11,8,2,6,1,4,2,3,1,3,1,3,4,3,2,0,1,2,0,1,0,2,4,0,2,0,2,3,0,5,2,2,4,0,0,0,3,2,0,3,2,2,3,1,0,7,0,1,3,2,2,0,2,1,1,3,0,2,2,4,2,0,1,2,1,1,4,3,1,4,3,0,4,3,4,1,0,5,0,1,1,4,1,2
T2D_donor_01_cell_091,demo,T2D_donor_01,T2D,beta,26,27,27,30,39,27,29,32,28,27,1,2,1,3,2,1,0,3,1,3,8,5,6,7,5,8,4,1,2,2,1,2,0,3,3,0,2,7,0,1,3,3,1,3,0,3,3,2,2,0,2,3,2,3,2,1,3,0,2,2,1,0,2,0,4,1,0,4,2,1,6,1,0,3,2,2,1,3,4,3,5,3,3,2,2,4,3,2,7,3,1,1,2,0,0,2,2,1,2,2,2,3,2,2,2,1
T2D_donor_01_cell_092,demo,T2D_donor_01,T2D,beta,29,12,12,17,17,23,23,16,14,19,3,2,5,2,2,4,4,5,3,3,9,9,8,6,5,4,0,2,1,1,0,4,1,2,0,2,0,3,5,3,4,1,0,0,0,2,6,1,3,3,3,2,0,0,1,0,0,5,3,1,0,0,1,3,4,1,0,0,0,3,3,0,1,0,2,2,0,5,3,2,2,5,6,2,1,2,0,4,4,1,1,2,1,0,1,2,3,1,4,2,0,5,5,1,1,1
T2D_donor_01_cell_093,demo,T2D_donor_01,T2D,beta,9,13,11,8,5,16,8,2,8,9,6,13,9,6,6,8,10,9,9,4,0,3,4,3,4,7,1,1,0,2,2,1,0,0,1,0,1,1,1,2,5,4,3,4,0,0,2,2,3,5,7,2,2,0,3,4,3,0,6,2,5,3,3,0,1,2,3,0,0,5,6,0,4,0,1,2,2,1,1,1,1,2,1,4,0,0,1,3,0,4,4,3,0,1,1,4,4,3,2,2,1,2,2,4,2,4
T2D_donor_01_cell_094,demo,T2D_donor_01,T2D,beta,12,4,10,6,13,5,7,9,6,6,5,4,9,4,3,5,11,6,5,6,0,6,2,3,7,5,1,1,0,3,1,2,2,1,1,4,1,0,1,2,3,1,2,1,3,1,1,1,1,3,1,4,3,3,1,2,0,2,0,3,4,2,0,1,1,0,1,5,2,2,0,3,1,1,1,2,4,0,4,4,0,2,6,1,1,2,2,1,2,1,1,1,1,1,2,2,1,1,0,1,2,2,1,3,2,1
T2D_donor_01_cell_095,demo,T2D_donor_01,T2D,beta,11,11,6,7,13,17,4,12,18,16,4,6,2,4,4,7,6,7,4,2,3,8,4,7,5,11,0,1,1,1,1,1,1,1,4,3,2,1,3,5,1,1,1,1,1,0,3,3,1,2,1,0,0,1,0,0,1,0,4,0,1,1,1,6,7,2,2,3,3,0,5,0,5,2,0,1,1,0,1,1,1,0,4,1,2,0,2,3,0,0,3,2,0,1,1,0,0,0,6,1,0,4,2,1,1,1
T2D_donor_01_cell_096,demo,T2D_donor_01,T2D,beta,5,5,6,5,8,4,5,4,6,6,11,9,5,17,11,19,14,12,16,16,1,5,8,1,1,9,2,1,2,0,2,2,1,1,1,2,0,0,0,4,4,1,1,4,2,0,2,2,0,1,5,3,1,1,2,3,1,2,0,2,1,0,4,0,1,1,0,0,4,2,3,3,4,3,3,1,3,4,3,1,4,3,1,1,3,5,1,2,1,2,0,1,1,1,4,0,0,3,2,2,1,1,2,0,1,3
T2D_donor_01_cell_097,demo,T2D_donor_01,T2D,beta,9,6,7,11,4,5,8,9,9,8,6,5,4,2,2,5,8,8,4,4,3,8,4,7,4,6,1,0,1,0,2,0,1,2,2,0,3,0,0,2,1,1,5,2,1,1,0,1,0,2,0,1,0,1,1,3,0,2,1,1,6,1,0,3,1,5,1,2,0,1,3,3,0,3,2,1,0,1,0,2,1,2,0,3,0,4,1,3,1,1,1,0,4,0,0,0,1,0,0,3,2,2,0,3,1,2
T2D_donor_01_cell_098,demo,T2D_donor_01,T2D,beta,10,6,7,3,8,9,13,11,10,14,4,2,6,6,9,4,3,12,7,2,3,2,3,6,3,6,4,0,3,6,4,1,1,2,4,2,1,2,1,3,1,0,1,1,2,3,1,0,2,0,1,2,2,0,1,1,1,2,0,2,2,1,4,2,3,6,1,1,1,7,2,0,0,1,0,0,3,0,2,3,1,0,0,2,1,0,1,4,0,1,0,2,1,1,2,5,2,1,4,1,1,1,1,3,2,0
T2D_donor_01_cell_099,demo,T2D_donor_01,T2D,beta,17,12,18,14,10,15,14,13,14,14,6,4,3,0,3,4,3,6,4,3,7,7,8,3,9,8,0,3,4,0,1,0,0,3,3,3,5,0,4,0,3,1,0,1,3,3,1,2,0,5,1,5,3,4,2,1,0,2,2,3,4,0,0,3,2,6,4,3,2,1,1,1,3,2,3,0,0,3,1,3,3,3,3,3,0,2,4,1,4,2,1,1,0,3,0,5,3,1,0,4,2,4,1,0,1,3
T2D_donor_01_cell_100,demo,T2D_donor_01,T2D,beta,4,4,4,5,3,4,9,5,10,5,16,10,15,5,14,14,10,11,9,13,3,4,1,5,4,4,0,2,4,0,4,4,3,4,0,0,2,3,1,0,1,2,3,2,2,2,0,1,1,1,2,2,2,0,3,0,2,1,0,3,1,1,2,4,3,5,0,0,3,0,4,1,1,2,2,1,1,3,2,1,1,0,2,0,3,2,0,2,2,1,1,1,1,1,3,3,0,1,1,0,0,2,0,4,2,1
T2D_donor_01_cell_101,demo,T2D_donor_01,T2D,beta,8,2,5,6,3,4,6,4,3,2,15,10,16,24,18,17,24,22,15,15,4,4,1,2,5,5,1,0,3,0,2,4,2,4,3,0,0,2,0,2,3,2,2,2,2,0,3,1,0,1,4,0,3,5,2,1,0,3,0,1,1,1,3,0,5,1,3,2,1,0,1,1,3,1,2,1,0,9,4,3,0,0,2,0,2,1,1,4,1,3,4,3,1,1,6,0,3,0,2,2,0,1,3,0,0,1
T2D_donor_01_cell_102,demo,T2D_donor_01,T2D,beta,7,8,13,19,9,16,16,14,18,19,3,5,4,5,3,5,5,4,8,8,3,2,7,4,5,4,1,1,4,1,6,2,5,1,2,2,2,2,2,2,2,4,3,2,3,3,1,1,0,1,0,1,2,0,2,0,1,1,2,2,1,2,0,1,6,2,1,2,1,2,2,1,1,4,1,1,2,0,1,0,1,1,2,1,2,1,0,1,3,0,4,0,1,3,1,0,3,0,1,0,1,0,2,6,0,1
T2D_donor_01_cell_103,demo,T2D_donor_01,T2D,beta,12,15,15,8,15,6,15,6,11,7,6,5,4,6,2,7,6,6,7,6,1,7,2,3,5,4,2,1,4,3,2,1,3,1,1,0,2,2,1,3,4,4,1,2,3,0,0,3,0,0,1,2,1,1,1,2,0,2,1,2,1,0,7,2,0,3,0,1,4,0,2,1,1,0,2,0,4,3,2,1,3,1,3,0,1,1,1,3,0,2,0,1,2,2,3,0,0,0,3,5,0,0,0,3,1,2
T2D_donor_01_cell_104,demo,T2D_donor_01,T2D,beta,5,16,12,9,9,7,5,12,12,9,9,6,5,10,7,7,9,7,6,7,7,2,2,2,2,4,1,0,4,1,2,2,1,1,2,0,0,3,1,2,0,3,1,5,1,2,3,1,2,0,0,0,2,1,2,1,0,2,0,0,2,1,5,2,1,0,1,8,2,2,0,1,0,2,1,2,1,0,1,4,1,1,4,1,1,1,1,1,0,2,3,4,1,3,2,1,3,3,5,1,1,4,1,0,1,1
T2D_donor_01_cell_105,demo,T2D_donor_01,T2D,beta,12,20,18,16,16,14,17,16,22,24,2,4,2,2,2,5,3,2,5,5,9,4,7,4,6,7,0,1,0,2,1,2,1,1,0,2,3,1,7,1,0,1,2,0,0,2,0,0,4,2,3,2,2,1,0,2,0,1,2,5,2,3,1,2,0,2,0,0,2,1,1,2,1,0,1,0,2,0,1,2,0,4,2,2,6,4,3,2,3,1,3,1,4,3,0,3,2,4,2,1,0,2,0,2,2,4
T2D_donor_01_cell_106,demo,T2D_donor_01,T2D,beta,7,9,8,5,5,5,3,9,6,8,8,12,12,6,12,6,15,11,4,9,6,6,6,6,4,7,0,4,0,1,2,1,1,2,1,3,2,0,2,2,3,0,4,1,2,3,3,1,3,0,0,2,4,0,1,1,1,3,3,0,3,2,1,1,2,2,3,3,0,2,1,1,1,3,2,3,2,1,1,2,1,0,1,2,1,5,0,4,1,2,3,0,4,0,2,2,0,3,2,4,1,0,1,2,1,2
T2D_donor_01_cell_107,demo,T2D_donor_01,T2D,beta,14,12,11,10,11,9,13,12,7,7,9,3,7,5,4,8,6,3,6,7,4,6,4,1,6,6,0,2,1,1,1,4,2,2,1,3,1,1,3,1,0,3,1,0,2,1,4,1,2,1,2,2,4,5,0,1,1,3,0,4,0,0,1,1,2,2,0,1,1,1,0,1,3,0,1,5,2,1,2,3,1,4,1,0,2,3,2,0,3,2,0,0,2,5,0,1,6,0,1,4,3,4,0,5,2,1
T2D_donor_01_cell_108,demo,T2D_donor_01,T2D,beta,10,11,9,6,14,13,15,14,10,15,6,2,3,3,2,6,4,8,2,4,4,4,0,3,4,3,2,1,2,0,0,2,0,4,5,3,0,0,1,1,1,2,1,1,4,2,2,0,4,0,1,2,0,3,3,1,1,1,1,3,0,2,2,1,5,7,4,0,1,0,1,2,1,3,2,2,0,2,6,1,2,3,0,2,3,3,1,3,1,2,2,3,2,0,3,5,0,3,2,3,1,0,6,2,3,2
T2D_donor_01_cell_109,demo,T2D_donor_01,T2D,beta,10,14,12,11,12,13,7,10,8,11,5,6,7,4,5,6,3,2,5,3,5,6,5,8,3,5,1,0,0,1,2,0,2,3,5,0,4,5,4,2,5,2,2,1,2,0,5,2,4,8,1,0,4,3,0,0,4,2,0,1,1,3,2,0,3,2,1,2,1,2,1,2,0,2,1,1,0,1,1,1,0,2,1,0,3,1,1,6,2,2,0,1,2,0,0,0,0,5,1,0,3,0,2,2,3,2
T2D_donor_01_cell_110,demo,T2D_donor_01,T2D,beta,17,17,12,8,14,23,8,19,12,13,4,3,3,3,2,4,3,3,1,2,0,6,7,5,7,7,3,0,1,2,1,1,0,7,3,1,0,1,0,0,0,1,3,3,2,0,1,1,0,1,2,0,2,0,1,4,4,0,2,2,0,2,0,3,0,1,1,0,2,1,2,2,1,0,1,1,3,0,1,3,4,2,1,1,4,5,0,1,1,2,1,4,3,2,0,2,5,0,4,3,3,1,2,2,0,1
T2D_donor_01_cell_111,demo,T2D_donor_01,T2D,beta,10,8,9,11,8,1,13,8,9,11,3,4,6,4,8,11,3,9,6,4,4,7,7,5,9,4,2,0,2,2,1,4,0,0,4,2,1,0,0,4,1,3,2,1,0,2,1,0,5,2,0,1,0,0,5,2,5,2,1,4,1,5,0,0,0,2,2,1,0,0,2,0,1,1,1,2,0,1,2,3,3,3,1,2,1,0,1,0,3,4,0,0,3,2,1,2,4,4,0,0,1,2,0,2,1,3
T2D_donor_01_cell_112,demo,T2D_donor_01,T2D,beta,8,8,6,11,13,5,4,9,6,5,11,10,14,7,6,9,9,6,6,13,3,3,5,7,2,2,1,1,0,5,0,3,2,4,3,3,1,2,3,4,0,4,3,0,1,6,0,4,5,2,3,4,0,3,0,1,1,2,5,0,1,0,2,1,1,0,2,1,2,0,0,2,3,1,1,1,3,2,0,0,1,1,1,2,0,0,3,3,0,3,1,2,0,3,0,1,0,1,0,0,6,3,1,2,3,2
T2D_donor_01_cell_113,demo,T2D_donor_01,T2D,beta,6,4,10,8,7,8,7,9,9,10,9,5,4,4,5,9,4,6,3,8,5,1,5,5,6,6,1,0,1,4,1,0,0,2,3,0,1,3,2,1,1,3,0,1,0,1,1,0,1,1,2,0,2,2,3,1,3,3,2,1,2,4,4,1,0,0,2,1,2,0,2,1,2,2,5,4,2,0,0,2,1,1,2,3,1,4,1,1,3,1,3,0,2,4,4,2,0,2,1,2,3,1,0,0,1,1
T2D_donor_01_cell_114,demo,T2D_donor_01,T2D,beta,10,9,10,6,12,15,13,10,11,15,3,6,6,1,5,2,13,7,6,7,7,4,1,5,6,4,4,4,4,1,2,1,0,1,0,0,0,0,1,0,3,1,1,4,1,2,3,1,0,1,4,5,5,2,3,2,4,1,3,3,2,2,0,3,0,1,1,1,1,0,1,1,1,1,1,3,1,4,2,1,1,2,3,0,0,0,1,2,0,1,2,1,1,3,4,4,0,2,7,3,0,4,1,3,4,3
T2D_donor_01_cell_115,demo,T2D_donor_01,T2D,beta,9,9,9,11,15,12,10,12,17,18,10,11,10,4,6,7,5,4,8,4,5,3,1,3,4,5,4,1,3,1,0,2,2,1,1,8,4,1,1,1,1,2,4,4,3,1,3,0,0,4,2,1,3,0,1,1,1,1,3,5,8,3,1,2,6,1,5,1,2,0,1,2,1,1,8,0,2,2,3,4,2,1,2,2,1,1,0,2,1,3,2,0,4,3,1,0,0,1,2,0,1,2,1,1,2,0
T2D_donor_01_cell_116,demo,T2D_donor_01,T2D,beta,14,13,9,13,8,6,13,9,8,15,1,7,3,4,8,1,2,11,3,1,4,3,7,2,7,4,1,2,1,1,0,3,0,2,4,6,1,1,1,1,2,0,5,0,0,2,2,3,2,0,4,0,1,2,1,5,1,1,3,4,3,2,1,3,4,4,0,3,0,2,0,1,1,1,1,4,2,0,1,2,1,2,1,2,3,0,0,1,3,0,3,1,1,0,0,0,2,0,2,5,3,3,2,1,2,4
T2D_donor_01_cell_117,demo,T2D_donor_01,T2D,beta,23,19,19,13,22,16,7,13,15,16,3,3,4,3,4,4,4,1,2,1,9,4,3,2,4,3,1,1,3,3,2,0,4,2,0,1,1,1,4,3,0,4,6,5,1,2,1,3,1,1,4,1,0,1,3,3,0,1,4,1,1,2,1,4,0,5,1,1,0,3,0,2,1,1,0,3,1,2,2,0,5,2,2,0,1,1,1,2,1,1,3,2,3,0,3,2,4,2,1,2,1,4,1,1,1,1
T2D_donor_01_cell_118,demo,T2D_donor_01,T2D,beta,8,10,8,12,9,6,8,7,9,7,7,8,7,6,6,9,6,4,6,10,1,5,5,1,5,3,0,1,2,1,0,4,2,1,4,1,2,1,4,2,2,2,1,0,2,0,1,1,6,4,1,5,2,2,1,2,3,3,2,0,1,1,2,2,3,0,1,1,3,3,3,1,0,1,2,1,0,3,3,3,1,1,1,0,3,4,0,2,3,2,1,2,4,0,2,1,0,2,0,3,1,1,2,2,0,2
T2D_donor_01_cell_119,demo,T2D_donor_01,T2D,beta,11,10,9,5,9,6,10,11,4,8,6,6,7,9,6,11,5,4,8,7,5,5,4,9,5,4,1,1,1,4,2,1,3,0,1,2,2,0,0,1,1,4,1,3,1,1,0,2,1,2,1,1,2,2,2,0,2,1,1,0,1,1,2,2,0,0,6,1,0,1,0,1,0,2,2,0,0,0,1,2,0,2,0,3,1,4,5,1,7,0,4,1,0,2,2,5,1,2,2,3,2,0,0,4,3,2
T2D_donor_02_cell_000,demo,T2D_donor_02,T2D,beta,12,5,5,5,14,12,11,11,16,10,5,9,5,6,9,4,10,5,9,8,3,3,3,4,3,3,0,0,0,4,6,0,0,1,4,0,2,3,1,0,3,2,3,3,1,2,3,0,3,2,1,3,0,0,2,1,1,0,2,2,5,1,1,3,0,2,0,0,2,0,4,2,2,2,1,0,1,0,3,1,5,0,6,0,1,4,2,3,1,2,1,0,4,5,2,1,1,4,2,0,1,3,3,2,0,0
T2D_donor_02_cell_001,demo,T2D_donor_02,T2D,beta,9,18,11,12,11,8,8,7,6,10,5,2,4,6,5,4,3,2,4,9,6,4,6,4,6,3,3,1,1,3,1,5,0,0,4,2,1,2,2,4,0,3,2,4,1,4,0,1,3,4,0,0,3,3,1,2,0,1,2,0,4,1,4,3,6,2,2,2,0,4,0,0,0,0,3,0,1,1,3,0,1,1,0,1,2,2,2,1,1,1,2,2,0,2,0,2,0,1,0,6,1,5,2,0,6,4
T2D_donor_02_cell_002,demo,T2D_donor_02,T2D,beta,5,8,6,2,4,8,8,5,3,4,11,14,11,12,6,18,12,13,12,16,4,5,3,6,3,7,4,2,0,3,2,2,0,1,0,1,1,5,2,2,1,0,2,1,4,3,0,4,2,1,5,0,5,1,0,4,2,2,1,1,6,5,0,0,0,2,2,0,1,0,1,0,2,2,6,2,3,1,2,4,0,2,4,1,0,1,1,1,0,2,2,3,3,7,2,0,3,2,1,3,4,4,2,5,1,0
T2D_donor_02_cell_003,demo,T2D_donor_02,T2D,beta,10,8,14,5,8,11,3,4,10,3,12,12,12,7,9,7,7,3,6,3,4,6,5,4,1,2,1,1,1,1,0,2,5,0,3,3,1,1,2,3,2,1,2,0,1,3,5,0,1,2,0,2,1,2,1,1,1,1,4,0,3,0,1,2,2,0,1,0,1,4,2,2,2,0,3,2,3,1,0,3,2,2,1,1,1,6,4,4,5,1,1,4,2,1,0,1,0,1,5,2,3,1,3,0,3,1
T2D_donor_02_cell_004,demo,T2D_donor_02,T2D,beta,3,8,9,8,8,5,11,6,13,7,7,5,4,5,9,6,10,7,5,7,4,2,3,5,4,5,4,0,3,1,0,3,1,3,2,0,1,3,5,3,0,1,4,2,0,6,1,0,1,1,4,1,2,1,1,1,1,2,1,2,8,1,2,1,3,3,3,2,3,1,2,1,1,1,0,2,0,1,1,2,0,1,1,0,2,2,0,0,0,2,3,0,1,3,2,1,0,4,2,0,0,0,0,2,3,1
T2D_donor_02_cell_005,demo,T2D_donor_02,T2D,beta,9,4,15,12,7,8,7,6,11,7,4,4,7,7,2,8,3,7,7,7,6,6,2,2,5,6,5,2,7,3,3,3,0,1,3,3,2,0,2,2,4,0,1,1,3,3,4,1,3,2,0,2,0,4,3,1,1,4,2,3,2,2,2,0,0,1,0,2,0,4,2,0,3,3,4,4,1,0,4,3,4,2,2,0,2,2,1,1,1,1,1,3,1,1,1,3,0,0,2,2,1,1,1,3,2,1
T2D_donor_02_cell_006,demo,T2D_donor_02,T2D,beta,15,9,6,8,5,3,6,7,12,7,16,10,3,5,7,6,8,10,6,3,7,7,5,7,5,1,3,2,1,0,0,4,0,4,1,2,2,3,1,3,4,1,2,1,1,3,3,3,3,3,4,0,1,0,0,1,1,2,4,1,4,0,2,5,1,1,1,0,0,0,0,3,0,3,5,1,4,1,1,1,0,3,4,0,2,4,2,1,2,2,2,2,3,1,1,1,0,2,1,1,7,0,0,0,2,6
T2D_donor_02_cell_007,demo,T2D_donor_02,T2D,beta,19,14,7,16,16,15,17,15,15,19,4,2,1,2,3,4,6,2,3,2,5,9,8,8,4,6,4,0,0,2,3,5,2,1,2,3,3,0,2,3,1,2,0,1,2,5,2,5,1,2,2,2,0,2,0,2,0,0,4,2,2,0,2,2,1,1,1,1,0,1,2,3,1,2,2,3,5,2,1,1,0,2,0,2,1,1,2,1,2,1,1,2,2,3,2,1,0,3,3,0,0,3,0,1,1,0
T2D_donor_02_cell_008,demo,T2D_donor_02,T2D,beta,8,6,12,7,10,10,7,10,8,12,10,10,7,6,9,2,9,6,2,6,1,3,5,4,2,3,1,1,0,0,2,1,1,0,1,0,5,1,2,5,0,0,1,2,3,2,1,3,2,1,4,1,0,0,1,0,1,0,0,4,1,2,1,2,1,0,2,1,2,2,3,2,1,6,3,3,2,2,1,2,0,0,1,1,0,3,0,1,0,0,4,2,0,1,0,5,1,1,1,4,1,0,2,3,4,1
T2D_donor_02_cell_009,demo,T2D_donor_02,T2D,beta,8,14,14,7,8,8,8,10,7,8,6,5,8,6,7,9,5,4,6,4,3,7,3,8,9,5,1,0,2,0,0,2,1,1,1,1,5,1,4,1,4,2,1,3,2,0,2,3,1,1,2,0,3,3,2,3,1,1,2,5,2,2,1,3,1,0,1,1,0,2,1,0,2,2,2,2,2,2,0,0,2,2,0,3,3,2,4,2,4,0,2,3,0,0,2,1,3,4,6,0,0,3,0,1,1,3
T2D_donor_02_cell_010,demo,T2D_donor_02,T2D,beta,8,6,9,8,6,7,5,8,5,13,11,8,11,9,2,8,9,3,7,7,3,6,4,5,6,2,3,0,2,3,1,0,4,1,4,1,2,1,2,2,0,2,0,4,2,0,4,2,0,1,1,3,2,3,3,1,2,4,1,1,2,1,1,1,2,2,1,2,3,2,3,3,3,1,0,2,3,1,3,0,1,3,2,0,1,0,2,0,1,2,0,2,3,3,0,3,1,0,4,2,2,4,1,3,1,2
T2D_donor_02_cell_011,demo,T2D_donor_02,T2D,beta,10,14,16,8,15,13,7,12,15,15,2,4,4,8,5,3,4,2,3,5,7,8,3,3,4,5,0,0,1,4,2,3,1,1,1,3,0,1,3,3,3,2,1,1,2,1,0,0,3,0,2,1,1,2,1,3,2,0,3,2,5,1,1,2,3,0,2,1,0,1,1,1,5,5,3,0,1,4,2,1,1,0,1,4,1,2,2,0,3,3,0,1,1,1,2,2,4,2,6,2,0,2,0,2,6,3
T2D_donor_02_cell_012,demo,T2D_donor_02,T2D,beta,5,11,8,10,4,10,5,9,13,7,10,11,10,5,7,11,8,8,5,6,5,4,5,11,5,3,3,0,2,1,1,3,2,0,3,2,0,1,2,0,4,0,3,2,3,4,4,0,2,2,2,1,3,2,2,0,2,3,1,3,5,3,1,1,3,3,4,2,2,1,1,0,1,1,2,2,3,3,1,1,4,2,5,1,3,1,0,0,2,0,1,2,1,2,0,1,2,1,1,3,2,3,0,1,1,4
T2D_donor_02_cell_013,demo,T2D_donor_02,T2D,beta,2,2,4,5,5,6,3,5,5,5,17,24,18,17,14,25,15,15,21,14,2,4,6,3,4,2,1,0,4,2,0,1,5,3,2,2,1,0,0,2,0,4,1,1,2,1,0,0,3,3,0,0,3,2,6,2,1,1,1,1,2,1,3,1,3,2,3,4,0,1,2,3,3,2,2,0,7,2,0,1,5,3,1,5,1,4,0,5,1,1,4,2,1,0,2,1,0,4,3,4,1,2,0,1,2,0
T2D_donor_02_cell_014,demo,T2D_donor_02,T2D,beta,19,15,18,12,17,12,15,10,24,16,9,4,3,5,3,2,4,2,3,3,5,7,4,2,4,5,1,1,2,0,3,0,0,3,1,2,2,2,2,1,3,2,3,1,5,0,1,1,5,1,0,3,0,1,1,0,0,3,3,0,1,1,2,3,0,0,1,1,2,0,2,2,1,2,0,0,1,1,3,0,9,3,2,4,0,1,2,4,2,1,2,1,4,1,1,1,1,0,1,3,3,2,1,3,1,0
T2D_donor_02_cell_015,demo,T2D_donor_02,T2D,beta,4,3,7,3,9,8,6,3,11,6,13,15,14,16,21,26,33,19,14,16,5,5,9,2,4,2,0,2,3,2,2,7,3,2,1,2,5,3,3,2,2,2,6,1,2,0,2,2,2,4,2,3,1,2,1,0,0,1,1,1,1,3,0,0,4,2,2,1,2,0,0,2,0,0,1,0,1,1,1,3,1,4,0,3,3,3,0,1,3,1,1,2,3,3,0,4,0,2,2,2,0,4,0,4,4,3
T2D_donor_02_cell_016,demo,T2D_donor_02,T2D,beta,7,7,7,5,7,10,6,6,8,11,6,4,8,14,4,12,6,8,5,5,5,6,3,2,3,5,2,0,1,1,0,2,2,5,2,2,0,3,2,5,2,2,4,1,1,8,3,1,4,1,5,0,1,1,1,0,3,1,1,5,0,1,0,3,1,3,1,0,0,0,1,1,4,1,0,2,1,1,3,1,2,1,3,0,3,5,2,2,0,2,3,3,0,2,2,1,1,0,1,0,3,0,1,1,2,2
T2D_donor_02_cell_017,demo,T2D_donor_02,T2D,beta,19,22,23,14,16,22,17,21,17,16,1,1,2,2,1,2,4,4,0,3,13,12,7,1,10,5,3,1,1,2,0,4,4,3,1,1,5,5,3,0,1,0,1,3,1,1,2,1,3,1,0,4,4,2,0,1,2,1,3,4,0,3,3,1,2,0,1,2,1,2,1,4,3,0,3,1,2,3,5,1,0,1,2,2,3,2,1,0,0,1,2,1,1,5,2,2,2,2,2,1,0,1,2,0,2,4
T2D_donor_02_cell_018,demo,T2D_donor_02,T2D,beta,10,2,10,3,4,6,6,4,4,6,6,9,6,5,11,8,5,10,7,14,2,3,5,3,5,4,3,0,1,0,3,5,2,2,1,0,5,1,0,1,2,3,1,0,0,2,1,0,5,1,1,0,3,1,2,5,0,3,2,2,4,1,0,1,0,1,4,5,1,4,1,1,2,3,1,0,4,3,2,2,2,0,1,1,1,3,2,0,3,1,0,1,0,1,2,2,4,5,1,1,1,3,2,3,4,3
T2D_donor_02_cell_019,demo,T2D_donor_02,T2D,beta,13,5,14,9,5,13,16,11,14,11,3,4,7,12,6,10,5,4,7,7,3,4,4,5,2,6,0,3,1,2,2,0,0,3,5,0,3,1,2,0,0,0,1,2,1,3,3,3,1,6,3,1,2,1,4,0,1,2,1,1,0,1,3,0,1,1,2,2,0,1,1,3,0,1,7,1,0,0,6,0,4,0,2,0,0,0,0,2,2,0,0,0,0,3,0,0,1,1,4,0,0,4,0,5,0,1
T2D_donor_02_cell_020,demo,T2D_donor_02,T2D,beta,7,4,7,4,3,5,6,10,5,8,11,13,13,14,20,5,10,11,21,14,2,3,4,2,4,5,1,3,3,2,0,1,4,3,4,1,0,1,1,2,3,1,3,2,2,2,2,3,1,0,0,3,2,3,1,3,3,3,4,1,2,0,2,2,2,1,1,0,1,0,0,0,2,3,2,1,4,1,0,2,1,1,0,2,2,5,2,0,1,5,0,2,6,2,1,3,0,1,3,3,3,2,1,2,1,2
T2D_donor_02_cell_021,demo,T2D_donor_02,T2D,beta,9,6,5,4,7,9,8,8,7,3,6,9,10,10,9,6,10,13,10,10,5,4,4,0,2,2,2,5,1,3,4,1,2,5,0,0,0,1,2,3,1,2,3,1,2,0,1,0,3,0,3,1,1,3,5,3,1,1,2,3,0,1,1,3,2,3,0,1,5,5,0,1,3,0,0,1,0,0,0,1,6,0,0,0,3,0,1,4,2,2,5,0,3,2,4,1,2,3,2,5,3,2,1,3,2,4
T2D_donor_02_cell_022,demo,T2D_donor_02,T2D,beta,6,7,9,4,8,7,5,6,5,3,14,13,7,15,12,5,12,13,7,23,5,2,5,5,3,3,2,2,1,0,2,0,1,0,2,2,0,2,1,0,1,1,0,2,1,0,3,2,3,2,3,4,1,3,1,1,1,1,2,0,0,2,1,2,4,0,5,1,0,0,0,1,2,2,2,0,0,3,2,1,1,2,0,2,0,1,9,0,2,3,5,1,2,2,2,2,4,2,0,0,4,1,2,5,0,1
T2D_donor_02_cell_023,demo,T2D_donor_02,T2D,beta,6,5,5,6,8,6,4,4,4,6,7,12,13,7,4,5,16,6,4,6,2,3,7,6,6,4,2,5,2,2,7,2,0,2,4,5,2,3,1,1,2,1,3,0,0,2,3,2,2,2,0,0,1,2,5,1,3,1,0,2,2,0,0,0,2,2,0,1,0,0,1,3,1,5,2,5,2,4,0,0,2,3,1,1,0,3,1,2,0,2,1,1,2,2,2,3,8,3,1,1,3,4,1,0,1,2
T2D_donor_02_cell_024,demo,T2D_donor_02,T2D,beta,12,13,13,13,13,6,15,19,14,13,6,7,5,3,2,1,5,1,6,6,6,10,11,5,7,1,4,2,2,1,1,3,0,1,5,2,0,1,3,3,2,4,1,2,0,3,1,0,1,0,0,0,2,1,4,0,2,4,6,3,5,3,1,2,4,2,3,3,2,1,0,5,3,0,3,1,1,2,0,0,1,0,1,7,4,0,1,3,0,2,1,1,0,1,2,1,2,6,2,1,1,2,1,3,0,7
T2D_donor_02_cell_025,demo,T2D_donor_02,T2D,beta,4,8,5,5,3,3,5,7,2,5,15,11,12,7,7,10,19,14,14,5,2,1,4,4,2,4,1,0,2,1,4,1,6,0,3,0,1,1,1,2,2,0,0,2,4,0,3,0,2,0,2,0,0,2,1,1,4,3,3,2,3,1,1,1,1,0,1,4,3,2,0,1,0,3,1,2,4,1,1,2,2,1,0,0,1,3,1,0,0,2,1,3,0,2,2,3,2,1,1,0,1,0,1,2,2,1
T2D_donor_02_cell_026,demo,T2D_donor_02,T2D,beta,21,17,18,19,10,12,17,20,20,12,8,1,5,5,1,2,2,3,2,3,2,4,2,5,4,10,2,2,5,2,0,2,2,1,1,1,2,1,1,2,0,1,2,0,1,4,4,4,2,0,2,3,2,4,2,0,0,2,1,2,2,3,2,5,1,2,5,3,2,0,1,4,0,1,2,0,1,2,4,0,4,3,1,1,1,3,5,6,0,2,0,3,2,0,0,2,2,0,0,2,6,2,1,3,4,3
T2D_donor_02_cell_027,demo,T2D_donor_02,T2D,beta,11,15,19,18,26,24,28,17,23,18,4,9,5,4,2,4,3,5,6,3,8,8,5,6,7,6,0,1,2,0,3,0,0,3,0,3,2,3,0,1,3,3,2,4,2,1,0,1,5,0,1,3,4,1,3,3,2,3,1,1,2,0,1,1,1,1,0,2,1,0,1,0,3,3,0,2,0,1,2,1,1,5,6,1,1,2,2,1,3,0,2,2,3,0,1,4,1,0,0,4,3,4,0,1,2,1
T2D_donor_02_cell_028,demo,T2D_donor_02,T2D,beta,9,6,14,7,8,10,7,11,9,4,8,5,3,6,6,10,5,6,5,4,6,3,5,4,5,3,3,3,2,5,1,1,3,0,3,2,0,1,0,4,1,4,2,1,0,0,1,1,1,2,1,0,2,1,4,2,3,7,2,1,0,4,1,2,2,0,1,2,0,0,4,2,1,3,2,0,2,1,0,0,1,2,2,1,3,1,1,1,0,4,6,2,1,0,4,3,1,1,3,3,2,1,0,4,0,6
T2D_donor_02_cell_029,demo,T2D_donor_02,T2D,beta,8,7,6,10,9,6,12,8,7,3,14,16,12,9,6,6,7,6,10,8,1,5,2,7,6,4,3,4,0,1,2,0,6,1,2,0,0,6,2,1,0,2,2,3,2,1,2,0,2,3,2,5,1,0,1,1,3,0,1,1,0,2,1,1,1,1,4,1,1,1,2,0,3,2,2,1,1,2,2,2,2,1,1,2,0,0,3,3,1,1,2,9,3,2,2,1,2,3,4,2,2,2,0,1,2,1
T2D_donor_02_cell_030,demo,T2D_donor_02,T2D,beta,8,7,7,10,4,6,6,6,4,2,13,13,13,12,12,13,14,16,13,15,2,7,1,4,5,3,1,3,0,2,2,1,0,4,0,0,1,2,1,2,2,3,2,3,1,1,1,1,1,0,0,1,0,2,1,4,0,1,1,0,3,3,0,2,3,0,0,4,0,4,0,2,4,2,1,0,1,2,0,5,3,4,3,2,0,2,2,1,3,1,0,1,1,2,2,0,1,3,1,1,1,2,2,2,0,0
T2D_donor_02_cell_031,demo,T2D_donor_02,T2D,beta,3,3,3,7,7,3,2,2,4,2,11,25,20,20,21,6,12,15,19,17,5,6,2,8,1,3,3,0,1,1,1,1,3,1,0,1,2,4,3,3,0,3,1,1,0,1,2,3,2,0,1,2,2,0,3,5,1,3,1,1,1,1,1,2,2,3,1,0,4,0,1,2,1,3,7,1,1,0,0,4,3,2,1,0,3,0,0,2,1,1,5,1,0,1,4,0,6,1,5,3,0,4,6,2,1,0
T2D_donor_02_cell_032,demo,T2D_donor_02,T2D,beta,7,8,5,13,4,9,10,10,13,5,4,4,11,5,2,6,5,7,12,2,3,5,1,6,4,5,2,1,3,1,2,0,1,2,6,1,1,1,2,5,1,2,2,2,0,3,4,0,1,2,3,2,0,2,1,0,1,0,3,0,3,2,1,0,3,2,0,2,1,0,1,1,0,2,0,1,0,1,2,0,1,3,4,1,1,1,2,0,7,4,1,3,0,2,1,3,0,1,2,0,2,3,1,3,1,3
T2D_donor_02_cell_033,demo,T2D_donor_02,T2D,beta,6,7,5,5,7,7,4,3,8,5,11,7,5,10,4,6,9,9,7,5,7,3,6,5,7,4,1,0,0,2,1,0,5,1,3,0,1,4,2,2,0,1,2,1,2,1,0,2,0,3,3,6,0,4,5,1,4,1,1,3,1,3,1,1,3,3,1,3,3,1,1,0,7,2,2,0,0,3,1,2,2,3,3,5,4,1,1,2,1,1,3,3,1,1,1,2,0,2,3,4,1,1,3,1,0,0
T2D_donor_02_cell_034,demo,T2D_donor_02,T2D,beta,4,6,15,6,9,9,10,3,7,11,7,3,8,6,6,5,6,9,4,10,4,8,4,7,4,4,1,2,3,1,3,1,0,1,1,2,2,1,1,1,0,2,0,3,2,4,1,0,2,0,7,3,0,5,0,1,1,2,2,0,1,0,3,3,3,4,4,4,2,1,0,2,4,1,1,3,1,3,1,1,1,1,4,3,1,1,4,1,1,1,1,4,4,1,4,0,3,1,3,5,1,5,0,1,1,6
T2D_donor_02_cell_035,demo,T2D_donor_02,T2D,beta,10,8,11,7,7,3,5,13,4,8,7,13,12,1,11,5,3,5,7,7,5,1,3,7,3,6,5,2,2,0,0,1,1,2,1,2,3,1,1,7,0,2,4,3,0,3,2,0,4,0,0,2,1,2,0,1,1,1,0,0,1,0,3,1,3,1,0,1,3,3,6,1,2,1,3,0,3,1,0,0,2,1,2,0,1,2,1,2,2,5,3,0,1,1,3,0,1,6,4,1,2,1,3,0,0,1
T2D_donor_02_cell_036,demo,T2D_donor_02,T2D,beta,7,11,14,8,8,8,9,9,7,14,9,5,9,9,5,4,3,4,5,9,3,3,9,7,4,8,2,0,2,3,5,4,1,1,2,0,2,2,0,2,1,2,1,2,3,2,4,1,2,2,2,0,0,1,1,1,2,2,1,1,0,3,1,1,1,0,2,3,2,0,2,3,3,1,0,1,3,1,3,2,0,2,2,2,0,3,4,2,0,1,5,1,3,0,0,4,3,2,3,2,1,0,1,4,3,2
T2D_donor_02_cell_037,demo,T2D_donor_02,T2D,beta,11,10,4,7,10,13,7,8,6,12,6,6,7,14,6,4,6,11,2,10,1,6,6,2,7,5,1,1,3,1,4,0,0,4,1,0,1,2,0,0,0,4,2,2,7,0,0,1,2,0,3,1,2,2,0,3,3,3,3,2,1,2,4,1,1,0,2,2,4,1,0,0,1,0,3,0,2,2,1,1,3,2,4,0,1,1,2,4,0,3,0,2,3,2,2,2,3,2,0,0,3,2,2,1,0,4
T2D_donor_02_cell_038,demo,T2D_donor_02,T2D,beta,9,11,16,17,15,7,10,13,14,21,3,6,6,5,5,6,4,9,4,11,3,3,3,3,1,2,0,1,3,1,3,4,3,2,3,2,0,1,0,1,3,2,3,0,0,2,2,2,0,3,0,2,4,2,1,2,2,3,0,2,1,2,2,0,0,2,4,1,1,3,3,1,1,1,3,1,2,2,6,2,1,2,1,1,2,2,3,5,3,0,0,0,4,1,2,1,3,3,2,1,3,0,0,1,5,6
T2D_donor_02_cell_039,demo,T2D_donor_02,T2D,beta,6,4,8,6,10,8,4,2,6,3,8,12,11,9,7,8,11,12,7,3,7,7,3,2,4,4,4,4,2,5,4,1,2,0,3,0,4,0,2,0,2,3,1,0,1,2,2,1,1,1,1,2,3,1,1,3,1,0,5,2,0,2,0,1,0,1,0,0,1,0,1,1,4,0,5,5,1,1,2,2,0,1,2,0,2,2,4,1,0,1,2,0,2,1,0,0,0,5,1,6,4,1,2,1,1,3
T2D_donor_02_cell_040,demo,T2D_donor_02,T2D,beta,12,8,7,9,6,5,8,4,7,9,8,8,18,13,13,12,13,11,7,10,5,4,4,3,8,4,1,1,1,1,2,0,1,2,4,1,1,0,1,0,2,1,1,2,2,3,0,1,2,1,1,2,3,5,0,0,0,1,1,0,4,7,6,2,1,3,1,1,1,0,1,2,2,3,0,0,3,1,2,0,0,0,2,1,4,2,3,2,2,3,2,0,4,3,3,0,2,0,4,4,1,0,1,1,2,2
T2D_donor_02_cell_041,demo,T2D_donor_02,T2D,beta,15,21,15,16,12,12,17,12,9,10,4,4,5,8,4,6,4,4,6,3,6,8,5,1,2,5,0,0,1,3,1,2,2,0,3,0,3,2,0,1,4,3,0,3,1,3,4,2,2,1,4,1,5,3,4,1,2,1,8,1,1,1,3,2,1,4,0,1,2,1,0,2,0,0,2,3,2,0,3,1,2,2,0,3,2,1,0,2,4,5,0,0,1,0,0,0,1,1,1,4,2,1,3,1,1,1
T2D_donor_02_cell_042,demo,T2D_donor_02,T2D,beta,11,20,11,22,14,13,20,15,16,14,4,7,5,4,2,7,3,2,4,2,6,10,3,2,5,10,2,1,1,0,0,2,1,0,2,1,1,3,2,0,3,1,5,4,3,1,2,1,1,2,3,1,1,0,4,3,0,1,1,0,1,0,3,2,1,4,0,4,0,6,3,0,2,0,1,1,0,2,1,2,3,1,3,5,0,1,4,1,3,1,0,0,1,0,1,2,5,2,1,5,2,1,4,2,2,0
T2D_donor_02_cell_043,demo,T2D_donor_02,T2D,beta,10,7,13,12,13,13,14,9,10,14,7,5,2,3,2,4,7,6,2,3,3,2,6,6,9,8,0,0,3,4,3,3,0,2,0,0,0,0,1,3,2,3,1,1,3,0,1,0,0,0,1,0,6,0,2,2,0,1,2,3,1,1,0,2,2,0,5,3,4,5,0,0,0,1,2,6,2,0,4,1,0,1,1,1,4,0,1,0,1,2,0,1,3,4,0,2,1,1,0,1,0,0,0,0,1,2
T2D_donor_02_cell_044,demo,T2D_donor_02,T2D,beta,8,6,9,12,7,6,10,5,5,6,6,4,11,12,12,10,13,7,5,13,4,2,1,1,4,3,0,0,0,0,1,3,7,1,0,2,7,2,2,1,5,3,3,3,6,0,1,1,0,3,2,1,1,3,1,4,0,2,1,2,0,1,1,7,2,1,1,0,3,1,0,1,3,0,1,3,1,1,0,0,2,2,0,1,0,3,0,1,0,1,5,0,3,1,1,3,3,1,0,1,2,2,1,1,3,1
T2D_donor_02_cell_045,demo,T2D_donor_02,T2D,beta,13,11,10,7,12,9,8,7,6,11,4,4,7,7,0,6,3,5,3,4,0,7,2,6,2,3,1,5,4,2,1,4,1,2,1,1,0,3,0,1,2,0,0,3,0,1,2,6,0,3,0,3,3,0,0,1,0,2,0,3,5,0,0,3,2,0,1,1,2,0,1,1,4,0,1,2,1,2,4,1,6,3,4,2,0,2,4,3,3,1,3,0,0,2,3,5,5,2,1,3,2,1,1,1,0,3
T2D_donor_02_cell_046,demo,T2D_donor_02,T2D,beta,8,15,13,18,12,16,11,14,16,15,6,3,8,2,3,1,7,1,1,4,6,4,5,6,6,4,4,1,1,2,5,0,3,3,2,6,0,4,2,2,1,0,1,0,3,3,2,2,0,1,4,0,1,0,1,1,1,0,3,2,3,1,2,2,2,1,0,4,2,7,0,2,0,7,4,2,4,2,3,4,0,1,2,0,2,0,1,2,1,2,0,2,3,0,3,0,4,0,2,1,2,0,2,1,3,2
T2D_donor_02_cell_047,demo,T2D_donor_02,T2D,beta,3,11,13,8,10,4,4,5,6,2,11,12,14,8,6,12,2,7,13,13,3,4,3,2,7,4,1,1,2,1,1,3,1,1,1,2,1,1,1,5,4,1,0,2,1,4,4,1,1,1,0,2,3,2,5,1,0,2,3,1,2,0,2,0,1,2,0,3,6,1,0,0,1,3,2,1,2,3,3,2,0,0,1,1,3,1,3,1,4,0,0,1,1,0,2,1,3,2,0,4,1,3,3,3,2,1
T2D_donor_02_cell_048,demo,T2D_donor_02,T2D,beta,5,5,7,5,3,5,8,5,5,5,20,15,22,14,14,18,17,20,27,18,4,4,0,2,3,2,4,4,5,1,0,1,5,0,1,3,5,1,1,3,1,0,3,0,1,3,0,6,3,2,4,0,1,1,0,3,1,2,1,2,3,3,2,1,2,1,1,1,2,2,0,3,0,1,2,1,3,1,1,1,2,4,0,1,1,0,1,3,4,0,1,2,2,2,2,0,1,1,0,1,1,1,1,2,2,0
T2D_donor_02_cell_049,demo,T2D_donor_02,T2D,beta,9,18,13,20,17,7,15,19,19,13,5,1,5,4,1,5,3,3,2,1,7,5,3,5,4,1,5,3,1,0,1,5,0,2,4,0,1,6,1,0,0,2,2,0,5,1,3,1,1,0,3,6,2,1,3,5,3,2,2,1,5,1,4,0,5,1,1,2,0,1,2,0,1,1,1,2,1,3,0,4,2,2,0,1,2,1,1,1,1,1,4,2,0,0,0,1,1,1,2,1,1,2,1,2,2,1
T2D_donor_02_cell_050,demo,T2D_donor_02,T2D,beta,15,11,10,21,12,10,11,11,12,19,2,6,1,4,7,4,3,1,2,0,3,6,2,7,8,5,1,3,3,0,2,1,2,1,0,0,4,3,3,1,2,1,1,4,0,5,0,2,2,0,1,2,0,1,2,0,2,0,3,1,0,5,1,2,0,2,1,4,3,3,2,4,1,0,1,1,1,1,2,3,1,0,0,3,1,0,1,1,1,0,1,1,0,3,4,2,4,4,1,1,2,0,0,5,1,0
T2D_donor_02_cell_051,demo,T2D_donor_02,T2D,beta,8,12,4,9,6,12,2,10,6,8,12,5,7,6,11,7,5,12,5,5,3,4,2,2,3,7,3,0,0,1,0,4,0,1,2,6,1,2,2,1,1,2,1,1,3,0,0,2,1,0,1,0,0,0,0,0,1,3,5,2,1,1,0,2,3,1,1,0,2,0,2,1,2,0,3,2,1,3,3,2,0,2,2,2,2,1,1,0,3,1,1,1,0,2,1,0,0,5,3,3,2,0,1,0,0,3
T2D_donor_02_cell_052,demo,T2D_donor_02,T2D,beta,8,5,4,8,9,10,8,11,5,5,10,4,7,6,4,3,9,8,5,7,3,2,4,1,6,6,2,2,4,2,3,0,1,0,3,2,0,2,1,3,0,0,2,2,1,2,1,4,3,0,2,0,2,6,0,0,1,3,1,5,1,0,4,2,0,0,4,0,2,3,4,1,1,2,1,3,3,2,5,1,2,0,3,0,1,4,1,2,2,3,2,6,1,3,0,0,1,0,1,2,0,0,1,2,0,5
T2D_donor_02_cell_053,demo,T2D_donor_02,T2D,beta,27,28,33,23,35,37,43,27,32,37,0,0,2,1,1,0,1,0,0,2,11,5,9,8,12,7,1,3,0,0,2,2,1,5,0,0,3,1,2,0,3,1,2,1,1,0,1,2,1,2,0,1,2,4,3,4,2,0,0,1,1,0,2,0,2,0,3,1,1,8,2,3,1,3,1,3,2,2,1,1,0,0,1,5,2,1,0,0,3,2,0,0,5,1,3,0,1,3,0,0,1,0,3,1,1,2
T2D_donor_02_cell_054,demo,T2D_donor_02,T2D,beta,11,5,7,9,8,7,7,10,10,8,5,8,4,8,8,4,9,5,5,7,3,3,3,6,0,0,5,5,2,1,0,0,3,2,4,0,1,1,0,2,1,0,1,2,0,1,1,3,4,1,1,1,3,0,3,2,5,1,0,6,5,1,0,2,4,0,1,0,0,1,3,0,0,0,4,1,1,1,3,2,0,2,1,1,1,1,1,2,2,1,3,3,1,4,3,2,1,0,8,1,3,0,3,2,0,3
T2D_donor_02_cell_055,demo,T2D_donor_02,T2D,beta,22,13,11,15,15,17,19,22,19,12,1,2,5,4,2,3,7,1,3,3,4,12,10,4,10,3,2,1,4,5,1,1,1,3,1,1,1,0,3,0,5,1,2,3,1,6,1,0,1,0,1,1,0,3,0,0,6,1,2,1,3,1,8,2,1,0,2,2,0,1,4,2,2,2,2,3,1,0,2,2,4,0,1,0,3,1,0,1,3,2,2,4,0,2,4,2,4,0,2,1,0,6,2,3,0,5
T2D_donor_02_cell_056,demo,T2D_donor_02,T2D,beta,4,5,7,8,7,3,9,8,5,3,12,12,8,13,7,6,8,8,9,12,2,6,2,8,3,1,2,3,1,3,0,3,0,0,1,0,1,0,5,1,2,4,2,2,4,1,1,1,1,1,2,0,2,3,2,0,1,1,6,0,2,0,3,1,3,5,5,6,0,1,3,3,2,2,1,2,1,0,4,3,4,2,0,1,3,3,4,4,2,0,4,0,6,1,2,0,0,2,1,2,2,0,0,3,2,3
T2D_donor_02_cell_057,demo,T2D_donor_02,T2D,beta,2,3,3,2,4,4,5,5,5,2,20,8,18,17,9,16,19,21,19,21,1,4,1,1,6,3,2,3,2,0,1,1,1,0,1,0,3,2,0,2,1,2,1,0,3,2,3,1,1,2,1,1,1,3,0,2,2,3,2,3,0,2,4,1,2,3,2,3,1,2,0,3,0,2,2,2,5,4,0,3,1,0,3,2,2,3,0,1,4,2,1,7,0,3,0,0,0,1,7,1,7,0,5,1,2,2
T2D_donor_02_cell_058,demo,T2D_donor_02,T2D,beta,10,12,8,18,16,13,10,12,18,11,5,5,4,2,3,2,7,1,3,5,8,7,5,15,2,6,5,3,2,3,1,2,3,4,5,6,1,3,5,3,5,0,1,2,0,2,1,7,1,0,3,1,1,1,3,2,1,2,2,1,2,0,0,2,0,0,4,6,1,2,3,0,0,2,2,0,2,0,0,1,0,2,1,0,1,1,1,5,5,3,2,3,2,2,3,5,2,1,3,3,0,3,1,3,2,3
T2D_donor_02_cell_059,demo,T2D_donor_02,T2D,beta,28,27,25,25,29,33,24,28,27,26,0,4,0,2,1,4,1,1,2,3,5,7,6,9,5,4,0,2,4,3,1,2,1,4,1,3,2,3,2,3,0,0,1,1,1,2,3,3,1,0,1,0,2,2,4,1,0,5,3,2,3,2,2,2,6,1,1,3,1,4,2,4,6,0,0,1,0,1,3,1,1,0,0,3,0,1,2,1,3,1,1,4,2,2,3,3,2,0,3,1,1,0,0,3,1,1
T2D_donor_02_cell_060,demo,T2D_donor_02,T2D,beta,15,14,16,16,17,12,15,17,13,21,3,5,2,1,2,5,5,3,2,7,7,9,9,7,8,5,1,3,1,0,2,1,3,1,2,0,2,0,3,2,0,2,0,3,2,1,2,0,1,3,1,2,2,3,2,2,0,1,2,0,5,4,0,2,1,0,2,2,2,1,0,1,2,2,3,2,2,1,3,3,2,1,1,0,2,0,3,3,1,0,3,3,4,2,2,0,2,3,2,1,2,0,1,0,2,0
T2D_donor_02_cell_061,demo,T2D_donor_02,T2D,beta,3,3,5,7,4,5,7,7,4,8,8,10,9,10,13,9,18,9,22,14,5,7,1,4,2,4,0,3,1,4,3,1,1,4,1,0,1,2,2,3,1,0,3,2,1,1,1,1,0,4,2,0,1,1,6,1,1,1,1,1,0,2,2,1,1,3,2,2,3,3,1,3,2,3,0,3,3,0,0,1,0,3,1,3,1,1,1,7,0,1,2,2,6,4,2,1,4,1,1,1,2,3,2,1,1,1
T2D_donor_02_cell_062,demo,T2D_donor_02,T2D,beta,8,7,18,8,16,16,14,9,19,9,3,5,7,3,1,2,2,1,2,3,4,4,6,5,0,3,2,0,3,0,3,3,2,1,6,1,1,1,0,0,0,2,3,2,1,6,1,0,3,1,0,1,1,6,0,0,1,2,2,4,1,1,1,3,1,0,2,1,0,3,2,1,0,1,1,0,1,1,0,3,2,0,0,2,1,2,3,1,4,3,1,0,1,2,3,4,3,3,1,4,3,2,0,1,2,2
T2D_donor_02_cell_063,demo,T2D_donor_02,T2D,beta,11,4,8,4,9,8,2,4,10,7,8,6,9,12,12,7,7,11,6,6,3,7,2,7,2,1,1,2,3,1,0,1,5,1,2,0,1,2,1,2,2,3,3,3,6,3,2,4,0,1,2,3,0,2,0,2,1,0,2,4,0,2,5,0,1,1,2,5,0,3,0,3,4,3,6,4,1,3,0,1,0,6,4,1,0,2,3,0,5,2,2,0,3,0,3,0,3,1,3,1,1,5,2,0,1,2
T2D_donor_02_cell_064,demo,T2D_donor_02,T2D,beta,21,12,17,25,27,22,23,19,20,12,7,4,5,4,4,5,6,5,4,2,5,5,8,8,8,2,1,0,2,3,0,1,3,4,1,1,2,3,0,2,2,0,2,0,1,0,3,2,3,0,3,2,5,0,2,2,2,2,1,3,1,0,1,3,1,1,0,0,5,5,3,1,0,3,1,0,2,1,0,0,3,4,1,1,1,4,3,1,2,2,7,1,3,3,1,1,1,0,3,5,2,0,2,2,4,0
T2D_donor_02_cell_065,demo,T2D_donor_02,T2D,beta,15,13,15,20,16,16,15,22,13,17,2,3,2,4,6,1,5,2,1,2,4,9,6,0,10,6,1,4,3,3,1,2,0,4,6,2,1,4,2,0,3,1,1,1,1,5,2,3,3,1,0,1,1,0,0,0,2,0,1,4,4,1,4,3,0,1,1,2,3,0,1,3,0,2,1,0,2,0,0,0,2,9,0,1,2,1,2,1,3,1,2,3,3,3,0,1,4,1,5,2,0,0,0,2,6,1
T2D_donor_02_cell_066,demo,T2D_donor_02,T2D,beta,7,14,7,10,21,10,16,16,11,12,7,4,3,5,5,9,7,8,5,5,3,8,8,5,4,2,0,0,2,1,0,3,7,2,2,0,1,0,0,0,4,1,5,2,6,2,0,4,1,3,1,1,2,1,0,0,1,3,2,3,4,0,1,4,4,1,2,2,3,2,2,0,1,1,3,1,2,2,1,1,2,4,3,3,1,3,1,1,0,5,0,1,2,3,1,0,3,1,3,1,1,3,1,2,1,0
T2D_donor_02_cell_067,demo,T2D_donor_02,T2D,beta,13,14,17,17,17,18,20,22,20,15,1,2,1,2,3,5,3,7,4,2,7,3,7,7,6,3,1,1,2,2,1,0,2,2,1,2,4,2,0,3,1,2,2,0,0,5,0,0,2,3,1,1,1,1,2,0,2,0,1,2,1,4,1,0,4,0,2,3,3,3,1,3,1,0,4,2,2,0,3,1,2,1,0,0,2,1,0,1,3,3,0,1,4,2,1,0,3,5,0,2,3,2,0,0,1,0
T2D_donor_02_cell_068,demo,T2D_donor_02,T2D,beta,7,7,3,7,7,5,8,6,9,7,6,14,14,7,9,8,12,8,14,10,6,3,3,3,2,3,4,4,3,1,3,0,3,3,1,3,0,2,3,1,5,0,3,3,0,1,3,0,0,0,3,0,3,2,0,1,1,7,1,3,3,3,3,3,2,0,4,1,2,5,0,0,1,1,0,2,4,0,0,0,1,2,0,3,0,2,1,2,3,2,2,2,2,3,0,1,1,1,1,1,1,1,1,1,0,4
T2D_donor_02_cell_069,demo,T2D_donor_02,T2D,beta,27,19,27,21,30,15,20,18,22,21,3,3,6,2,2,1,1,6,3,2,3,2,8,6,6,6,0,2,3,1,1,2,4,1,1,1,0,2,3,1,2,2,1,0,0,1,3,1,1,0,5,0,5,1,4,1,2,3,2,1,4,2,4,3,0,1,2,4,0,2,2,3,2,4,2,0,3,2,4,1,3,0,1,2,2,0,3,2,3,3,6,1,0,1,0,2,3,0,0,3,0,1,1,0,1,6
T2D_donor_02_cell_070,demo,T2D_donor_02,T2D,beta,7,13,11,11,15,12,15,8,11,13,2,1,5,7,5,4,3,2,6,4,3,7,3,5,8,4,1,3,3,1,3,2,1,1,5,3,0,1,4,2,1,2,3,1,3,4,1,4,1,1,0,2,3,2,2,4,1,1,3,2,1,3,1,1,3,1,3,0,3,6,1,1,1,4,0,2,0,4,6,1,2,2,0,6,5,2,1,1,0,3,0,2,1,0,1,1,1,1,4,2,2,1,3,5,3,1
T2D_donor_02_cell_071,demo,T2D_donor_02,T2D,beta,6,8,7,7,3,11,8,9,4,12,4,6,3,2,7,6,7,16,8,7,7,7,6,6,3,2,3,0,0,1,1,0,4,1,0,4,2,1,1,1,1,2,0,3,1,1,0,2,0,4,1,3,0,5,4,3,1,0,5,0,0,0,3,1,0,2,1,3,3,2,5,3,3,0,1,0,1,6,2,2,0,0,2,6,3,2,1,2,3,4,0,2,1,2,0,2,5,3,1,2,3,3,1,3,0,1
T2D_donor_02_cell_072,demo,T2D_donor_02,T2D,beta,18,13,18,18,14,14,5,20,19,18,4,1,3,5,3,0,3,6,3,6,4,5,8,10,8,5,2,1,3,2,1,1,2,0,1,0,1,0,2,4,4,2,0,2,2,0,2,2,4,2,1,1,1,1,1,4,0,0,3,3,2,2,0,3,0,2,2,1,4,3,2,0,2,1,1,2,2,2,1,2,5,2,2,2,0,0,2,1,0,1,3,2,3,5,5,0,1,2,1,0,2,1,1,3,2,1
T2D_donor_02_cell_073,demo,T2D_donor_02,T2D,beta,20,33,33,18,36,24,24,22,29,24,0,5,2,1,2,0,1,2,2,1,10,5,7,3,7,8,1,2,0,0,1,1,2,3,0,3,4,1,0,1,4,2,4,3,0,1,0,2,0,0,1,1,2,1,1,0,0,1,0,1,2,1,1,1,3,4,0,1,1,3,2,0,2,2,1,2,2,2,3,1,2,1,1,5,1,0,2,0,4,2,2,2,0,1,3,5,3,0,4,4,0,0,3,4,1,4
T2D_donor_02_cell_074,demo,T2D_donor_02,T2D,beta,8,7,5,7,4,10,2,5,6,7,16,10,12,11,10,17,9,10,9,16,1,2,4,0,4,6,0,0,2,0,1,3,3,2,1,2,0,3,4,1,1,2,1,0,6,1,0,3,2,0,2,0,1,2,2,2,1,2,4,0,5,2,4,4,3,0,0,1,4,1,1,2,3,1,3,8,1,2,2,1,2,1,1,3,2,0,2,3,1,1,2,2,1,2,1,1,3,1,1,4,5,3,1,4,0,1
T2D_donor_02_cell_075,demo,T2D_donor_02,T2D,beta,14,12,18,10,19,19,20,20,19,11,8,0,0,3,3,1,3,3,8,0,4,5,4,5,1,3,1,0,2,1,0,2,0,1,1,3,1,0,0,0,2,1,3,0,3,3,3,0,2,3,3,2,0,5,4,0,2,0,2,4,2,2,3,2,0,5,0,0,1,2,0,1,4,2,2,4,0,1,4,1,4,5,4,3,1,3,1,2,0,1,2,0,0,1,1,4,1,1,3,2,0,1,2,0,2,2
T2D_donor_02_cell_076,demo,T2D_donor_02,T2D,beta,21,19,13,13,22,11,19,14,17,12,2,2,4,3,2,2,2,4,1,3,7,10,5,3,6,6,0,2,2,2,3,2,1,0,2,0,0,3,0,2,2,0,2,1,2,0,3,0,5,0,1,3,2,1,3,1,5,1,2,1,1,2,1,1,2,1,0,1,2,3,0,2,4,0,2,0,3,2,0,1,5,4,0,0,1,1,1,0,0,0,3,3,1,1,1,3,0,3,0,1,0,2,3,2,0,1
T2D_donor_02_cell_077,demo,T2D_donor_02,T2D,beta,6,2,6,8,4,7,5,3,8,9,18,15,12,17,14,23,20,26,20,8,0,2,2,2,5,5,5,0,1,4,1,4,2,2,2,1,3,3,0,1,0,2,4,3,1,1,3,2,1,2,2,2,1,2,1,1,2,2,1,2,2,2,1,4,6,1,0,3,2,2,0,1,1,2,2,2,2,2,0,1,0,3,2,1,1,5,2,1,2,1,0,5,6,0,3,0,1,5,1,1,1,3,0,0,1,4
T2D_donor_02_cell_078,demo,T2D_donor_02,T2D,beta,19,13,22,22,12,14,16,25,11,19,6,1,5,3,5,4,2,1,5,2,4,4,7,7,5,4,2,2,1,1,6,2,1,1,1,1,1,1,0,5,1,3,0,3,2,0,3,1,1,1,0,0,1,1,1,2,2,1,1,2,4,1,2,4,0,2,3,1,4,4,1,2,2,2,0,1,2,0,0,3,0,1,2,5,5,2,5,2,3,3,4,2,2,1,1,2,1,2,0,3,0,0,2,1,1,3
T2D_donor_02_cell_079,demo,T2D_donor_02,T2D,beta,9,10,19,14,3,13,10,12,8,13,11,7,4,4,10,7,5,5,5,2,3,3,6,4,4,4,3,2,3,1,1,2,1,0,5,1,2,3,0,0,3,3,2,0,1,1,3,2,3,2,3,2,1,0,1,0,0,1,2,1,3,2,2,4,3,0,1,0,0,3,6,0,1,1,2,1,0,0,1,0,1,2,2,0,2,0,0,1,3,7,1,2,4,1,1,1,2,1,3,1,3,2,2,1,2,1
T2D_donor_02_cell_080,demo,T2D_donor_02,T2D,beta,10,10,4,7,5,5,12,7,8,4,7,7,6,11,6,9,5,7,5,8,4,9,4,3,4,3,1,1,5,0,1,2,0,2,1,3,5,1,0,2,3,2,0,1,2,2,1,3,3,1,4,4,0,1,2,2,0,0,3,0,3,4,1,1,2,1,2,1,0,2,1,4,2,0,0,0,1,4,3,2,0,1,0,3,2,1,0,4,1,3,3,1,2,1,6,1,3,1,3,2,5,4,5,3,4,1
T2D_donor_02_cell_081,demo,T2D_donor_02,T2D,beta,25,29,28,29,24,28,29,35,38,35,1,2,2,2,1,1,1,3,0,1,2,1,4,6,10,6,3,2,6,1,0,1,0,1,1,5,1,1,1,2,1,1,2,1,2,0,1,6,1,3,1,0,2,0,5,0,2,7,0,4,2,2,3,2,0,3,3,2,4,2,3,2,1,2,2,1,1,2,0,5,0,2,3,2,1,0,1,4,4,0,2,1,0,2,2,1,3,1,1,1,1,1,1,4,1,6
T2D_donor_02_cell_082,demo,T2D_donor_02,T2D,beta,8,13,22,15,7,12,9,7,4,16,5,5,2,5,6,4,5,6,5,2,4,9,3,2,4,5,1,1,4,2,5,2,2,5,1,0,1,0,2,1,1,2,1,1,1,2,0,1,2,5,4,0,2,1,1,1,1,3,1,5,2,1,1,0,1,4,2,2,1,0,2,3,0,3,0,2,1,0,4,3,1,1,5,3,1,0,0,8,3,0,1,0,3,1,1,0,2,2,4,2,5,0,2,1,1,2
T2D_donor_02_cell_083,demo,T2D_donor_02,T2D,beta,5,12,15,11,9,9,18,11,10,8,5,4,8,2,4,6,3,7,2,4,10,4,6,6,3,11,3,2,0,2,0,2,0,0,2,1,1,3,5,1,1,1,1,1,1,3,0,0,3,5,2,2,2,2,3,1,2,1,1,2,4,4,6,0,1,2,2,0,6,2,2,0,4,2,2,3,2,2,1,2,1,0,1,1,3,1,1,1,3,0,4,3,2,3,2,0,5,3,1,2,1,2,2,1,1,1
T2D_donor_02_cell_084,demo,T2D_donor_02,T2D,beta,4,3,1,3,2,0,3,5,4,3,19,23,25,23,23,24,25,27,23,24,2,4,5,1,1,6,1,1,2,3,0,0,2,2,3,2,5,1,1,0,0,1,1,3,3,3,1,2,1,5,1,2,3,0,3,4,2,4,0,1,0,1,1,0,4,3,1,1,3,4,5,1,1,3,2,2,4,1,4,1,3,2,3,1,2,0,1,2,5,0,0,3,1,3,2,0,5,1,2,0,1,2,1,0,1,2
T2D_donor_02_cell_085,demo,T2D_donor_02,T2D,beta,9,8,10,5,8,7,10,4,8,7,2,7,12,4,7,7,9,3,8,10,7,2,6,6,4,1,4,0,2,1,0,1,0,2,0,5,1,2,1,1,0,2,1,3,5,2,1,4,3,2,6,3,3,0,3,4,2,0,1,1,1,4,2,0,1,2,7,3,6,0,1,1,0,2,1,0,0,1,2,2,1,3,1,0,2,3,0,3,2,4,3,4,1,0,1,0,1,1,1,1,1,3,6,0,0,0
T2D_donor_02_cell_086,demo,T2D_donor_02,T2D,beta,3,9,5,3,8,4,7,3,7,8,9,9,10,10,13,16,15,9,9,14,6,2,6,3,2,3,1,2,6,3,4,0,3,1,2,5,6,2,1,3,2,2,6,3,5,0,1,1,2,2,3,2,4,3,1,2,1,0,3,1,1,0,1,1,4,1,3,5,2,1,2,2,5,1,0,1,2,3,0,1,4,4,1,2,0,0,3,3,0,2,5,2,2,0,4,0,0,2,2,5,0,1,1,1,2,0
T2D_donor_02_cell_087,demo,T2D_donor_02,T2D,beta,44,38,49,35,40,44,45,53,47,45,4,1,0,0,2,0,1,2,0,2,5,6,5,5,6,7,1,2,1,0,0,4,1,1,1,3,1,1,2,1,2,1,1,1,2,1,4,4,0,1,3,0,2,2,0,0,1,1,3,3,2,1,2,1,3,3,0,1,1,4,0,2,2,2,1,3,2,3,1,0,0,3,1,0,0,0,3,1,5,1,0,0,4,0,0,0,1,2,0,5,3,3,0,4,0,5
T2D_donor_02_cell_088,demo,T2D_donor_02,T2D,beta,46,39,39,36,44,40,37,33,35,32,2,1,0,0,2,2,1,4,0,1,4,9,9,10,9,5,0,3,3,0,1,0,0,2,3,1,1,2,1,3,1,2,1,0,1,2,0,0,2,0,1,0,1,1,1,2,1,0,0,1,3,1,2,6,3,5,0,3,1,1,0,1,3,0,3,1,4,0,4,3,3,1,3,0,4,1,1,0,1,1,2,1,1,3,3,1,1,0,2,2,1,0,3,0,0,0
T2D_donor_02_cell_089,demo,T2D_donor_02,T2D,beta,6,7,7,4,4,5,13,2,5,3,7,12,13,3,7,12,15,5,10,13,6,4,3,3,7,9,0,2,2,1,2,2,2,0,2,1,0,2,7,5,0,5,1,4,2,1,0,2,1,3,0,2,4,4,3,2,4,0,5,3,5,0,3,1,1,2,1,0,1,4,2,0,2,0,0,1,3,0,0,2,2,4,1,2,4,2,4,2,0,0,4,1,2,0,3,3,3,1,0,1,1,1,1,3,2,6
T2D_donor_02_cell_090,demo,T2D_donor_02,T2D,beta,11,11,9,14,11,13,4,14,9,15,9,4,2,5,3,4,6,2,2,6,8,9,2,5,4,3,2,2,2,4,3,0,1,1,1,5,1,5,2,1,0,2,4,3,1,1,1,2,2,3,6,3,1,0,2,1,5,1,1,2,3,2,0,0,2,1,2,0,1,0,1,0,1,1,1,2,0,0,4,2,2,3,2,2,2,1,3,1,2,4,0,1,2,2,6,0,2,1,0,3,2,2,1,2,0,1
T2D_donor_02_cell_091,demo,T2D_donor_02,T2D,beta,7,8,8,4,8,5,9,1,7,4,4,7,14,15,14,7,10,12,10,11,5,7,5,6,4,3,1,1,0,3,1,1,4,2,4,5,0,4,3,0,1,2,1,1,4,1,1,1,2,1,1,1,3,5,1,4,2,1,1,5,2,4,3,5,2,3,1,0,3,0,4,3,1,2,3,5,1,4,0,3,5,4,2,1,1,3,0,1,6,1,2,2,2,2,2,2,3,2,2,2,0,6,1,4,3,0
T2D_donor_02_cell_092,demo,T2D_donor_02,T2D,beta,30,22,27,21,24,28,22,23,22,19,1,2,1,4,2,1,1,2,2,3,5,10,13,3,5,10,1,3,0,0,3,1,5,3,4,2,2,0,0,1,2,1,2,4,0,5,1,2,3,1,1,4,1,4,1,0,2,1,1,3,1,1,3,5,2,2,2,2,4,0,0,4,2,1,1,0,3,5,3,0,1,3,1,2,1,2,2,2,0,3,5,6,1,0,2,2,1,2,2,1,1,2,5,3,0,3
T2D_donor_02_cell_093,demo,T2D_donor_02,T2D,beta,14,6,8,10,10,5,5,6,7,8,12,11,11,9,10,12,8,5,7,8,2,6,6,5,4,2,2,1,1,4,0,0,2,2,0,1,4,2,0,0,3,7,4,2,1,4,1,2,2,0,3,0,1,2,2,0,1,0,1,4,0,3,2,2,3,2,4,2,2,2,0,1,2,4,2,3,0,2,1,3,0,3,2,2,1,1,3,2,2,1,0,4,2,0,2,0,0,2,1,2,1,0,2,2,1,2
T2D_donor_02_cell_094,demo,T2D_donor_02,T2D,beta,18,11,10,11,10,13,15,17,6,14,1,3,5,3,5,5,2,6,1,0,2,1,2,4,6,6,3,1,2,0,3,2,3,1,1,1,3,0,1,0,2,3,0,2,0,2,3,1,2,3,1,2,4,3,0,2,3,0,2,0,2,2,5,2,0,1,1,1,3,0,0,0,0,1,1,1,0,4,1,2,1,2,0,4,2,1,2,2,4,1,0,1,0,4,1,1,2,0,3,6,0,0,1,0,2,2
T2D_donor_02_cell_095,demo,T2D_donor_02,T2D,beta,5,2,4,4,2,6,4,3,4,6,20,22,20,18,14,22,18,18,11,15,2,6,3,2,3,2,1,1,0,0,2,0,2,2,0,0,1,0,1,3,3,2,3,1,3,1,1,1,3,0,0,2,0,0,0,1,3,2,5,2,1,2,1,0,1,2,6,1,5,3,2,1,1,1,0,2,0,1,1,0,1,2,3,1,3,2,0,0,0,0,3,2,0,5,1,2,0,1,1,3,1,1,1,2,0,2
T2D_donor_02_cell_096,demo,T2D_donor_02,T2D,beta,7,11,7,7,7,5,7,5,2,3,7,5,10,10,13,12,12,9,12,8,2,4,3,4,2,10,0,4,0,4,1,0,3,2,1,6,2,0,2,3,2,2,2,4,0,1,3,4,0,0,1,3,2,2,1,1,0,0,1,3,1,1,0,2,0,0,0,1,1,4,0,0,2,1,2,5,2,1,3,4,1,0,1,4,1,0,1,1,2,3,3,3,1,1,0,2,2,1,1,1,4,1,0,3,0,0
T2D_donor_02_cell_097,demo,T2D_donor_02,T2D,beta,7,9,6,4,7,7,2,4,4,7,10,10,10,11,8,12,10,11,10,9,7,7,5,3,4,3,0,0,2,3,1,3,0,4,1,0,0,3,0,2,3,0,2,1,0,0,3,2,3,0,1,2,2,2,6,3,1,2,3,2,2,1,0,4,1,3,1,1,2,1,3,0,2,0,0,1,6,1,2,3,6,0,3,2,0,2,0,2,6,1,2,0,1,1,1,3,4,1,2,1,2,0,2,3,0,2
T2D_donor_02_cell_098,demo,T2D_donor_02,T2D,beta,2,6,12,12,7,7,8,10,9,8,7,6,8,10,10,7,5,6,10,10,4,4,6,3,2,5,0,4,0,1,3,2,3,3,2,3,1,1,3,0,2,1,1,0,0,0,5,2,2,3,1,0,0,3,2,2,1,2,2,6,1,1,0,0,4,9,0,6,2,0,2,0,0,2,2,0,5,2,5,0,2,0,2,0,3,4,3,3,1,3,0,1,1,1,0,1,2,0,1,2,2,3,1,0,5,0
T2D_donor_02_cell_099,demo,T2D_donor_02,T2D,beta,18,24,25,19,22,16,27,18,23,16,3,1,0,4,6,2,9,5,2,3,6,4,7,9,11,7,3,1,4,3,0,1,2,2,1,2,2,2,2,0,1,1,1,1,3,1,4,0,4,2,4,4,4,3,1,1,3,1,0,3,4,1,5,2,0,1,1,1,0,1,2,2,1,0,1,3,3,2,2,1,0,1,2,1,4,5,1,1,2,2,4,3,3,2,1,1,0,0,1,2,1,0,2,3,1,3
T2D_donor_02_cell_100,demo,T2D_donor_02,T2D,beta,8,14,7,6,7,12,10,8,5,9,5,3,10,7,7,9,4,8,5,11,4,6,4,4,5,3,4,0,1,2,3,0,3,6,1,0,1,4,1,0,5,2,5,3,1,1,4,1,1,1,0,2,1,0,0,2,1,3,1,1,4,2,0,1,1,2,5,6,0,0,5,0,0,2,2,1,1,2,1,1,5,3,0,1,2,0,0,2,0,1,5,0,2,0,0,5,1,2,2,2,4,1,1,2,1,3
T2D_donor_02_cell_101,demo,T2D_donor_02,T2D,beta,27,28,24,26,31,22,27,30,27,19,0,0,2,0,2,1,1,3,2,3,4,6,7,4,12,7,1,0,1,2,1,0,7,4,2,3,1,3,1,1,0,2,3,1,4,0,2,0,3,1,2,6,2,2,2,4,3,0,2,3,2,2,1,4,1,1,2,2,2,2,1,2,4,2,4,1,1,3,7,1,2,1,0,3,3,3,1,1,0,0,2,0,1,3,2,4,1,6,1,3,3,0,0,2,1,1
T2D_donor_02_cell_102,demo,T2D_donor_02,T2D,beta,11,6,4,7,8,7,12,10,5,7,9,4,5,6,3,9,8,3,7,3,3,8,5,2,7,3,3,0,1,3,0,6,0,1,1,3,0,1,1,1,1,1,1,2,3,2,2,2,2,1,2,1,1,2,2,2,1,4,2,0,0,0,3,1,1,1,1,0,3,1,0,1,4,1,5,0,2,0,0,1,1,1,3,2,3,2,0,3,3,2,2,2,1,4,2,3,1,2,0,3,2,1,5,0,1,2
T2D_donor_02_cell_103,demo,T2D_donor_02,T2D,beta,11,5,6,10,12,13,4,9,9,10,7,7,7,6,6,11,5,3,4,8,8,8,3,3,9,7,3,2,2,1,1,2,2,2,5,5,0,0,2,0,0,1,1,1,3,2,0,1,0,2,0,1,1,2,1,1,1,3,1,2,1,3,2,3,1,2,2,0,1,1,0,4,1,1,2,3,2,0,0,1,2,2,5,0,2,4,1,1,3,0,4,1,1,1,4,0,1,5,3,1,4,2,0,2,4,1
T2D_donor_02_cell_104,demo,T2D_donor_02,T2D,beta,13,6,9,7,8,6,11,7,10,5,6,7,3,11,6,8,7,6,5,8,4,7,9,6,4,6,1,2,1,3,1,2,3,1,0,3,4,1,2,1,1,3,1,0,0,0,1,2,2,1,4,1,2,3,0,1,0,1,0,2,2,4,0,2,0,1,1,2,1,1,2,0,4,3,0,2,0,0,1,4,0,0,0,0,1,1,0,2,0,0,1,1,4,4,1,1,2,0,2,4,1,4,1,0,2,0
T2D_donor_02_cell_105,demo,T2D_donor_02,T2D,beta,12,21,22,20,18,18,16,25,17,15,4,2,3,4,3,1,5,3,4,4,4,2,9,4,3,7,0,3,3,2,3,3,0,0,0,1,0,0,1,0,2,0,3,2,1,2,2,6,1,5,2,0,3,6,3,5,1,0,3,1,1,7,1,2,0,2,0,2,0,0,2,1,3,1,4,5,3,2,3,1,3,4,5,0,2,3,7,3,1,0,5,2,3,3,2,0,5,2,1,1,1,2,0,1,3,0
T2D_donor_02_cell_106,demo,T2D_donor_02,T2D,beta,2,2,5,4,5,3,4,5,2,4,14,12,14,16,13,13,16,16,11,12,3,5,5,3,4,1,2,1,2,2,1,7,2,4,0,4,3,0,3,2,4,2,7,2,0,1,2,1,0,3,1,1,4,5,2,1,5,4,1,2,3,0,3,0,6,1,2,2,1,3,2,3,1,10,2,1,1,1,1,0,3,0,3,0,1,0,2,3,5,0,0,1,2,0,1,1,0,5,0,1,2,4,0,2,2,0
T2D_donor_02_cell_107,demo,T2D_donor_02,T2D,beta,10,9,10,11,10,9,11,7,8,9,10,8,9,4,12,3,4,6,8,3,4,4,5,5,5,1,5,1,2,2,1,0,1,0,2,2,1,2,0,1,0,4,3,4,1,1,0,0,3,4,0,4,0,2,3,0,2,2,0,0,1,0,1,2,1,2,0,3,1,5,0,2,1,2,2,2,0,1,0,1,4,0,2,2,1,1,3,3,3,1,1,1,1,0,0,1,1,1,1,4,7,0,5,1,1,3
T2D_donor_02_cell_108,demo,T2D_donor_02,T2D,beta,5,3,5,3,6,3,7,9,4,4,17,9,8,8,11,9,8,7,5,6,4,3,4,2,3,1,1,0,3,2,2,1,1,1,0,2,0,4,2,0,4,1,0,1,1,3,2,2,2,4,2,2,1,0,2,3,1,1,2,2,3,0,0,1,5,0,0,2,2,0,1,1,0,2,2,1,1,1,0,2,2,2,2,6,2,3,4,1,3,1,1,1,2,0,4,1,1,0,6,1,2,2,3,1,1,1
T2D_donor_02_cell_109,demo,T2D_donor_02,T2D,beta,3,15,9,5,7,9,6,1,6,7,6,6,1,9,9,13,2,8,7,12,8,8,2,6,1,7,0,2,3,7,5,0,4,1,2,0,1,1,3,1,2,1,0,6,2,1,3,0,2,2,3,1,2,0,3,1,1,3,0,0,0,1,0,4,1,2,1,1,1,2,3,1,5,3,4,2,6,2,1,4,3,0,0,1,3,3,0,2,1,0,1,0,2,0,1,5,1,0,3,2,0,2,2,0,2,3
T2D_donor_02_cell_110,demo,T2D_donor_02,T2D,beta,5,11,8,9,10,9,7,5,10,13,7,8,12,13,6,11,9,10,9,8,10,5,5,11,4,2,1,2,2,0,0,1,0,2,3,0,1,1,1,3,0,1,0,2,4,3,3,2,5,1,0,1,4,1,7,0,0,2,5,6,2,1,0,0,5,1,3,3,0,2,5,0,0,3,3,0,2,5,1,6,0,2,1,1,2,1,1,1,2,2,2,0,5,0,1,0,1,1,0,5,4,2,0,4,2,2
T2D_donor_02_cell_111,demo,T2D_donor_02,T2D,beta,4,5,1,2,1,4,3,2,4,5,25,21,31,21,21,17,15,25,20,19,5,4,6,3,1,2,4,6,0,3,2,1,1,0,1,0,1,4,1,0,0,2,5,1,4,4,0,0,4,2,3,0,2,1,1,2,1,0,2,0,3,0,4,0,5,4,1,3,1,2,2,2,0,2,1,2,0,3,2,2,1,2,1,0,1,2,1,1,1,2,7,5,0,1,1,2,1,2,0,3,2,1,4,0,0,1
T2D_donor_02_cell_112,demo,T2D_donor_02,T2D,beta,5,5,1,10,7,8,10,7,5,9,9,13,12,10,10,6,12,12,8,8,3,5,6,6,2,4,1,1,1,2,0,2,8,0,0,1,2,3,2,1,1,1,1,2,0,1,4,0,1,0,0,1,0,0,3,5,1,3,3,0,3,1,2,4,4,0,1,5,3,2,3,0,4,0,1,3,2,1,3,2,4,3,2,1,3,5,1,4,2,2,0,3,2,0,1,1,3,2,2,0,5,2,1,0,0,3
T2D_donor_02_cell_113,demo,T2D_donor_02,T2D,beta,7,9,12,8,7,11,12,8,9,9,2,5,6,1,6,3,5,3,6,6,5,3,0,2,3,2,0,2,2,2,0,0,4,0,4,1,2,2,1,0,0,2,2,2,2,1,1,1,2,4,0,1,1,0,1,6,0,5,0,0,1,3,7,2,0,2,5,2,0,0,3,0,1,1,0,4,0,0,2,1,1,6,2,1,3,2,1,2,3,2,3,5,1,0,2,3,0,0,1,0,3,3,1,2,2,0
T2D_donor_02_cell_114,demo,T2D_donor_02,T2D,beta,2,9,6,3,9,1,5,4,2,4,10,12,15,11,16,5,10,8,10,10,3,2,2,1,6,3,1,0,2,1,1,2,1,1,0,0,0,0,3,1,0,0,1,1,2,3,3,1,2,1,0,2,2,1,1,0,0,0,2,1,3,2,3,1,3,1,0,0,3,2,0,3,2,2,0,1,1,2,1,3,1,0,1,2,0,2,1,1,0,5,3,2,1,7,1,0,3,2,0,4,2,2,0,0,3,3
T2D_donor_02_cell_115,demo,T2D_donor_02,T2D,beta,32,30,21,24,18,26,25,34,25,37,2,1,5,1,0,6,5,4,3,3,4,4,6,7,3,5,4,4,0,3,4,0,2,0,0,1,4,1,7,4,0,0,0,1,0,2,1,0,5,2,2,3,3,1,3,2,1,2,0,2,0,0,1,4,0,1,3,0,0,2,4,5,3,0,0,0,2,2,1,1,0,2,0,3,1,1,0,0,4,0,1,1,2,3,3,0,2,4,2,2,1,0,4,1,2,1
T2D_donor_02_cell_116,demo,T2D_donor_02,T2D,beta,6,8,6,4,12,5,13,6,7,7,7,3,5,6,6,5,8,9,4,10,3,7,3,3,4,4,2,2,0,1,1,1,2,4,2,0,3,0,0,0,1,3,1,2,1,1,1,2,0,3,2,2,3,0,2,0,0,2,0,4,1,4,3,3,1,3,2,1,0,3,0,0,2,0,5,4,0,4,4,4,3,4,3,3,4,2,0,3,2,3,4,3,3,2,3,1,0,1,2,2,1,0,2,2,0,1
T2D_donor_02_cell_117,demo,T2D_donor_02,T2D,beta,11,9,5,17,10,13,11,8,14,17,5,12,6,7,9,9,11,5,4,1,4,4,5,7,2,2,2,3,2,0,0,1,1,1,1,1,4,0,0,2,0,1,2,2,0,3,3,0,3,1,2,0,2,1,1,0,2,2,2,1,1,1,2,4,3,0,3,1,2,1,0,0,0,3,3,3,1,3,0,0,5,1,1,0,2,3,2,0,0,3,0,4,1,4,0,0,2,1,0,0,1,1,3,2,5,2
T2D_donor_02_cell_118,demo,T2D_donor_02,T2D,beta,10,5,4,4,11,3,8,5,5,9,8,7,9,10,7,9,6,2,7,6,8,2,4,4,3,4,0,2,8,5,1,1,1,1,2,1,0,2,1,0,1,3,4,0,3,2,0,3,2,3,2,0,1,2,0,1,1,0,3,0,0,1,2,2,0,2,1,3,4,1,4,0,3,2,2,2,1,1,2,0,1,1,1,2,2,3,2,0,0,0,3,2,1,3,3,2,1,3,0,5,4,2,2,1,1,4
T2D_donor_02_cell_119,demo,T2D_donor_02,T2D,beta,11,16,12,12,13,6,20,5,11,15,3,3,1,4,4,5,5,7,6,5,6,5,7,3,2,9,2,2,0,0,1,0,3,0,3,2,1,2,3,0,1,2,3,1,3,3,3,2,0,3,2,0,1,1,0,1,1,3,0,1,2,1,0,1,2,3,1,1,1,3,1,1,5,2,1,2,2,2,0,1,3,0,2,3,1,3,0,3,0,0,3,0,1,0,4,4,2,1,0,0,2,3,1,2,0,1
T2D_donor_03_cell_000,demo,T2D_donor_03,T2D,beta,6,6,9,7,3,6,6,9,10,7,10,11,6,8,5,11,8,8,9,7,7,4,4,2,1,5,2,2,1,0,0,2,2,0,3,1,5,4,4,3,4,1,1,0,1,0,2,1,4,2,1,4,2,1,2,1,0,1,4,0,3,2,0,0,0,3,1,0,1,0,2,1,0,3,1,4,2,2,3,2,2,2,3,0,2,1,1,3,2,1,0,2,2,3,0,1,2,1,0,0,1,0,2,0,0,3
T2D_donor_03_cell_001,demo,T2D_donor_03,T2D,beta,10,12,9,11,16,11,9,12,5,9,9,6,8,5,7,3,9,7,7,10,2,3,7,2,6,9,6,1,0,1,2,5,0,1,1,1,2,0,0,3,0,2,2,1,3,1,3,1,0,3,2,0,3,0,2,3,2,3,4,1,2,1,0,0,2,3,2,1,3,2,0,1,3,0,1,2,0,0,0,2,0,3,1,2,0,5,0,1,0,1,3,2,0,2,1,3,4,3,1,1,0,0,2,2,5,0
T2D_donor_03_cell_002,demo,T2D_donor_03,T2D,beta,14,12,18,17,23,15,19,16,25,18,4,3,5,3,3,1,6,5,3,5,5,7,7,6,10,6,1,0,1,0,0,2,1,0,1,1,0,0,1,2,4,0,1,0,2,3,1,0,0,1,0,3,3,1,1,0,4,2,1,1,2,0,2,1,2,1,2,1,1,3,1,0,2,0,1,2,2,0,1,0,2,2,3,8,0,0,2,2,2,2,3,0,1,3,0,1,2,1,3,6,3,0,2,5,2,1
T2D_donor_03_cell_003,demo,T2D_donor_03,T2D,beta,3,7,3,7,8,4,6,10,7,13,5,9,8,8,13,8,8,9,5,6,5,6,2,6,4,2,2,1,3,2,3,1,2,5,4,1,2,3,1,3,0,4,0,0,4,3,2,1,3,2,3,2,3,0,0,1,1,2,1,0,1,2,1,3,2,3,2,2,3,5,2,0,2,2,3,1,0,0,3,3,1,3,0,2,2,3,2,2,3,0,3,1,2,4,0,3,0,1,1,2,0,1,2,1,1,2
T2D_donor_03_cell_004,demo,T2D_donor_03,T2D,beta,10,6,10,6,12,8,13,9,8,7,10,5,5,4,7,5,1,5,4,3,7,5,3,5,7,4,5,0,1,2,2,2,1,1,3,0,2,1,1,1,1,2,0,1,1,4,0,0,1,4,1,1,0,2,1,0,0,0,1,1,2,0,3,3,2,2,0,1,2,1,3,2,5,2,0,1,0,2,3,2,4,0,0,6,1,5,1,0,1,2,0,3,1,2,2,3,2,2,1,2,1,2,1,3,0,0
T2D_donor_03_cell_005,demo,T2D_donor_03,T2D,beta,5,8,11,12,7,10,13,10,9,7,5,12,4,10,4,9,9,13,9,6,4,4,2,4,1,4,2,2,2,0,0,0,0,2,3,5,0,1,3,1,1,1,2,1,1,0,0,1,0,1,0,0,0,1,2,6,0,5,0,3,3,0,5,3,1,4,0,1,0,1,2,1,0,1,4,3,3,2,3,1,2,1,0,5,2,6,3,3,1,0,4,0,1,3,0,3,2,3,2,0,4,1,1,3,2,3
T2D_donor_03_cell_006,demo,T2D_donor_03,T2D,beta,6,3,5,3,9,4,6,7,3,4,7,8,14,9,10,8,6,10,17,9,2,6,2,3,2,6,1,2,0,0,2,0,2,5,0,3,2,0,4,2,3,4,2,2,2,2,5,0,1,0,1,2,0,1,2,0,1,0,1,0,1,2,0,1,1,6,0,0,0,0,0,1,6,1,0,2,2,1,0,7,2,0,3,1,0,2,1,3,0,1,3,3,3,0,3,3,3,4,1,2,1,1,1,1,0,0
T2D_donor_03_cell_007,demo,T2D_donor_03,T2D,beta,12,16,13,13,9,10,6,11,11,6,3,2,2,5,2,6,2,5,4,4,5,8,4,4,1,6,0,2,3,1,0,2,1,0,3,2,3,1,2,1,3,1,0,2,0,1,0,1,0,2,1,2,6,0,4,1,1,0,2,0,1,1,2,3,2,4,0,3,1,0,1,0,0,1,1,3,1,3,3,1,3,1,0,3,8,2,0,1,2,2,2,3,1,0,4,4,3,0,1,4,4,3,0,1,3,1
T2D_donor_03_cell_008,demo,T2D_donor_03,T2D,beta,13,15,9,9,13,10,16,8,17,14,4,4,3,3,3,3,2,4,3,4,1,5,4,4,7,7,3,3,4,2,1,2,4,1,1,0,2,2,2,2,3,0,4,1,2,3,1,1,1,3,0,3,0,0,0,1,2,4,0,1,2,1,3,1,1,2,1,2,0,1,1,4,1,0,5,2,1,3,0,2,1,5,0,0,1,0,2,0,4,1,1,1,1,4,0,1,4,3,2,2,2,1,0,0,6,7
T2D_donor_03_cell_009,demo,T2D_donor_03,T2D,beta,12,10,15,11,11,9,10,13,12,13,10,8,7,2,6,6,3,6,9,7,8,6,6,6,8,5,1,2,0,1,2,1,0,0,2,5,3,0,1,4,1,2,2,3,2,1,0,0,1,2,1,3,2,1,2,1,0,2,1,1,3,3,3,3,2,1,1,0,0,3,3,4,2,1,2,2,3,3,4,0,1,3,2,3,5,4,1,3,1,1,2,2,0,2,0,2,1,1,3,2,2,4,1,0,2,0
T2D_donor_03_cell_010,demo,T2D_donor_03,T2D,beta,4,5,4,6,7,3,4,3,4,3,12,8,11,12,12,8,8,10,14,13,3,7,4,3,5,3,0,1,6,1,2,3,2,2,3,4,2,0,0,3,3,4,4,0,1,2,1,3,1,2,6,1,3,0,3,0,4,3,2,2,1,5,1,1,3,0,2,6,1,2,1,0,0,4,2,3,1,1,2,2,0,2,2,3,2,6,0,0,0,0,3,5,0,4,3,0,2,1,0,2,0,3,0,5,1,2
T2D_donor_03_cell_011,demo,T2D_donor_03,T2D,beta,7,10,7,8,4,6,6,9,3,6,12,13,8,12,6,6,6,5,17,10,7,8,5,7,7,4,0,4,0,1,2,5,2,0,1,1,0,0,2,2,2,0,2,3,0,4,1,2,8,2,1,1,3,0,2,1,2,1,0,0,1,7,0,0,8,3,3,3,2,1,1,1,4,1,0,2,2,2,1,1,1,5,2,1,0,3,2,5,3,2,4,5,1,0,0,2,0,3,4,5,2,1,0,0,0,1
T2D_donor_03_cell_012,demo,T2D_donor_03,T2D,beta,7,6,4,8,10,8,7,3,5,7,2,8,7,3,7,3,12,6,5,7,3,4,5,6,7,3,2,1,2,0,3,1,0,1,3,3,3,2,0,1,1,2,1,1,3,2,1,2,1,0,2,3,1,2,5,1,2,0,3,0,4,1,0,0,2,0,4,1,1,3,2,1,0,1,1,3,0,0,2,2,4,0,1,2,0,2,0,1,1,0,0,0,1,0,9,1,0,2,2,3,0,0,1,2,1,2
T2D_donor_03_cell_013,demo,T2D_donor_03,T2D,beta,15,14,19,22,25,20,25,21,8,19,1,2,4,1,3,4,1,1,2,0,2,10,6,12,4,7,3,0,0,1,1,1,3,4,1,1,1,3,2,2,3,0,1,5,1,1,1,1,1,0,3,2,2,0,1,3,1,2,2,1,2,5,0,3,1,0,1,2,1,1,0,0,3,3,3,2,1,2,1,3,4,3,3,0,0,3,3,3,4,1,1,1,5,3,2,3,1,1,3,3,1,1,1,0,0,1
T2D_donor_03_cell_014,demo,T2D_donor_03,T2D,beta,6,1,5,8,7,8,3,7,8,7,11,9,8,14,10,3,12,9,9,8,5,4,9,6,5,3,2,3,2,3,4,0,2,0,0,1,1,2,0,0,2,1,2,5,2,0,1,4,0,0,0,1,0,2,0,2,1,1,0,1,6,1,1,1,2,4,0,2,0,0,2,3,2,1,1,4,2,1,1,0,3,2,3,0,0,2,2,2,0,0,1,1,1,3,2,3,2,4,3,3,0,0,2,2,3,1
T2D_donor_03_cell_015,demo,T2D_donor_03,T2D,beta,29,34,29,28,24,27,21,30,28,10,3,2,3,4,2,3,7,3,1,5,4,4,8,3,3,4,0,3,2,5,1,0,1,1,1,5,3,1,2,5,2,2,0,2,0,0,2,2,1,2,0,1,1,4,1,1,4,1,0,2,2,3,2,0,1,0,2,1,3,2,2,3,2,5,1,2,1,2,3,1,3,4,1,1,2,2,5,7,3,1,1,2,4,0,0,1,0,1,1,1,5,3,2,1,3,2
T2D_donor_03_cell_016,demo,T2D_donor_03,T2D,beta,18,20,17,17,21,23,16,16,19,15,2,6,5,4,3,1,5,4,3,3,2,4,2,1,7,8,3,3,4,6,4,7,5,6,2,2,3,1,3,1,0,1,0,2,1,0,0,0,2,0,3,6,1,1,5,2,3,4,0,1,3,3,0,0,0,0,0,0,1,0,2,1,1,0,1,0,8,2,0,1,4,0,1,1,3,2,1,1,1,0,1,3,3,1,0,0,0,2,0,0,0,1,0,2,0,0
T2D_donor_03_cell_017,demo,T2D_donor_03,T2D,beta,8,8,11,12,6,7,16,16,4,17,5,4,5,1,5,4,6,5,4,7,4,3,6,4,2,4,8,2,1,2,2,0,0,3,2,0,4,2,0,0,2,0,2,3,3,1,3,4,0,3,1,4,3,1,0,2,0,3,2,2,1,6,0,2,7,1,3,2,2,2,1,2,1,2,1,2,4,1,2,1,2,1,4,0,2,0,1,2,4,2,3,2,2,0,2,0,6,5,5,3,0,0,1,0,1,3
T2D_donor_03_cell_018,demo,T2D_donor_03,T2D,beta,16,8,9,10,8,9,13,12,8,3,13,8,12,6,4,10,7,8,6,12,4,5,1,4,4,1,1,0,6,1,2,2,5,1,2,3,0,0,3,3,1,2,2,2,0,3,1,1,0,2,2,0,0,3,0,0,2,0,5,2,6,2,0,2,1,2,0,4,3,3,4,3,1,3,3,3,2,2,1,0,1,1,6,2,2,3,1,2,1,0,2,4,1,7,0,2,1,1,2,0,2,3,1,1,4,2
T2D_donor_03_cell_019,demo,T2D_donor_03,T2D,beta,22,32,25,21,23,13,31,29,26,22,5,5,5,0,4,5,6,3,4,2,5,5,6,5,7,12,1,3,0,0,5,1,1,3,0,0,2,3,1,4,2,2,0,0,2,3,0,3,0,3,3,0,1,2,2,1,2,2,0,0,1,1,2,1,0,2,0,4,0,1,0,1,3,2,2,6,3,0,2,0,1,2,1,2,0,4,3,1,0,4,6,2,1,0,1,2,1,5,1,0,4,4,2,2,2,1
T2D_donor_03_cell_020,demo,T2D_donor_03,T2D,beta,17,18,18,21,13,17,16,15,17,14,2,3,4,5,3,4,5,5,10,4,10,6,5,6,7,6,2,0,0,0,2,1,0,1,1,4,9,2,2,2,1,4,5,1,0,1,2,1,2,0,1,1,0,0,1,4,1,3,4,1,3,1,1,1,2,0,0,0,2,2,1,1,2,1,0,2,3,0,0,2,3,0,2,0,0,2,5,1,0,2,4,2,1,3,1,2,2,0,3,2,4,2,0,1,2,2
T2D_donor_03_cell_021,demo,T2D_donor_03,T2D,beta,24,27,19,19,18,18,18,12,14,21,2,2,2,5,6,1,1,0,2,4,4,7,6,8,4,11,1,0,3,1,4,2,1,2,1,1,5,2,3,1,2,1,1,0,1,1,3,2,2,3,3,0,3,6,1,2,0,1,6,2,4,3,2,1,2,1,2,4,1,2,0,1,0,4,0,1,5,1,6,1,5,1,1,3,0,1,2,0,4,3,0,2,0,1,1,3,6,4,3,0,1,2,3,0,3,5
T2D_donor_03_cell_022,demo,T2D_donor_03,T2D,beta,13,13,12,10,15,11,11,9,14,12,6,8,3,3,3,2,3,5,1,8,5,6,7,1,2,4,0,0,0,0,8,1,2,0,0,3,1,2,3,4,1,1,1,2,4,7,3,0,0,6,0,0,2,0,1,0,4,4,4,3,0,0,5,2,1,4,2,2,2,4,1,2,2,2,2,3,0,4,1,4,1,3,2,2,2,1,3,0,2,1,1,0,0,3,4,1,1,2,0,2,4,2,1,2,1,1
T2D_donor_03_cell_023,demo,T2D_donor_03,T2D,beta,24,25,19,27,26,17,28,34,29,33,2,1,4,0,1,2,1,0,1,1,10,6,10,3,13,9,1,0,0,0,1,2,1,1,1,3,2,0,0,2,4,2,4,3,1,1,0,3,1,4,2,1,3,1,1,2,2,1,1,2,0,0,0,1,1,1,4,4,2,5,1,3,2,0,1,0,4,1,2,1,0,3,3,3,1,0,3,3,0,0,2,1,1,2,4,1,5,0,4,7,2,0,3,0,0,2
T2D_donor_03_cell_024,demo,T2D_donor_03,T2D,beta,7,8,6,10,11,11,6,8,8,7,7,9,9,10,9,9,12,8,10,10,3,4,2,8,3,2,5,0,4,0,1,0,0,1,3,3,1,1,1,3,1,2,1,2,3,1,1,1,4,2,0,3,1,1,3,1,2,1,6,3,3,2,2,2,1,0,1,0,2,0,1,2,1,2,1,0,1,3,3,1,7,2,0,1,4,1,1,3,1,3,1,2,1,6,4,2,2,3,2,2,1,1,0,1,1,3
T2D_donor_03_cell_025,demo,T2D_donor_03,T2D,beta,6,12,14,7,8,8,8,13,7,4,4,3,9,10,7,7,6,9,7,4,2,3,2,3,2,6,1,0,3,3,1,0,0,5,0,0,0,1,2,2,4,1,1,0,0,4,1,3,1,0,1,4,2,0,1,2,1,4,1,0,1,2,2,0,3,1,4,0,3,3,3,1,3,1,2,3,0,1,3,3,0,2,0,2,1,1,2,6,0,0,3,7,3,1,2,1,4,0,3,3,1,0,4,2,6,2
T2D_donor_03_cell_026,demo,T2D_donor_03,T2D,beta,5,4,3,2,4,5,3,5,9,2,14,25,12,12,11,15,10,9,20,12,5,6,5,3,2,5,1,2,2,2,1,3,1,0,3,1,1,6,3,1,6,2,1,2,0,3,2,3,1,0,1,1,1,0,2,2,4,1,1,2,4,2,0,3,1,0,3,1,1,0,1,6,1,3,5,1,1,0,3,2,0,4,0,1,2,3,0,0,0,0,1,2,1,0,3,2,0,1,2,1,1,0,1,1,7,3
T2D_donor_03_cell_027,demo,T2D_donor_03,T2D,beta,9,8,14,8,8,3,8,8,9,16,1,4,5,5,2,7,4,9,3,4,2,2,3,5,2,1,4,1,0,3,4,0,3,1,1,1,3,3,1,0,2,4,1,1,2,3,1,1,0,1,3,0,0,1,2,6,7,2,1,4,7,3,0,2,1,1,3,0,2,1,1,3,3,3,3,4,1,3,1,0,4,2,0,2,3,2,3,0,0,1,5,2,0,1,1,1,4,2,0,2,2,4,0,1,3,2
T2D_donor_03_cell_028,demo,T2D_donor_03,T2D,beta,15,13,10,11,15,11,8,8,20,14,5,3,4,6,6,6,8,7,8,4,7,4,4,5,4,7,0,1,3,0,8,3,2,4,0,1,4,0,0,2,0,1,5,5,0,2,0,0,3,3,2,3,1,4,7,0,0,1,1,2,1,5,1,1,0,2,5,1,3,0,3,0,2,0,3,1,1,4,2,1,1,1,0,5,2,0,0,1,0,0,1,1,3,2,2,0,2,3,1,1,1,1,2,4,0,0
T2D_donor_03_cell_029,demo,T2D_donor_03,T2D,beta,5,6,10,8,7,5,7,13,12,10,8,9,4,5,5,3,5,7,4,3,4,1,6,3,4,9,3,4,2,1,2,1,2,1,0,3,4,2,3,3,0,0,1,3,4,1,3,0,2,6,0,2,4,1,0,0,4,0,0,2,6,0,0,2,1,0,1,2,1,1,0,2,4,0,0,1,1,2,2,1,0,1,2,0,0,0,3,4,1,2,0,1,2,2,1,1,1,2,1,3,2,1,0,1,3,2
T2D_donor_03_cell_030,demo,T2D_donor_03,T2D,beta,8,18,16,12,9,8,11,5,17,9,6,6,7,5,3,7,4,3,6,5,8,9,7,3,4,5,2,1,0,0,2,2,3,1,0,2,1,1,2,1,1,2,2,2,5,5,5,3,4,0,5,2,1,1,0,0,1,1,0,1,2,1,1,2,3,1,0,3,2,0,2,1,0,3,3,1,1,0,0,2,2,1,2,5,3,5,2,0,0,2,2,4,1,6,0,0,0,0,3,3,0,1,1,1,2,1
T2D_donor_03_cell_031,demo,T2D_donor_03,T2D,beta,17,13,13,8,14,10,10,11,11,12,6,7,6,6,4,7,6,5,4,6,3,3,5,1,2,7,0,4,1,5,0,2,0,3,3,2,3,4,2,0,2,2,0,2,2,5,0,1,0,2,2,1,4,1,3,2,1,0,1,3,1,0,1,1,0,4,2,1,2,8,2,1,1,1,1,2,3,4,2,1,4,3,2,1,3,0,1,2,0,3,0,1,1,3,1,2,3,0,0,2,1,5,4,0,4,4
T2D_donor_03_cell_032,demo,T2D_donor_03,T2D,beta,10,10,7,6,13,10,6,5,10,13,7,5,4,6,5,8,7,3,5,12,11,4,8,5,3,2,4,2,1,5,1,2,3,1,0,0,3,2,3,0,0,1,1,2,2,5,0,0,0,1,1,1,2,1,1,1,3,0,4,1,3,2,2,2,5,3,1,0,2,1,2,0,1,2,2,4,1,5,2,2,1,3,4,5,2,1,2,2,2,1,2,3,1,1,1,3,1,3,0,2,0,5,2,0,2,1
T2D_donor_03_cell_033,demo,T2D_donor_03,T2D,beta,8,3,3,6,2,7,2,5,6,2,10,13,22,6,11,24,9,13,20,12,4,4,3,5,4,5,0,2,4,1,6,0,0,5,3,0,1,0,1,4,2,1,2,1,0,2,1,1,0,0,2,3,1,2,1,1,1,2,0,0,0,2,5,0,4,0,1,0,2,3,2,1,4,2,3,1,1,2,2,3,4,1,0,2,2,2,0,2,0,3,3,3,2,1,0,0,3,4,1,2,1,0,0,1,2,2
T2D_donor_03_cell_034,demo,T2D_donor_03,T2D,beta,8,16,12,9,14,10,12,16,12,14,5,8,1,5,3,3,2,4,2,3,3,10,6,3,4,5,1,0,3,1,1,1,3,2,6,4,3,0,3,1,0,3,3,6,5,4,1,1,3,3,1,1,3,2,1,1,2,2,1,0,0,2,2,1,0,2,4,4,1,0,0,3,2,1,0,0,0,0,4,2,0,1,1,1,0,0,0,2,3,1,5,1,4,2,0,2,0,3,1,2,1,0,1,1,1,2
T2D_donor_03_cell_035,demo,T2D_donor_03,T2D,beta,11,9,5,7,7,9,10,7,6,10,14,8,9,8,10,7,12,11,9,9,6,5,7,0,2,6,2,1,2,3,0,2,4,3,6,4,2,5,3,1,1,3,2,3,0,1,1,0,3,0,1,2,0,2,2,0,0,3,1,1,0,0,3,0,4,3,3,5,0,1,1,1,0,1,2,2,0,0,1,0,5,1,3,3,5,1,2,1,3,2,3,1,2,2,0,6,3,2,1,1,1,3,2,2,4,3
T2D_donor_03_cell_036,demo,T2D_donor_03,T2D,beta,7,9,7,10,10,13,7,9,10,8,2,8,8,6,4,9,9,3,7,9,2,6,0,1,5,5,2,2,1,1,4,2,1,2,2,3,0,1,0,0,2,2,2,3,0,1,5,3,1,5,1,1,1,4,0,2,1,3,2,0,2,4,0,3,1,0,4,1,3,0,0,2,2,3,0,2,3,2,0,3,0,2,1,1,2,2,1,2,1,5,0,5,0,0,0,1,2,1,0,1,3,1,2,6,3,0
T2D_donor_03_cell_037,demo,T2D_donor_03,T2D,beta,10,12,10,10,16,15,15,15,14,11,2,4,4,6,5,4,6,4,3,4,7,1,2,4,6,8,2,1,4,1,5,2,1,3,1,3,3,2,2,2,1,0,3,1,1,1,1,1,1,0,3,1,1,2,1,1,0,6,3,1,0,0,6,2,0,1,1,0,0,1,2,4,1,2,3,0,0,2,3,0,1,1,2,1,1,2,0,3,1,0,0,4,2,6,0,1,1,3,0,4,2,4,1,2,3,6
T2D_donor_03_cell_038,demo,T2D_donor_03,T2D,beta,5,6,5,2,3,6,6,4,3,5,14,10,20,12,8,11,15,13,15,10,4,3,3,4,3,2,0,0,1,0,0,3,2,0,1,1,0,0,1,1,1,0,0,1,0,1,0,1,1,0,1,3,2,3,3,0,1,0,5,5,3,0,2,1,4,0,0,1,1,0,3,0,2,2,1,2,5,1,1,2,2,0,1,2,4,5,0,0,1,4,3,0,1,3,4,3,1,4,2,2,0,0,1,2,3,2
T2D_donor_03_cell_039,demo,T2D_donor_03,T2D,beta,16,12,10,15,13,15,19,13,10,14,3,8,5,5,2,7,2,2,5,3,7,7,3,3,8,3,3,1,1,5,0,2,0,4,3,4,1,0,1,0,3,5,6,1,2,3,2,1,0,1,0,3,2,1,1,2,0,0,1,3,1,0,1,1,2,6,3,2,5,3,1,2,0,3,2,1,1,0,1,0,0,0,1,4,2,8,0,1,1,2,4,4,2,4,2,1,2,0,2,1,2,1,3,2,1,2
T2D_donor_03_cell_040,demo,T2D_donor_03,T2D,beta,16,1,11,8,7,5,6,7,6,7,9,9,12,11,14,12,8,10,4,10,3,3,6,5,5,5,2,0,4,4,1,4,1,2,1,0,3,3,2,0,1,0,1,1,3,1,0,1,0,4,7,2,3,1,2,3,2,2,1,3,0,2,4,1,0,1,1,0,1,4,1,2,4,2,2,2,1,1,2,4,1,0,4,2,1,0,3,2,0,3,0,0,4,0,3,0,1,4,1,0,1,2,2,0,2,1
T2D_donor_03_cell_041,demo,T2D_donor_03,T2D,beta,10,12,11,12,11,14,14,11,8,15,5,3,6,2,6,8,4,6,0,8,7,3,6,5,4,0,1,1,2,2,0,1,2,0,2,1,2,2,2,1,0,2,3,1,0,1,3,1,1,1,7,1,4,0,1,2,1,2,2,1,0,1,3,0,3,1,1,3,6,1,2,3,4,0,3,2,2,1,1,1,2,2,2,1,3,6,1,2,0,2,2,1,0,2,1,0,0,2,4,1,2,3,1,1,2,3
T2D_donor_03_cell_042,demo,T2D_donor_03,T2D,beta,5,9,7,14,8,13,7,8,7,4,5,4,11,6,8,6,5,9,6,7,1,4,4,3,3,2,0,1,0,2,0,1,1,2,4,0,1,3,0,1,2,0,4,2,2,2,0,2,0,2,2,3,1,5,0,2,0,0,1,0,0,1,3,2,3,1,1,3,2,1,1,1,1,0,2,1,2,2,1,1,2,0,0,0,3,2,2,0,2,3,9,2,0,2,1,2,2,0,1,1,0,2,1,0,1,4
T2D_donor_03_cell_043,demo,T2D_donor_03,T2D,beta,16,16,17,16,20,16,23,24,19,19,5,4,2,6,3,4,4,1,3,2,5,8,4,7,7,3,1,2,0,0,0,0,4,1,0,4,0,0,3,0,3,2,0,3,1,2,7,1,2,0,2,2,0,3,5,2,3,1,2,2,2,3,1,0,2,0,0,1,3,2,1,1,0,1,1,4,2,0,3,3,4,0,4,2,0,0,0,0,2,4,3,2,8,3,1,2,2,1,2,3,2,2,2,4,3,0
T2D_donor_03_cell_044,demo,T2D_donor_03,T2D,beta,5,7,3,3,3,2,5,4,2,9,14,11,5,11,20,20,14,15,17,11,2,3,4,3,3,4,0,1,2,3,3,3,5,3,2,1,1,6,0,1,3,5,3,2,1,1,3,2,1,0,1,2,1,1,4,0,0,2,3,4,2,0,0,0,2,4,0,2,4,1,3,3,1,2,5,2,4,3,4,3,1,3,3,3,0,1,4,4,1,2,3,0,1,0,0,3,1,0,0,2,1,0,2,6,0,0
T2D_donor_03_cell_045,demo,T2D_donor_03,T2D,beta,11,11,13,13,10,10,16,17,13,10,2,3,1,2,5,1,4,4,5,1,10,6,3,5,5,4,2,1,1,1,2,0,1,3,6,3,0,2,3,0,2,2,5,0,2,4,5,0,1,4,3,2,0,1,1,6,2,3,5,3,0,0,1,2,2,2,3,1,0,1,2,1,0,3,1,4,1,3,4,1,0,1,1,6,1,2,0,0,1,1,0,2,1,5,0,1,2,6,1,2,0,2,2,3,1,4
T2D_donor_03_cell_046,demo,T2D_donor_03,T2D,beta,8,11,15,13,10,8,18,8,12,7,8,3,8,4,4,5,5,7,4,2,7,4,12,5,3,6,1,0,2,3,1,1,1,0,1,0,5,1,1,2,2,3,3,1,0,2,2,0,1,0,2,2,6,4,2,0,1,6,2,4,2,2,5,0,3,2,2,3,7,2,0,0,0,4,0,1,2,1,0,4,2,1,2,4,2,1,5,0,2,0,4,0,4,1,1,3,0,3,0,4,1,5,2,3,5,2
T2D_donor_03_cell_047,demo,T2D_donor_03,T2D,beta,3,2,2,1,5,3,2,1,1,2,23,18,22,15,25,13,23,17,20,24,3,4,7,4,3,3,0,3,6,4,1,4,4,5,2,1,4,2,3,0,1,0,2,1,1,3,0,2,2,2,6,2,2,0,1,1,1,0,0,2,1,2,0,1,0,2,0,2,2,3,2,2,4,1,1,3,2,3,2,2,2,3,3,0,3,1,4,6,0,0,0,5,0,1,5,1,3,2,2,3,0,2,2,1,0,7
T2D_donor_03_cell_048,demo,T2D_donor_03,T2D,beta,10,11,8,4,12,13,10,3,8,13,9,4,3,3,5,4,7,4,5,2,4,5,5,2,6,3,1,1,2,3,1,3,0,0,0,1,6,2,4,4,8,5,3,1,1,1,0,0,1,1,4,2,1,1,5,2,3,3,2,2,1,0,1,3,1,3,3,2,0,4,0,1,1,0,1,1,0,0,5,0,1,2,0,2,3,0,0,1,0,1,1,1,1,0,4,4,3,4,3,2,0,0,0,1,2,0
T2D_donor_03_cell_049,demo,T2D_donor_03,T2D,beta,3,10,9,5,2,13,7,10,12,8,6,7,11,7,7,5,8,4,4,5,3,8,2,4,2,2,0,1,1,1,3,2,0,0,1,2,4,3,3,1,3,0,5,3,0,2,3,4,2,1,0,5,0,1,1,1,1,3,3,3,1,3,1,1,3,0,2,1,2,4,0,1,2,1,2,2,1,0,5,1,1,5,1,0,1,0,4,1,1,0,1,0,2,0,1,2,0,1,1,3,3,3,2,1,3,0
T2D_donor_03_cell_050,demo,T2D_donor_03,T2D,beta,16,12,19,16,13,12,12,17,12,10,4,2,3,5,5,7,2,3,2,5,4,2,4,4,4,2,2,2,2,1,0,1,3,2,1,3,0,1,4,0,0,0,1,1,2,2,0,3,0,2,0,1,0,3,3,5,1,4,4,2,0,3,3,4,0,2,2,2,1,1,5,2,1,5,0,1,6,0,0,4,0,1,2,4,2,1,1,2,2,5,2,0,0,1,1,4,2,3,1,1,2,1,3,2,0,0
T2D_donor_03_cell_051,demo,T2D_donor_03,T2D,beta,8,6,8,11,6,5,8,5,5,7,3,9,7,8,13,7,8,7,9,9,6,1,3,2,2,4,0,3,3,1,0,3,3,2,1,0,2,1,3,1,2,2,3,0,4,2,4,2,2,4,3,2,3,1,0,0,1,2,2,2,0,0,0,1,1,1,3,2,1,3,2,1,0,1,5,1,5,2,5,3,1,2,0,1,5,3,3,3,0,1,1,2,0,2,4,3,1,2,2,3,0,1,0,2,4,1
T2D_donor_03_cell_052,demo,T2D_donor_03,T2D,beta,14,12,9,13,10,5,8,7,11,10,4,4,7,5,5,9,5,8,7,10,5,7,4,2,8,4,0,4,3,0,0,1,3,3,2,4,2,1,0,1,1,0,0,5,3,2,3,1,2,4,2,0,1,1,0,0,1,1,2,2,1,4,1,2,1,3,2,5,3,1,0,1,0,1,0,2,1,2,1,1,2,3,0,2,0,3,1,4,2,1,2,7,2,2,2,0,0,0,1,2,0,3,0,2,2,5
T2D_donor_03_cell_053,demo,T2D_donor_03,T2D,beta,0,3,1,3,2,1,2,3,5,1,21,34,32,23,31,25,27,32,23,33,3,2,2,2,2,3,4,2,0,3,1,0,1,0,1,3,1,2,7,1,2,3,2,2,1,1,3,2,0,1,3,2,0,1,3,2,2,0,2,4,1,1,0,0,1,1,0,2,0,2,6,0,0,4,0,0,4,1,0,0,4,1,1,2,4,4,0,1,0,3,1,3,3,0,3,4,1,1,3,1,8,1,0,2,2,1
T2D_donor_03_cell_054,demo,T2D_donor_03,T2D,beta,7,9,3,5,7,11,9,8,6,6,7,14,7,8,8,7,10,8,12,7,4,3,5,4,3,3,3,0,0,2,3,3,1,0,2,1,0,2,3,1,1,3,2,2,1,3,3,1,1,3,0,0,0,1,1,1,5,1,3,0,0,0,3,1,0,2,1,2,3,3,0,0,2,1,0,4,2,2,1,1,0,1,0,1,1,1,2,2,3,6,2,1,0,2,2,1,2,0,1,3,1,0,1,2,1,0
T2D_donor_03_cell_055,demo,T2D_donor_03,T2D,beta,4,10,7,5,7,9,11,8,8,7,6,9,12,8,7,8,11,10,8,3,3,3,4,5,4,3,2,1,1,0,2,3,2,0,2,0,3,2,0,1,0,0,1,3,1,1,1,0,2,1,1,2,2,1,1,0,1,0,1,4,2,3,1,0,2,1,3,0,0,1,1,2,0,2,2,5,0,2,0,4,2,3,1,2,2,2,0,1,2,0,1,1,4,2,2,0,4,3,1,3,0,1,1,1,0,8
T2D_donor_03_cell_056,demo,T2D_donor_03,T2D,beta,11,16,12,7,10,12,10,11,12,15,3,4,4,3,9,8,4,5,7,3,5,6,9,4,5,3,2,1,2,2,1,6,2,1,0,1,2,1,0,0,3,1,2,0,0,3,2,3,1,0,3,6,0,2,2,1,1,1,3,2,2,3,1,1,1,2,2,0,4,2,4,0,1,3,3,1,0,2,0,1,2,2,1,9,1,0,1,3,3,1,2,1,4,1,1,0,0,0,2,0,2,4,4,4,0,2
T2D_donor_03_cell_057,demo,T2D_donor_03,T2D,beta,9,12,9,11,7,3,5,6,12,9,6,11,6,7,5,5,6,3,8,3,5,5,4,4,4,5,1,0,1,0,7,1,3,4,0,0,1,0,0,2,1,1,1,1,1,1,1,4,2,0,2,1,0,2,1,4,8,0,1,0,0,4,2,0,1,3,0,3,0,3,5,0,0,1,2,1,3,1,1,2,4,0,2,2,0,2,3,1,1,0,2,1,5,5,3,1,0,2,2,2,0,2,1,1,1,1
T2D_donor_03_cell_058,demo,T2D_donor_03,T2D,beta,6,3,5,0,4,7,1,6,2,4,11,8,11,5,16,16,22,15,14,10,2,6,2,3,2,4,0,4,3,1,3,2,3,1,3,1,0,6,2,0,3,2,0,2,1,3,1,2,3,3,0,2,2,2,2,4,4,0,3,0,1,1,0,3,1,0,3,1,1,2,2,2,2,1,1,1,1,0,0,2,1,4,2,2,1,1,1,0,0,4,2,3,0,1,3,1,3,0,3,4,1,1,1,3,0,3
T2D_donor_03_cell_059,demo,T2D_donor_03,T2D,beta,3,7,2,13,14,6,6,9,10,8,4,4,7,5,7,7,8,6,7,4,1,1,3,4,3,4,1,0,2,2,5,0,3,3,0,2,0,4,3,5,2,0,1,1,1,0,4,5,0,2,2,2,1,1,0,1,2,1,2,4,1,3,0,5,3,1,1,0,2,4,2,2,0,0,0,1,1,4,5,2,1,3,3,0,1,2,0,0,4,4,0,2,0,0,2,5,3,4,3,3,3,2,4,1,1,2
T2D_donor_03_cell_060,demo,T2D_donor_03,T2D,beta,12,12,12,8,12,11,10,11,11,18,3,11,10,4,5,10,5,7,4,9,5,2,3,8,6,4,2,1,1,0,4,2,3,2,3,3,1,4,3,0,3,0,2,0,6,1,4,1,3,4,1,1,2,1,3,2,0,2,1,1,1,0,1,0,1,1,4,4,1,2,2,0,5,1,3,3,0,3,2,0,3,0,2,0,2,0,3,0,1,2,1,3,2,5,0,2,3,2,1,2,1,0,5,2,0,2
T2D_donor_03_cell_061,demo,T2D_donor_03,T2D,beta,8,8,1,2,7,7,6,7,12,7,7,9,6,5,19,11,11,6,13,13,3,8,6,6,3,5,3,2,3,1,1,1,4,2,1,4,2,0,2,0,2,0,8,2,1,0,0,1,2,3,2,0,4,3,2,2,0,0,4,5,5,6,4,6,3,1,1,2,3,1,5,3,3,8,1,2,2,1,0,2,2,3,0,2,1,1,2,2,0,1,0,1,2,1,1,2,1,0,1,1,2,2,3,1,4,3
T2D_donor_03_cell_062,demo,T2D_donor_03,T2D,beta,10,8,10,5,6,4,8,9,8,9,7,5,1,9,5,8,6,10,4,7,3,1,4,4,0,4,4,1,1,1,3,0,1,4,0,6,3,2,0,1,2,6,1,3,1,7,2,3,0,1,5,1,0,0,3,2,2,2,0,0,2,2,4,4,1,0,1,1,1,0,1,7,1,1,1,1,2,0,2,1,1,4,0,1,1,1,2,1,4,2,1,1,3,5,3,2,2,2,1,0,2,2,3,1,3,4
T2D_donor_03_cell_063,demo,T2D_donor_03,T2D,beta,14,27,22,13,14,16,9,16,20,13,3,8,5,3,6,3,5,7,5,3,2,6,6,5,5,4,1,2,2,6,2,1,2,2,0,3,0,7,1,6,2,0,1,1,2,4,1,0,3,2,0,2,1,3,1,0,3,2,0,2,0,4,3,5,2,1,0,2,1,3,5,3,0,1,5,1,2,0,3,1,1,0,2,3,3,2,8,3,2,0,2,1,2,1,1,3,0,2,3,0,0,3,3,0,0,1
T2D_donor_03_cell_064,demo,T2D_donor_03,T2D,beta,5,1,5,5,5,2,2,7,5,7,22,15,12,16,17,16,23,17,13,13,6,2,5,3,5,7,2,2,1,2,4,4,3,1,3,0,3,3,3,3,4,0,1,2,2,2,2,3,2,3,0,2,3,1,0,1,1,1,1,1,1,1,2,0,1,1,5,2,3,5,1,1,0,2,3,1,5,2,1,2,3,4,0,1,0,4,1,3,2,4,0,5,2,1,1,1,2,1,1,1,6,2,5,1,0,4
T2D_donor_03_cell_065,demo,T2D_donor_03,T2D,beta,11,7,5,11,6,18,10,9,9,8,6,4,8,4,4,3,6,7,3,5,4,5,9,6,3,4,5,1,0,1,0,1,2,4,2,2,2,0,3,5,3,1,5,1,2,0,3,0,2,0,2,2,0,3,2,0,1,3,2,1,1,1,0,3,3,3,2,0,3,2,2,1,2,0,3,0,4,0,3,3,1,1,1,1,2,6,1,2,4,2,2,1,1,2,4,1,2,1,0,2,3,1,1,1,3,3
T2D_donor_03_cell_066,demo,T2D_donor_03,T2D,beta,15,15,21,16,10,23,19,20,25,18,2,4,3,3,4,6,3,1,6,4,4,8,2,6,3,4,3,4,0,2,0,3,1,2,4,5,2,3,1,3,4,1,3,2,2,3,0,1,1,1,3,3,1,1,0,1,0,1,2,2,3,4,1,3,3,1,1,4,4,0,3,1,3,2,1,0,2,1,0,1,5,2,2,1,0,1,1,1,0,1,3,3,3,0,2,1,1,2,0,1,1,2,2,2,1,4
T2D_donor_03_cell_067,demo,T2D_donor_03,T2D,beta,9,8,5,11,5,10,4,9,10,12,13,12,10,6,6,8,4,8,10,9,2,1,7,7,8,0,7,1,3,0,1,4,2,3,2,1,4,2,3,1,1,2,2,1,4,0,0,2,2,1,4,3,0,1,2,1,0,4,3,0,7,1,1,4,1,1,4,2,1,0,1,1,0,3,0,1,3,1,1,2,1,1,4,1,4,2,3,2,3,0,2,0,0,3,2,3,0,3,1,1,0,4,5,2,1,2
T2D_donor_03_cell_068,demo,T2D_donor_03,T2D,beta,26,36,21,43,39,32,32,36,20,24,1,0,2,2,2,1,2,1,3,0,9,10,9,10,10,5,3,1,4,1,2,1,4,3,0,2,5,0,3,2,2,2,1,1,0,0,0,0,3,0,3,0,1,0,1,4,4,1,3,1,2,0,0,1,1,0,0,3,2,4,3,1,3,0,4,1,0,1,1,3,4,4,1,4,4,3,2,1,1,5,4,3,1,0,3,3,4,1,2,1,4,2,0,1,2,1
T2D_donor_03_cell_069,demo,T2D_donor_03,T2D,beta,8,6,9,6,8,8,7,8,7,10,14,18,13,8,7,12,13,15,15,8,3,2,1,3,3,4,1,1,3,7,5,3,1,1,0,1,1,1,5,0,1,3,3,1,3,1,1,1,2,0,4,2,1,2,1,1,1,2,2,2,3,4,1,0,0,0,5,2,2,0,2,1,4,3,3,0,1,0,3,0,1,0,3,1,0,0,1,1,1,0,1,3,2,3,2,2,0,0,1,4,1,1,0,0,0,4
T2D_donor_03_cell_070,demo,T2D_donor_03,T2D,beta,13,10,10,13,12,7,9,5,9,11,7,3,6,6,5,4,6,5,1,0,7,8,7,4,4,8,1,1,1,3,1,2,0,3,2,4,1,2,3,3,2,0,1,3,6,3,0,0,0,3,0,4,3,2,1,3,2,1,3,0,2,1,0,0,1,0,0,1,2,1,1,0,2,3,0,0,2,0,0,0,1,5,3,2,5,0,0,0,0,2,2,0,3,2,3,0,0,4,3,3,3,4,2,2,1,4
T2D_donor_03_cell_071,demo,T2D_donor_03,T2D,beta,18,12,11,20,18,18,19,15,13,22,2,7,2,3,6,4,2,3,2,2,3,10,5,5,3,7,2,0,1,1,3,2,3,2,4,1,0,1,2,0,5,3,2,1,0,1,0,0,1,4,2,5,2,2,0,0,0,0,7,3,0,4,1,1,6,1,2,1,2,0,0,0,0,1,2,3,2,0,2,2,1,2,4,0,0,1,0,4,0,1,2,0,0,3,2,2,1,0,3,0,1,0,2,1,1,3
T2D_donor_03_cell_072,demo,T2D_donor_03,T2D,beta,15,23,12,16,9,19,11,20,20,13,3,3,2,0,0,3,2,3,4,4,3,2,8,4,6,7,3,0,0,1,4,1,3,4,5,3,1,4,2,2,3,1,0,1,1,4,1,2,1,2,3,1,1,3,3,1,2,1,2,2,4,4,0,3,1,1,3,1,0,2,1,3,0,3,4,2,2,0,4,3,1,3,2,3,1,0,4,1,2,1,2,4,5,1,0,3,0,0,1,3,0,0,5,2,7,2
T2D_donor_03_cell_073,demo,T2D_donor_03,T2D,beta,10,13,19,18,14,13,14,20,18,13,2,4,3,2,3,2,5,5,3,1,4,2,7,6,6,6,0,1,1,2,3,2,2,5,0,2,2,1,0,5,0,1,0,0,1,1,2,1,0,1,1,1,1,3,4,3,1,4,1,2,7,1,3,4,4,2,0,1,2,2,2,0,1,0,1,4,3,2,0,3,3,4,1,5,1,0,1,0,0,2,2,2,1,1,0,1,0,3,0,1,2,3,1,1,4,4
T2D_donor_03_cell_074,demo,T2D_donor_03,T2D,beta,10,11,10,12,6,14,15,14,17,9,5,5,9,2,6,5,6,2,5,9,4,5,4,4,3,5,1,1,6,1,1,1,3,3,3,2,3,0,4,4,3,1,1,1,2,3,3,0,3,2,0,1,0,2,1,1,2,1,1,6,3,0,1,0,3,1,1,2,1,2,2,5,4,0,0,3,0,1,4,4,2,2,1,1,0,1,1,2,4,2,4,0,1,3,4,2,1,1,4,1,1,5,1,1,3,1
T2D_donor_03_cell_075,demo,T2D_donor_03,T2D,beta,8,4,5,8,7,6,5,9,6,8,13,9,11,11,14,15,4,15,8,6,4,4,1,2,2,3,1,0,2,1,0,0,1,2,0,6,2,3,0,1,0,1,1,0,0,2,2,2,1,1,0,1,1,1,2,4,1,1,0,0,4,1,2,2,1,1,2,2,3,2,0,4,1,1,4,4,1,1,3,0,1,2,0,1,0,0,3,0,3,3,1,1,0,2,2,1,0,2,1,2,2,2,1,3,3,4
T2D_donor_03_cell_076,demo,T2D_donor_03,T2D,beta,11,5,9,10,16,11,11,12,12,11,2,2,4,6,8,3,5,10,10,7,6,3,8,4,5,3,2,1,1,1,0,2,0,1,1,2,3,0,0,0,1,3,2,2,2,1,2,0,0,2,3,3,2,0,0,2,1,2,1,4,1,3,3,3,0,0,2,1,2,3,1,3,1,2,5,0,1,2,2,1,6,2,0,2,1,0,0,0,2,0,1,2,0,3,1,1,4,0,0,0,1,2,8,0,5,0
T2D_donor_03_cell_077,demo,T2D_donor_03,T2D,beta,10,8,3,6,17,9,13,16,16,5,4,6,10,7,4,3,8,8,11,5,5,2,5,3,3,7,1,2,1,1,0,0,7,2,3,2,1,0,2,1,2,0,1,3,0,0,1,0,6,2,4,0,0,1,2,0,3,2,2,1,2,1,2,1,2,0,2,4,5,0,3,0,4,1,0,2,1,0,2,4,3,3,3,2,0,0,2,3,2,1,5,0,2,0,2,0,1,3,1,2,6,2,0,2,2,0
T2D_donor_03_cell_078,demo,T2D_donor_03,T2D,beta,4,4,4,6,5,4,7,5,2,2,13,6,13,12,14,20,12,17,11,8,6,8,7,4,1,2,0,4,1,0,2,0,4,1,2,3,1,2,3,2,0,3,0,4,2,1,0,2,2,0,0,1,1,2,1,2,4,4,0,1,2,1,2,4,2,0,2,2,4,1,2,0,2,2,1,2,1,1,0,0,2,5,1,0,2,3,0,3,1,2,2,3,0,0,1,1,0,0,2,0,0,0,3,2,2,2
T2D_donor_03_cell_079,demo,T2D_donor_03,T2D,beta,6,5,5,8,14,11,12,7,5,8,6,5,4,6,9,9,3,9,6,9,4,4,2,6,3,2,2,1,3,3,5,0,0,0,1,2,1,3,5,1,2,0,2,1,0,2,2,2,0,3,0,2,0,0,1,0,2,2,1,0,2,2,1,0,2,2,0,4,3,0,2,1,4,1,0,2,0,2,1,3,1,6,4,1,0,3,1,1,1,1,6,2,3,1,0,4,2,1,3,2,1,3,0,4,3,5
T2D_donor_03_cell_080,demo,T2D_donor_03,T2D,beta,16,14,24,21,24,21,14,21,23,23,1,5,5,3,2,9,3,3,4,2,9,8,9,3,4,4,2,2,0,2,2,3,0,2,0,3,0,1,3,1,1,1,2,0,4,1,2,1,1,2,2,3,3,0,1,0,1,0,0,0,1,4,2,1,1,2,1,1,2,1,0,1,3,4,0,3,3,0,0,1,1,0,3,3,0,1,5,1,0,1,1,2,3,4,1,1,2,0,1,3,1,3,3,3,0,1
T2D_donor_03_cell_081,demo,T2D_donor_03,T2D,beta,6,15,9,11,15,17,10,16,9,15,2,6,3,3,3,4,3,3,1,6,4,8,0,8,5,1,1,0,2,1,1,0,0,0,1,0,0,4,2,3,3,1,0,1,1,3,1,1,6,2,3,6,2,2,1,0,1,0,2,1,0,1,2,2,2,1,1,0,1,0,3,4,1,1,3,1,2,4,3,0,3,2,2,1,2,5,0,1,3,1,2,3,0,2,1,3,4,3,0,4,3,6,2,1,2,0
T2D_donor_03_cell_082,demo,T2D_donor_03,T2D,beta,16,19,14,25,14,19,20,29,28,22,4,3,2,3,1,1,1,1,1,3,6,3,6,4,5,3,1,1,2,3,2,2,1,1,2,2,4,1,3,3,3,4,1,2,2,2,3,0,1,0,0,2,1,2,1,4,3,2,2,3,1,5,1,3,1,0,1,3,0,0,0,3,1,0,0,1,1,0,3,2,1,2,0,2,2,0,1,0,3,1,5,0,3,3,0,2,4,5,1,5,3,2,0,1,2,1
T2D_donor_03_cell_083,demo,T2D_donor_03,T2D,beta,3,5,2,8,6,4,5,0,4,1,13,13,15,11,8,13,16,11,21,18,4,2,6,8,2,3,1,3,2,2,0,2,5,0,3,0,1,2,2,1,0,1,3,1,1,1,0,2,1,0,0,0,1,5,1,2,1,4,2,4,2,2,5,0,0,6,0,1,3,1,3,1,0,0,2,1,0,3,0,3,2,4,2,0,2,3,2,0,2,0,1,0,3,2,2,1,0,2,1,0,2,2,2,0,1,3
T2D_donor_03_cell_084,demo,T2D_donor_03,T2D,beta,20,11,15,18,13,15,15,22,13,17,3,1,1,4,2,2,2,1,4,5,11,1,5,7,7,3,0,2,0,1,2,3,2,0,1,3,1,1,1,1,1,3,0,0,0,1,0,2,3,1,2,3,3,0,0,0,3,5,3,2,2,1,3,2,0,0,8,1,4,0,0,2,1,3,1,1,2,2,1,2,3,4,2,3,3,5,2,3,0,2,4,1,0,0,1,0,3,3,0,2,3,2,0,3,2,1
T2D_donor_03_cell_085,demo,T2D_donor_03,T2D,beta,12,15,16,18,11,13,16,12,14,10,5,1,1,7,4,2,8,4,6,5,8,7,8,4,5,7,1,0,1,1,1,0,1,0,2,3,4,2,0,0,1,4,0,4,0,2,2,6,3,1,3,0,1,0,0,2,1,1,5,0,3,2,0,1,2,2,3,2,2,3,2,1,0,4,4,2,4,1,2,2,1,1,2,0,1,2,3,3,2,1,2,3,5,2,2,5,3,0,2,2,1,1,4,0,0,3
T2D_donor_03_cell_086,demo,T2D_donor_03,T2D,beta,11,8,9,12,7,11,15,8,7,16,7,6,8,9,11,4,10,7,4,8,4,5,2,4,3,1,3,0,1,1,1,1,0,2,1,4,1,3,1,2,0,0,0,1,2,1,3,0,0,5,1,2,4,1,2,1,1,0,5,1,0,2,2,2,2,4,0,1,0,2,4,0,1,1,4,1,0,3,4,3,0,2,0,0,2,0,1,1,1,4,0,1,0,4,5,4,1,3,1,0,0,1,0,1,2,1
T2D_donor_03_cell_087,demo,T2D_donor_03,T2D,beta,10,17,12,11,16,14,18,14,18,18,2,6,1,2,5,1,5,3,5,2,8,5,5,10,5,3,1,1,2,4,2,4,2,0,0,0,0,3,0,1,0,2,1,0,0,1,3,3,2,1,0,3,1,5,2,1,1,1,1,0,1,1,4,5,1,2,2,0,2,2,4,0,4,1,3,0,0,0,2,2,2,2,1,4,2,3,2,3,5,3,0,1,0,0,2,0,5,2,2,2,0,2,3,1,0,2
T2D_donor_03_cell_088,demo,T2D_donor_03,T2D,beta,3,2,4,8,3,3,4,4,4,5,14,13,14,17,11,17,14,13,13,15,2,4,3,1,7,3,0,1,1,1,1,1,2,1,0,2,2,2,4,2,3,1,0,1,3,0,3,3,1,1,3,4,0,3,5,1,0,1,1,2,2,1,2,3,2,2,2,1,3,0,2,1,1,2,2,0,2,2,3,4,4,0,3,0,1,3,0,2,0,3,2,2,2,4,3,2,3,0,1,0,4,4,3,1,1,0
T2D_donor_03_cell_089,demo,T2D_donor_03,T2D,beta,5,9,9,4,9,8,8,6,10,4,7,6,8,5,4,7,2,7,8,7,7,3,5,8,4,5,3,2,2,3,2,1,4,3,1,4,1,3,0,0,3,1,1,0,2,2,1,2,0,0,0,0,3,1,5,5,3,1,1,0,2,0,3,2,0,2,1,1,5,4,3,0,3,2,2,3,0,2,4,0,0,1,4,1,0,1,3,0,1,2,0,0,0,2,3,1,0,0,0,6,1,1,3,1,4,1
T2D_donor_03_cell_090,demo,T2D_donor_03,T2D,beta,10,9,10,8,11,6,13,11,9,10,4,3,5,4,8,7,9,4,4,4,2,2,6,5,4,9,1,4,2,1,1,3,2,1,0,0,2,2,0,2,0,5,0,3,1,1,1,0,2,0,2,2,5,4,2,1,4,1,3,0,1,3,4,0,0,2,1,0,5,2,1,0,3,2,0,2,1,0,1,3,4,3,2,1,3,1,1,1,4,2,0,0,1,1,1,2,0,2,3,0,2,1,3,2,2,1
T2D_donor_03_cell_091,demo,T2D_donor_03,T2D,beta,8,8,7,13,10,7,12,8,10,9,9,8,8,6,9,8,8,8,4,11,3,5,4,4,6,1,4,3,2,1,1,0,4,3,0,1,1,2,2,3,4,0,0,0,1,1,2,1,0,5,2,2,4,3,0,0,0,1,1,1,1,6,1,1,1,1,0,0,1,1,0,0,2,5,1,4,2,4,1,4,2,1,1,2,3,2,5,2,0,0,3,0,1,4,4,1,2,5,4,3,0,2,2,0,2,1
T2D_donor_03_cell_092,demo,T2D_donor_03,T2D,beta,27,19,19,16,17,14,25,24,18,13,5,5,3,6,3,3,1,7,6,2,6,4,5,5,2,6,2,2,3,1,3,1,2,0,3,2,4,1,2,0,2,3,3,6,0,0,2,0,6,4,4,7,5,6,1,3,2,5,2,2,2,1,2,0,0,1,6,1,6,1,3,1,2,3,1,1,1,0,2,1,1,0,1,4,2,2,2,1,2,1,1,0,0,0,2,0,0,1,1,1,1,1,4,0,2,2
T2D_donor_03_cell_093,demo,T2D_donor_03,T2D,beta,17,12,16,10,12,11,10,16,15,17,5,3,7,2,1,2,4,1,3,3,7,9,9,6,9,4,0,3,1,4,3,2,0,2,5,2,4,1,0,1,2,4,1,2,1,0,1,0,4,3,0,1,3,0,2,0,0,5,2,2,0,4,1,1,0,4,0,1,0,8,0,1,1,1,1,1,1,1,4,0,1,4,1,1,0,1,2,2,4,1,1,0,2,1,0,3,0,0,1,4,1,0,1,4,5,0
T2D_donor_03_cell_094,demo,T2D_donor_03,T2D,beta,12,4,13,3,7,6,7,11,5,8,5,9,10,11,9,6,14,6,9,7,6,3,2,1,7,5,1,1,0,5,1,1,3,1,2,4,2,0,0,0,2,1,3,2,2,1,0,1,1,2,0,3,1,1,1,0,1,1,2,0,4,8,3,3,0,1,0,0,0,0,1,1,4,5,0,0,0,0,7,0,1,0,2,2,3,2,0,0,4,1,4,0,6,2,2,0,0,2,3,0,1,4,1,5,1,3
T2D_donor_03_cell_095,demo,T2D_donor_03,T2D,beta,14,12,11,7,14,9,14,10,10,15,5,2,7,5,4,8,3,3,4,8,9,11,5,3,4,6,1,1,1,0,3,1,2,3,1,7,0,2,4,0,1,3,2,2,1,2,0,1,0,2,2,0,3,0,0,3,1,5,1,1,2,2,1,1,2,2,3,2,1,4,0,0,2,2,0,4,2,7,3,2,2,1,3,3,2,2,2,4,0,2,2,5,1,1,0,2,2,2,3,1,0,1,0,0,1,4
T2D_donor_03_cell_096,demo,T2D_donor_03,T2D,beta,8,6,5,4,8,4,7,7,3,6,17,9,11,12,11,9,16,15,7,9,7,6,2,6,5,2,1,3,0,2,3,1,1,0,4,1,0,0,0,1,0,1,3,0,0,1,3,1,2,1,0,1,0,3,2,1,1,2,1,0,1,1,4,2,0,3,2,3,0,0,2,4,2,4,3,1,2,3,1,1,3,1,3,1,3,1,2,2,2,2,0,4,2,1,0,4,4,1,2,2,3,1,2,1,2,5
T2D_donor_03_cell_097,demo,T2D_donor_03,T2D,beta,21,11,15,16,10,18,12,9,19,15,5,2,0,4,2,7,5,3,5,4,10,4,3,2,12,2,1,4,3,2,2,2,0,0,4,0,1,1,2,3,2,0,3,4,3,1,4,3,1,1,2,0,3,5,2,3,0,1,3,0,1,1,1,2,1,2,5,2,1,1,2,3,1,3,2,2,2,1,2,1,4,1,4,1,5,1,1,0,1,1,0,2,2,1,2,1,1,4,0,2,5,0,2,0,1,0
T2D_donor_03_cell_098,demo,T2D_donor_03,T2D,beta,12,12,7,5,18,10,10,6,6,7,6,3,4,5,1,3,7,5,7,3,3,6,4,5,5,4,3,6,1,0,0,1,2,0,3,1,0,4,0,3,5,4,3,0,1,2,0,1,2,0,3,1,1,1,1,0,4,1,2,2,2,0,0,6,1,2,3,1,3,0,0,1,0,3,2,1,1,2,0,2,0,3,3,2,1,1,0,3,2,0,2,4,3,3,1,2,2,3,1,1,0,2,0,0,1,2
T2D_donor_03_cell_099,demo,T2D_donor_03,T2D,beta,9,2,5,4,5,2,5,3,4,1,14,11,10,13,14,4,14,14,7,13,2,5,3,3,4,5,2,3,2,0,1,0,2,2,2,3,1,2,0,0,1,5,0,0,1,1,1,2,1,4,5,4,2,1,4,0,0,0,1,6,2,0,2,2,4,5,2,4,3,0,2,2,0,0,1,3,4,2,0,2,2,6,1,3,4,2,1,2,0,0,1,2,0,1,2,1,3,0,1,2,2,2,5,2,1,0
T2D_donor_03_cell_100,demo,T2D_donor_03,T2D,beta,8,11,16,17,13,17,17,18,7,11,3,4,5,2,6,4,3,2,6,2,3,5,11,6,3,3,2,2,2,1,5,1,0,1,2,1,0,1,4,3,0,1,0,2,3,0,2,2,1,3,3,0,1,0,2,2,1,2,2,2,0,4,1,1,0,4,1,0,1,1,1,2,0,4,3,2,1,3,0,1,1,6,0,2,0,0,3,3,0,5,1,2,2,2,2,2,1,1,0,1,0,0,1,1,3,4
T2D_donor_03_cell_101,demo,T2D_donor_03,T2D,beta,8,6,2,8,3,4,7,4,7,0,16,15,9,17,13,11,17,13,16,9,2,1,5,3,2,1,0,11,0,0,6,0,3,1,1,1,1,1,1,3,2,2,3,0,1,0,3,1,0,0,3,0,2,0,0,1,2,2,2,1,3,0,1,1,0,1,2,5,1,3,2,0,2,5,0,1,1,1,1,2,0,4,1,4,0,4,3,1,3,3,2,2,3,1,1,0,0,0,3,2,2,0,2,2,2,3
T2D_donor_03_cell_102,demo,T2D_donor_03,T2D,beta,9,12,11,11,8,12,11,10,10,14,3,0,3,2,1,5,5,4,1,4,4,6,4,8,7,4,3,2,1,3,0,4,2,1,1,3,3,2,2,3,1,0,3,0,5,1,1,5,1,5,0,0,2,0,1,2,1,4,1,1,1,1,2,6,1,2,3,2,3,4,2,4,0,3,2,5,2,1,3,2,4,0,1,0,0,3,1,0,0,3,3,1,5,2,3,1,1,2,1,0,9,6,1,1,0,2
T2D_donor_03_cell_103,demo,T2D_donor_03,T2D,beta,4,3,3,4,9,2,8,6,5,3,10,4,17,7,12,12,15,10,15,11,5,6,1,5,7,3,1,1,0,1,3,4,0,0,2,4,2,0,3,1,2,0,2,4,3,0,2,4,0,3,0,3,0,4,0,2,7,1,3,2,4,2,5,5,0,4,2,1,1,1,1,2,0,2,0,1,4,1,1,1,3,0,0,2,1,3,1,6,1,2,2,1,0,0,0,1,1,1,2,1,1,5,1,1,4,5
T2D_donor_03_cell_104,demo,T2D_donor_03,T2D,beta,5,7,4,4,5,2,3,5,4,6,11,10,16,7,12,16,18,12,11,11,2,3,5,7,6,5,2,1,0,1,3,3,1,2,1,1,0,1,1,3,1,7,6,0,1,0,1,0,0,3,0,0,3,1,2,3,3,1,2,0,1,1,1,1,2,0,1,3,2,3,3,1,0,1,0,3,5,0,0,0,3,2,0,2,1,1,3,0,4,0,2,2,0,2,0,4,1,1,0,1,0,1,1,3,2,0
T2D_donor_03_cell_105,demo,T2D_donor_03,T2D,beta,21,14,14,13,19,18,22,17,7,22,1,2,1,4,2,3,1,0,3,3,4,3,6,2,4,5,0,2,2,0,2,4,2,2,1,1,0,5,1,1,2,2,3,1,2,1,2,6,1,0,4,5,3,0,4,5,4,0,1,3,2,1,3,1,2,2,3,3,0,1,2,4,0,4,4,1,1,2,0,1,1,3,1,1,1,2,1,4,0,1,1,0,5,0,2,2,4,1,3,0,3,3,3,2,3,2
T2D_donor_03_cell_106,demo,T2D_donor_03,T2D,beta,13,12,6,10,5,19,9,4,8,15,3,7,4,3,4,4,6,3,5,6,5,4,2,9,5,2,1,1,1,0,2,2,1,0,1,0,0,2,4,1,2,2,6,0,1,1,3,0,2,0,3,2,2,1,2,1,1,1,2,2,1,1,2,4,3,3,2,0,3,1,0,2,0,1,0,3,3,2,1,0,1,0,5,1,3,7,0,1,6,3,0,2,3,0,1,4,0,4,4,1,6,1,2,5,1,0
T2D_donor_03_cell_107,demo,T2D_donor_03,T2D,beta,9,10,10,14,9,10,8,10,8,6,5,4,4,4,7,7,5,5,5,5,5,7,3,1,1,4,1,3,3,1,2,2,1,2,0,4,2,1,3,0,1,2,4,2,3,1,4,0,0,0,0,0,0,3,2,0,4,4,2,0,1,1,1,0,2,7,3,0,3,0,1,1,2,3,1,0,2,5,0,1,3,1,1,1,3,1,3,3,2,3,2,4,0,3,0,1,3,2,0,2,2,3,0,2,3,0
T2D_donor_03_cell_108,demo,T2D_donor_03,T2D,beta,5,4,3,6,4,7,1,10,4,6,10,5,11,9,10,9,9,6,11,10,5,2,6,3,7,8,2,2,0,4,1,1,3,1,1,2,0,1,3,2,1,0,3,1,1,0,0,2,0,1,1,3,2,2,1,2,1,3,1,2,1,1,1,1,3,2,2,0,1,2,2,4,1,1,2,2,0,3,2,1,2,1,1,2,1,1,3,1,0,1,1,1,1,2,2,10,1,2,0,0,4,1,2,0,0,1
T2D_donor_03_cell_109,demo,T2D_donor_03,T2D,beta,12,11,24,19,17,20,15,10,18,13,3,5,3,4,1,4,3,2,3,2,4,0,3,6,4,2,4,0,5,2,3,1,5,1,1,3,0,3,0,2,6,3,0,0,0,0,0,0,4,0,3,2,0,0,1,1,0,1,3,2,2,0,4,2,3,1,0,3,0,3,3,2,0,4,1,3,1,3,3,2,3,0,0,3,1,0,1,1,1,0,1,4,0,0,0,2,2,1,4,1,1,1,3,2,0,3
T2D_donor_03_cell_110,demo,T2D_donor_03,T2D,beta,26,28,19,19,25,27,28,28,21,30,1,2,1,2,2,2,2,0,2,3,8,14,8,2,7,7,0,6,3,0,1,3,2,1,0,2,3,0,1,2,2,2,0,0,1,1,3,4,0,0,2,0,2,4,2,0,1,3,1,1,1,2,2,1,2,0,5,0,2,1,0,6,2,4,1,0,2,2,3,0,0,1,0,3,0,6,3,3,4,1,1,1,4,0,1,1,0,5,1,0,1,1,1,0,1,2
T2D_donor_03_cell_111,demo,T2D_donor_03,T2D,beta,9,14,11,16,13,14,10,12,11,13,5,3,3,5,4,7,4,4,4,4,8,5,7,8,1,7,0,0,1,4,4,0,2,1,1,2,6,1,3,0,0,1,2,4,1,2,1,1,1,2,2,3,0,2,0,1,2,1,5,2,3,2,1,4,2,0,0,1,3,2,0,3,3,2,6,3,6,0,1,0,3,3,1,2,1,4,4,0,1,0,3,1,0,2,3,1,1,3,1,2,3,0,2,0,6,2
T2D_donor_03_cell_112,demo,T2D_donor_03,T2D,beta,21,20,24,29,19,25,27,29,27,22,2,4,2,3,3,3,2,1,6,2,2,8,7,14,10,4,1,1,1,1,2,2,1,7,0,0,0,1,4,1,4,3,1,0,6,0,1,2,2,2,0,0,1,5,0,1,2,2,0,2,2,2,2,0,3,2,1,4,0,2,4,4,1,2,1,1,0,1,2,1,1,3,2,2,1,1,0,0,3,2,3,2,0,1,2,2,1,2,3,2,7,0,2,1,4,2
T2D_donor_03_cell_113,demo,T2D_donor_03,T2D,beta,11,11,18,9,15,11,10,12,17,13,5,1,4,4,2,1,2,5,2,6,4,4,5,6,7,3,1,1,1,2,2,3,2,1,3,2,1,2,0,2,2,2,3,5,2,1,3,1,3,1,4,0,3,3,5,1,1,3,3,4,3,2,2,1,3,2,4,1,3,2,2,3,4,0,2,2,1,1,2,3,2,1,1,0,0,0,4,1,6,2,2,3,1,5,1,3,2,0,2,1,0,0,3,2,5,0
T2D_donor_03_cell_114,demo,T2D_donor_03,T2D,beta,8,5,9,5,3,6,6,8,8,4,11,8,10,11,14,13,10,15,8,13,3,4,7,3,2,7,4,0,2,2,0,3,0,3,2,3,4,2,3,1,0,0,2,2,3,1,1,0,2,2,4,1,2,0,5,3,1,0,2,4,1,0,3,0,1,8,3,3,5,4,0,2,5,0,0,0,3,1,2,2,0,2,0,5,5,2,5,1,2,0,1,1,2,3,0,1,2,0,3,1,1,2,1,2,1,1
T2D_donor_03_cell_115,demo,T2D_donor_03,T2D,beta,5,6,8,4,1,2,6,4,4,7,9,7,9,14,5,16,14,16,17,11,5,4,2,6,4,5,1,1,0,4,1,3,3,4,0,2,1,2,0,2,0,3,2,0,4,4,0,3,2,2,0,2,0,2,1,0,3,2,0,2,1,2,1,1,2,5,1,1,4,1,1,3,0,3,2,0,1,2,1,3,2,0,1,2,3,2,2,0,1,2,2,3,4,1,1,2,5,1,0,3,0,1,0,0,0,1
T2D_donor_03_cell_116,demo,T2D_donor_03,T2D,beta,25,24,36,19,23,20,18,23,24,21,3,1,2,1,4,4,3,1,3,2,5,8,5,3,11,6,0,0,0,1,1,2,5,1,0,2,2,1,4,1,3,5,1,2,1,2,0,3,3,0,2,2,3,2,4,0,6,0,3,3,2,1,0,0,0,0,3,3,4,1,1,3,0,0,0,5,0,4,0,0,2,1,1,3,1,2,2,1,1,1,3,1,2,0,3,3,1,2,1,2,2,2,1,1,2,0
T2D_donor_03_cell_117,demo,T2D_donor_03,T2D,beta,15,13,24,18,15,13,15,20,16,23,3,7,2,3,2,1,2,5,0,3,6,1,4,4,11,9,0,1,1,2,4,2,4,5,2,2,1,1,2,3,1,3,3,1,3,1,4,0,1,0,0,1,2,3,0,4,2,4,3,0,3,1,1,1,6,3,1,3,0,2,1,3,1,1,1,3,0,1,1,1,2,2,2,1,3,2,1,1,2,0,3,2,2,0,2,4,1,1,1,0,2,0,2,2,0,1
T2D_donor_03_cell_118,demo,T2D_donor_03,T2D,beta,3,7,6,8,4,5,5,6,6,3,7,12,12,10,5,11,8,0,14,5,3,1,8,2,1,5,2,2,2,0,4,0,1,0,3,1,1,1,1,3,3,1,0,0,0,0,2,1,1,2,1,1,3,6,3,1,2,2,4,4,0,2,5,1,2,0,1,4,2,1,0,1,2,2,1,2,0,3,2,3,3,3,3,1,1,2,0,0,4,3,2,1,2,0,1,3,0,1,0,0,2,1,1,2,0,0
T2D_donor_03_cell_119,demo,T2D_donor_03,T2D,beta,7,7,10,11,10,13,15,9,6,5,5,3,5,2,8,4,1,5,7,7,9,3,2,10,11,5,2,0,1,0,5,2,2,3,2,2,2,1,0,2,1,2,1,4,1,0,3,0,1,1,2,2,0,1,0,2,2,2,5,4,3,1,2,5,0,1,2,0,1,2,3,4,0,0,1,3,3,0,1,2,0,1,1,1,0,1,0,3,2,0,3,0,5,0,1,1,5,4,1,1,1,1,1,0,8,2
T2D_donor_04_cell_000,demo,T2D_donor_04,T2D,beta,9,10,12,19,8,16,15,16,11,15,7,6,10,6,3,9,5,5,5,7,5,5,7,0,8,12,1,1,3,1,0,3,2,2,1,1,5,1,0,2,1,2,3,3,2,0,1,3,0,3,0,4,1,0,1,3,3,0,0,1,0,1,4,0,1,0,0,6,1,4,0,2,0,3,2,1,2,2,0,1,4,6,2,1,1,0,0,2,1,0,4,0,1,1,2,1,1,1,2,4,2,0,1,1,3,5
T2D_donor_04_cell_001,demo,T2D_donor_04,T2D,beta,14,23,15,21,23,25,27,17,18,22,4,2,5,3,0,1,2,1,0,3,6,4,5,7,8,8,1,1,2,1,0,0,1,1,3,2,1,1,1,1,1,2,0,0,3,0,3,1,1,1,4,2,0,2,1,3,1,3,3,1,1,4,3,2,2,0,1,1,0,1,0,4,1,3,0,2,6,1,9,4,3,7,2,2,4,4,1,2,5,3,4,2,3,1,1,1,2,3,2,3,0,1,1,0,2,0
T2D_donor_04_cell_002,demo,T2D_donor_04,T2D,beta,12,15,12,15,17,13,12,14,16,17,1,1,6,2,4,3,1,2,0,6,3,6,3,2,8,11,3,3,0,0,1,2,1,6,4,2,2,1,2,0,2,2,4,3,2,1,1,1,0,0,2,0,2,4,2,1,1,2,2,2,2,2,1,0,3,1,1,1,4,1,2,1,0,1,2,0,1,0,2,1,0,1,4,1,1,2,1,0,2,0,0,3,1,1,1,0,0,4,4,2,1,0,3,0,1,4
T2D_donor_04_cell_003,demo,T2D_donor_04,T2D,beta,3,1,3,7,7,2,7,4,5,5,18,14,9,14,17,18,14,16,17,9,1,3,3,3,8,4,0,0,1,1,2,2,2,1,3,1,2,3,0,3,0,0,1,1,2,0,1,1,1,0,4,1,3,3,1,5,1,6,0,3,1,1,0,1,3,0,3,0,2,3,1,1,1,4,0,2,1,6,2,1,3,0,4,1,1,5,0,2,2,0,2,1,1,0,0,3,0,4,3,0,1,2,2,4,0,0
T2D_donor_04_cell_004,demo,T2D_donor_04,T2D,beta,4,6,13,5,4,5,9,6,9,5,5,9,8,9,7,8,8,6,12,5,2,4,7,5,4,4,2,1,2,3,2,0,4,3,3,3,1,3,2,1,2,2,1,1,0,5,1,1,0,1,4,2,3,3,4,4,1,1,1,1,3,1,2,4,0,2,0,2,3,0,3,0,2,1,3,3,2,1,2,1,4,2,5,1,3,2,0,2,0,0,0,1,2,2,1,1,2,5,3,1,3,1,2,0,0,3
T2D_donor_04_cell_005,demo,T2D_donor_04,T2D,beta,2,6,7,5,3,3,2,1,5,3,16,13,25,13,13,12,14,12,13,21,10,2,1,1,4,3,1,0,1,4,3,1,4,1,4,2,1,2,2,2,2,0,1,2,0,1,1,3,1,1,0,2,2,0,0,0,1,3,0,1,1,1,1,4,1,2,3,1,5,2,2,1,3,3,2,0,4,7,4,2,1,1,5,0,0,1,2,2,1,1,2,3,1,0,0,3,5,1,1,1,1,1,3,0,4,1
T2D_donor_04_cell_006,demo,T2D_donor_04,T2D,beta,51,43,55,37,48,49,46,55,43,45,2,3,3,0,0,1,2,1,0,2,7,9,9,7,7,6,0,0,0,2,3,3,1,1,2,2,4,2,0,3,4,2,1,4,1,2,1,1,2,3,3,5,3,1,2,1,0,1,3,3,3,0,1,3,2,0,0,0,1,1,2,3,3,0,2,4,1,0,1,1,1,1,1,2,2,2,1,3,2,0,4,2,4,4,2,0,0,0,4,5,3,1,1,4,0,1
T2D_donor_04_cell_007,demo,T2D_donor_04,T2D,beta,18,19,22,25,20,16,21,17,19,18,0,6,3,1,2,5,3,1,5,4,10,4,6,7,10,5,3,0,0,2,1,2,3,2,0,0,0,3,4,0,0,7,0,0,0,1,1,2,4,0,3,1,0,1,0,1,2,1,1,2,0,2,1,0,2,2,2,1,3,0,1,2,6,4,0,0,2,1,1,1,1,0,0,0,2,3,1,2,11,4,0,1,2,2,2,3,2,1,3,2,2,1,3,1,0,2
T2D_donor_04_cell_008,demo,T2D_donor_04,T2D,beta,8,4,5,3,3,3,5,4,5,0,25,23,24,26,19,30,25,24,30,21,3,2,1,1,6,4,1,1,0,2,2,0,5,0,2,0,1,5,0,1,5,8,1,0,2,2,0,1,2,2,1,3,2,1,3,4,4,5,3,2,4,0,0,0,0,1,3,1,0,2,0,5,1,0,1,0,1,0,4,1,3,0,1,0,4,2,2,2,2,0,2,3,2,1,1,0,0,0,1,0,0,0,3,0,3,0
T2D_donor_04_cell_009,demo,T2D_donor_04,T2D,beta,10,15,10,12,13,5,2,8,13,11,6,7,6,10,8,8,10,9,2,8,6,3,3,5,1,5,1,3,0,2,0,0,0,1,2,0,1,0,2,3,2,4,4,1,3,3,0,2,3,4,3,3,4,0,4,3,2,1,3,1,0,0,4,6,1,1,0,2,2,2,1,2,2,1,1,1,2,0,4,1,0,2,2,2,1,2,1,3,1,4,0,3,3,2,0,2,3,1,2,2,0,2,0,0,4,4
T2D_donor_04_cell_010,demo,T2D_donor_04,T2D,beta,12,13,11,16,16,13,14,8,13,12,7,4,4,5,1,6,3,5,3,5,4,9,4,3,3,4,1,0,2,0,1,2,0,1,1,1,1,1,4,3,1,2,0,1,0,2,3,2,1,2,4,5,1,0,3,0,4,3,3,0,0,5,1,0,2,2,2,0,3,1,0,1,0,1,2,1,0,6,0,1,1,1,0,5,0,3,0,2,0,0,2,2,4,0,1,1,2,4,1,1,2,5,3,2,4,1
T2D_donor_04_cell_011,demo,T2D_donor_04,T2D,beta,16,16,20,21,23,16,20,23,22,22,8,2,3,4,3,4,4,7,4,5,5,10,5,5,7,5,0,4,0,1,2,4,3,0,2,0,0,1,0,3,4,4,2,1,1,1,1,2,3,0,3,1,0,5,5,1,2,5,1,1,0,3,2,2,3,1,4,3,1,0,5,4,0,2,1,0,2,3,4,3,5,2,3,2,2,1,1,5,1,2,2,0,4,4,0,2,3,6,1,0,4,3,4,1,2,2
T2D_donor_04_cell_012,demo,T2D_donor_04,T2D,beta,33,39,25,38,25,34,32,31,37,34,3,1,2,0,3,1,0,2,1,0,6,5,3,8,4,2,3,1,4,3,0,1,1,1,4,0,1,6,0,3,1,1,1,0,1,2,1,1,4,2,2,2,0,0,2,0,1,0,0,3,0,2,0,6,3,4,2,5,1,2,0,2,1,1,1,2,4,3,0,5,1,0,1,0,3,0,0,1,1,0,4,4,0,1,2,0,4,1,5,1,4,1,1,0,4,1
T2D_donor_04_cell_013,demo,T2D_donor_04,T2D,beta,14,7,15,10,5,16,8,12,5,8,5,7,6,8,4,5,11,9,11,5,9,4,5,7,4,3,1,3,2,2,1,3,2,3,2,4,3,1,2,2,0,2,0,0,0,0,0,0,1,0,1,0,2,1,4,1,1,0,0,3,4,0,5,2,1,0,3,2,0,2,1,0,2,2,1,1,1,0,3,0,1,0,3,1,0,1,2,2,1,3,1,2,1,3,0,2,1,3,1,1,1,0,0,2,4,2
T2D_donor_04_cell_014,demo,T2D_donor_04,T2D,beta,5,5,3,3,5,7,12,5,7,9,11,11,9,11,11,8,5,4,11,2,5,6,5,3,7,4,0,1,4,2,1,3,0,2,3,1,1,1,0,2,1,1,0,3,3,4,1,4,1,5,0,1,1,3,1,0,2,2,2,3,1,0,0,1,1,1,5,0,6,3,4,1,3,3,3,2,0,2,5,6,1,4,3,2,2,3,1,0,0,1,3,0,0,0,2,3,1,1,2,1,2,0,3,3,4,2
T2D_donor_04_cell_015,demo,T2D_donor_04,T2D,beta,7,15,19,5,11,14,7,11,19,14,4,4,4,5,1,6,2,7,6,4,6,6,3,7,7,6,5,1,4,2,2,2,1,0,0,1,2,0,0,2,4,2,1,0,0,0,1,2,3,0,6,3,3,2,3,3,2,4,0,1,1,1,4,1,1,3,1,2,0,1,2,0,0,5,3,3,0,1,2,6,2,2,1,0,0,1,3,2,1,2,3,1,2,2,1,0,1,0,0,2,0,1,2,1,2,4
T2D_donor_04_cell_016,demo,T2D_donor_04,T2D,beta,19,30,15,28,23,17,20,17,23,24,3,3,4,2,4,4,5,4,5,1,6,8,11,7,8,5,1,4,1,2,5,1,2,1,3,0,1,0,2,3,2,1,3,0,0,0,1,1,0,0,2,4,2,1,1,1,4,3,11,1,1,2,3,3,2,2,3,3,2,0,1,2,1,2,1,5,2,0,0,1,0,0,3,1,2,0,4,0,0,1,3,3,0,1,1,3,0,3,1,0,1,1,2,2,0,4
T2D_donor_04_cell_017,demo,T2D_donor_04,T2D,beta,29,23,24,25,19,28,40,16,19,26,3,1,2,1,3,1,3,1,0,1,6,4,6,4,6,8,4,1,2,0,1,3,4,2,0,0,2,5,2,0,0,2,2,0,3,3,1,4,1,2,1,0,1,0,1,0,2,2,0,4,1,1,2,1,3,5,2,2,1,1,1,2,2,3,3,1,1,4,0,2,2,3,4,1,4,1,2,0,2,2,2,2,1,3,0,2,2,1,2,4,0,0,4,4,1,2
T2D_donor_04_cell_018,demo,T2D_donor_04,T2D,beta,9,15,7,19,11,14,17,12,10,16,2,2,5,6,1,4,6,7,5,4,5,2,3,4,2,9,0,2,1,2,1,2,2,0,3,1,4,5,3,2,1,2,1,4,3,3,1,0,1,0,4,4,1,2,3,1,2,2,3,2,1,0,1,1,2,0,3,3,0,1,2,1,2,0,3,2,4,2,4,2,2,0,2,2,0,1,1,5,0,2,3,2,0,1,0,3,0,1,0,4,3,1,3,2,2,2
T2D_donor_04_cell_019,demo,T2D_donor_04,T2D,beta,12,13,13,11,7,11,9,10,8,12,4,2,6,7,12,1,7,5,4,7,3,3,3,3,9,11,1,1,2,4,2,1,4,1,2,1,11,5,0,2,0,0,0,2,3,1,3,3,3,0,3,2,2,0,1,3,1,6,3,3,0,1,2,2,1,1,0,1,1,3,3,3,0,0,1,1,0,3,4,3,1,2,1,1,2,1,2,3,3,7,2,1,1,1,0,1,0,0,1,1,3,3,4,2,1,6
T2D_donor_04_cell_020,demo,T2D_donor_04,T2D,beta,12,5,15,7,8,7,14,12,8,14,8,4,8,9,3,3,3,2,11,4,3,3,5,4,3,6,0,1,0,1,1,3,1,4,0,1,1,0,1,3,1,0,4,1,0,3,1,0,0,4,0,0,4,2,2,0,1,5,1,0,2,1,1,4,0,0,1,1,1,1,3,3,4,3,2,0,3,3,1,0,4,1,3,1,1,3,2,0,3,0,1,2,3,1,1,5,0,4,1,0,1,2,1,1,2,2
T2D_donor_04_cell_021,demo,T2D_donor_04,T2D,beta,7,10,10,5,8,9,6,13,9,8,4,5,11,2,6,6,8,12,4,4,5,3,3,9,3,3,1,4,3,1,1,2,3,4,0,1,1,2,2,1,4,1,2,1,5,2,2,1,0,4,0,3,1,0,0,2,1,0,0,1,4,2,2,3,0,2,0,1,1,1,4,2,1,5,2,3,0,3,4,2,2,1,1,0,2,3,5,5,0,0,1,4,2,7,1,0,1,5,4,2,0,4,0,1,0,3
T2D_donor_04_cell_022,demo,T2D_donor_04,T2D,beta,10,15,9,10,6,14,17,10,15,7,3,1,4,5,4,2,9,4,2,6,6,3,4,7,7,1,1,1,3,0,4,3,1,0,0,0,3,3,1,2,0,1,4,0,1,2,0,4,2,2,0,0,2,2,0,1,2,2,3,2,2,0,2,2,2,6,2,1,3,3,1,2,1,1,3,2,2,3,5,3,0,0,1,2,3,2,3,1,2,1,0,1,1,3,1,2,1,2,1,1,4,1,4,1,0,3
T2D_donor_04_cell_023,demo,T2D_donor_04,T2D,beta,13,18,20,15,11,16,16,16,12,22,1,1,2,3,3,3,2,2,3,3,7,6,6,7,3,4,3,4,1,4,2,2,2,1,3,1,2,2,1,1,2,0,2,2,2,2,6,1,0,2,2,1,0,0,0,1,1,7,1,4,1,1,6,1,3,5,2,6,5,2,1,0,1,1,0,1,3,3,4,0,1,2,5,1,0,2,4,2,1,3,1,3,2,4,1,3,2,0,3,1,5,1,2,4,5,3
T2D_donor_04_cell_024,demo,T2D_donor_04,T2D,beta,5,7,9,5,3,6,9,5,7,7,11,12,6,9,8,9,3,11,13,12,1,4,5,3,5,9,0,5,3,1,1,0,4,3,3,2,1,0,1,0,0,2,0,4,3,2,2,2,3,3,3,3,2,4,1,2,0,1,0,2,3,1,1,3,0,0,3,4,4,1,2,4,2,1,1,0,0,1,1,4,0,0,3,2,1,2,1,2,4,5,0,4,1,2,3,4,2,2,1,1,2,3,3,0,2,5
T2D_donor_04_cell_025,demo,T2D_donor_04,T2D,beta,8,14,12,5,15,14,5,9,14,12,5,4,5,5,6,7,5,9,2,5,3,4,7,5,8,8,0,1,2,1,1,0,1,1,0,4,1,2,0,0,3,0,0,0,2,1,2,1,1,3,1,1,2,2,2,3,2,2,3,3,2,1,2,0,1,1,1,0,0,2,0,0,1,3,1,5,2,1,0,3,3,1,0,1,1,2,2,4,0,3,0,2,0,2,0,0,0,0,0,2,4,1,2,1,0,0
T2D_donor_04_cell_026,demo,T2D_donor_04,T2D,beta,15,14,12,15,10,13,17,17,8,19,5,4,4,6,2,2,5,3,7,3,5,9,4,5,4,5,1,2,1,2,1,3,2,0,1,0,4,3,3,1,1,6,2,2,3,6,0,3,2,1,6,0,2,2,1,1,1,5,1,4,6,3,2,2,2,0,1,0,3,1,1,0,2,2,0,2,4,3,3,1,0,0,3,0,2,4,1,3,5,2,1,5,3,3,2,2,1,1,0,5,3,3,1,2,0,1
T2D_donor_04_cell_027,demo,T2D_donor_04,T2D,beta,10,13,4,8,6,5,9,11,11,5,2,6,10,7,2,3,11,7,4,10,8,8,2,10,6,13,1,1,1,2,0,2,1,3,2,2,2,4,1,3,1,3,1,3,4,1,0,2,0,1,1,4,2,0,1,0,2,0,0,2,3,3,3,0,4,1,3,0,2,3,1,2,0,2,7,1,1,2,3,4,1,2,0,2,3,1,1,2,1,2,1,0,1,1,1,1,2,0,0,1,5,4,0,2,3,0
T2D_donor_04_cell_028,demo,T2D_donor_04,T2D,beta,5,1,3,5,4,6,3,8,6,7,13,14,14,14,16,12,19,13,7,5,4,3,1,1,1,1,4,1,4,0,3,1,0,4,4,1,1,3,0,1,3,3,3,2,2,4,2,0,2,0,4,1,2,3,3,2,1,0,2,2,1,0,0,4,1,0,2,2,3,0,2,0,3,4,4,2,4,4,3,2,0,2,1,4,2,0,1,6,2,1,3,1,3,1,1,4,3,1,0,1,0,1,0,0,3,2
T2D_donor_04_cell_029,demo,T2D_donor_04,T2D,beta,13,16,14,16,17,16,19,13,8,4,3,3,2,1,5,6,3,5,4,2,7,5,3,5,2,5,4,5,2,2,0,3,5,0,2,0,1,2,0,2,2,2,0,1,3,1,6,4,3,2,1,0,1,4,3,0,2,0,1,2,1,0,0,0,2,4,0,0,3,2,2,2,2,2,1,1,3,2,2,2,1,2,3,1,0,5,2,0,1,0,2,1,3,4,3,3,1,3,1,1,6,3,0,1,1,1
T2D_donor_04_cell_030,demo,T2D_donor_04,T2D,beta,27,14,15,23,19,24,20,17,27,25,2,2,1,2,0,0,2,5,2,2,3,3,7,6,7,5,5,3,0,3,1,3,1,7,2,0,0,0,4,1,1,6,2,1,0,1,0,3,2,1,2,2,1,1,0,0,8,1,0,4,0,3,4,0,3,1,2,0,4,1,2,0,3,0,0,2,0,1,3,3,3,2,7,1,2,0,1,4,0,3,2,1,3,0,2,1,1,0,2,1,3,0,1,2,4,4
T2D_donor_04_cell_031,demo,T2D_donor_04,T2D,beta,29,19,13,15,12,24,26,21,18,16,3,1,4,2,0,2,2,0,2,4,8,4,9,3,5,8,4,1,2,0,2,2,2,1,1,3,3,4,2,2,1,4,1,1,1,3,0,2,0,3,0,0,2,1,1,0,3,3,1,2,1,1,1,0,2,2,2,0,1,2,1,0,1,2,0,0,0,0,3,4,2,3,1,1,6,3,3,3,1,4,0,0,1,2,0,3,1,4,1,0,1,1,0,2,0,0
T2D_donor_04_cell_032,demo,T2D_donor_04,T2D,beta,16,11,11,13,17,13,16,7,10,10,2,3,11,3,3,2,5,4,7,4,9,6,3,4,10,12,3,3,0,2,5,1,3,7,5,2,2,0,3,1,6,1,1,1,0,2,1,1,0,3,2,3,1,5,4,0,1,2,3,3,0,1,0,5,1,1,3,2,0,4,2,0,3,1,2,3,2,2,1,5,1,1,3,2,1,1,3,4,1,2,4,4,2,4,1,0,1,3,2,5,1,2,2,1,3,1
T2D_donor_04_cell_033,demo,T2D_donor_04,T2D,beta,9,8,10,9,7,12,9,7,11,10,7,3,4,2,5,1,4,6,1,6,2,2,7,4,2,6,1,1,0,1,2,2,6,0,1,1,2,2,2,1,4,1,2,0,3,2,4,0,6,1,1,2,3,2,1,5,0,0,0,3,1,0,0,1,5,1,0,1,2,6,1,4,1,3,3,3,2,2,1,3,0,1,0,2,2,1,1,3,2,0,1,3,5,2,1,2,0,0,1,1,2,1,1,3,0,1
T2D_donor_04_cell_034,demo,T2D_donor_04,T2D,beta,6,5,4,3,6,7,5,1,1,2,16,13,11,6,14,16,11,5,15,15,4,5,4,4,5,1,6,3,0,1,4,2,6,3,5,2,3,1,0,2,1,1,0,1,1,2,3,0,3,2,1,3,2,2,1,0,1,0,2,2,1,4,1,0,1,2,0,1,0,0,2,2,2,0,1,6,3,3,0,1,3,3,2,0,1,2,0,1,0,2,0,2,1,3,0,1,2,4,4,3,0,1,1,3,0,7
T2D_donor_04_cell_035,demo,T2D_donor_04,T2D,beta,39,46,42,43,26,36,39,37,38,36,1,1,0,1,1,1,4,1,3,2,6,5,4,9,6,6,1,2,5,1,1,2,2,1,5,2,0,4,0,3,0,3,2,3,4,5,1,1,0,1,2,4,0,4,0,3,1,0,1,1,3,1,1,2,5,0,0,3,1,4,1,1,1,0,4,2,0,1,2,2,3,0,0,1,5,1,2,1,1,3,0,0,0,1,1,2,0,3,5,2,2,2,3,5,2,0
T2D_donor_04_cell_036,demo,T2D_donor_04,T2D,beta,8,2,7,8,6,13,9,7,5,6,17,8,12,13,15,7,12,3,9,3,7,3,4,2,4,1,0,2,4,3,1,2,0,0,3,2,1,1,1,0,3,5,8,2,2,4,0,2,2,0,2,3,2,0,2,2,3,2,2,1,3,1,2,1,1,0,4,4,2,1,0,2,3,4,0,1,0,0,0,5,0,2,0,1,2,2,6,1,0,1,3,2,3,3,0,0,3,1,0,1,1,1,3,1,2,1
T2D_donor_04_cell_037,demo,T2D_donor_04,T2D,beta,15,16,15,13,18,9,11,13,14,17,3,3,6,3,1,11,2,6,4,4,3,8,7,4,3,7,0,2,1,2,4,1,2,0,1,5,1,1,2,2,0,5,0,1,1,2,2,5,1,2,5,1,3,0,4,1,6,0,1,2,3,4,1,3,0,2,3,0,2,2,2,6,3,1,1,2,0,1,3,1,1,2,5,1,0,3,1,2,2,4,1,2,1,1,1,2,1,2,2,2,2,0,2,1,3,0
T2D_donor_04_cell_038,demo,T2D_donor_04,T2D,beta,13,12,15,11,10,22,21,13,12,15,6,3,5,4,4,2,2,3,2,2,4,2,6,7,2,4,1,2,4,1,2,4,0,2,6,0,1,0,3,3,2,5,4,0,3,2,0,7,1,1,1,0,2,0,0,2,2,0,3,1,1,0,2,5,0,2,0,1,2,3,1,3,2,2,1,0,1,1,0,3,0,2,1,0,2,2,1,3,2,4,4,6,3,1,2,2,1,1,4,2,1,2,2,2,1,1
T2D_donor_04_cell_039,demo,T2D_donor_04,T2D,beta,16,16,13,11,16,19,15,25,19,16,1,1,3,4,4,1,4,5,3,3,5,6,6,2,6,3,3,1,2,1,2,5,5,2,3,0,5,1,2,2,3,1,1,1,1,0,0,2,0,2,0,3,1,1,2,1,2,1,1,2,2,0,2,2,4,2,6,3,4,1,2,0,1,5,2,3,0,2,1,1,1,4,1,2,4,3,1,1,0,3,3,1,1,0,2,5,1,4,0,1,0,1,3,0,2,7
T2D_donor_04_cell_040,demo,T2D_donor_04,T2D,beta,6,5,11,6,3,6,8,5,7,7,9,9,8,14,8,6,6,11,12,9,5,4,2,4,4,6,1,2,1,2,1,1,3,2,3,4,1,4,0,3,0,1,2,0,2,4,3,0,2,1,4,2,1,1,3,1,1,3,2,5,3,1,5,1,3,2,0,1,2,1,2,1,5,0,1,4,1,2,1,5,0,0,3,0,0,2,4,1,2,1,1,5,1,0,3,3,1,4,2,3,0,4,2,2,0,1
T2D_donor_04_cell_041,demo,T2D_donor_04,T2D,beta,18,23,14,15,17,15,11,14,21,18,4,1,3,2,5,3,4,2,2,2,2,2,5,2,6,4,3,2,2,1,0,0,2,2,1,2,0,0,2,1,0,4,0,3,1,2,5,2,4,3,1,1,1,2,1,1,1,2,0,0,4,4,0,2,0,0,2,2,0,2,6,1,2,3,4,2,1,1,3,0,2,0,1,2,4,0,0,3,1,0,1,4,3,1,1,5,2,4,2,2,0,1,3,2,1,1
T2D_donor_04_cell_042,demo,T2D_donor_04,T2D,beta,13,13,9,18,19,15,16,17,16,9,2,2,1,2,4,2,5,6,2,4,4,9,9,5,4,5,3,1,2,4,3,0,0,1,3,2,2,4,2,0,1,3,3,2,3,1,1,2,1,1,7,4,1,4,2,0,6,1,1,0,0,4,2,4,1,4,1,2,2,2,0,1,1,3,1,1,1,0,1,2,1,2,2,4,3,0,0,4,0,4,2,2,0,1,3,1,1,1,1,2,0,1,1,0,4,3
T2D_donor_04_cell_043,demo,T2D_donor_04,T2D,beta,12,7,5,3,10,9,9,8,4,9,5,9,4,8,11,10,14,12,3,11,4,2,1,2,1,4,1,2,2,0,3,3,3,1,0,0,3,6,2,3,3,4,1,3,2,2,4,2,1,4,1,1,0,1,1,4,4,2,2,3,4,3,0,2,1,1,1,2,3,2,1,0,1,0,4,1,0,3,0,0,0,5,2,0,5,2,0,2,0,3,1,0,2,1,0,2,2,2,1,1,1,5,0,1,4,3
T2D_donor_04_cell_044,demo,T2D_donor_04,T2D,beta,32,48,40,40,43,46,41,46,39,35,1,2,4,0,0,1,1,0,1,1,9,8,12,4,6,8,1,0,6,0,2,3,2,3,3,4,1,4,0,1,1,0,2,1,1,4,1,0,0,0,2,3,1,2,4,0,2,1,1,1,3,4,1,1,6,2,1,4,1,0,1,1,2,0,4,1,1,3,2,1,1,2,1,4,1,3,2,3,0,2,1,2,1,1,0,3,0,2,1,4,1,1,1,2,2,3
T2D_donor_04_cell_045,demo,T2D_donor_04,T2D,beta,8,12,4,10,12,7,10,13,13,10,4,11,8,6,4,7,5,5,3,8,5,7,9,8,6,6,0,0,2,1,0,0,4,2,1,2,1,1,2,1,0,0,0,0,4,0,1,1,1,1,2,2,1,1,0,1,1,2,3,1,1,2,2,1,0,3,1,2,0,3,2,1,2,0,4,1,2,2,2,2,1,5,3,2,1,1,0,1,1,2,0,5,0,0,1,1,1,3,2,5,3,0,4,0,1,1
T2D_donor_04_cell_046,demo,T2D_donor_04,T2D,beta,29,23,23,24,23,16,21,17,33,32,2,3,3,0,1,0,1,0,1,5,3,6,6,6,4,5,1,1,1,2,2,3,1,1,5,0,1,1,0,1,3,0,4,1,0,3,1,3,3,0,4,0,2,3,4,4,4,0,2,0,1,2,1,0,1,0,4,1,2,2,0,0,6,2,1,3,1,2,0,1,2,0,2,1,3,2,2,0,4,1,1,2,5,2,3,1,2,1,0,1,3,1,2,3,3,1
T2D_donor_04_cell_047,demo,T2D_donor_04,T2D,beta,14,14,18,11,11,14,12,8,20,8,4,4,4,4,3,4,3,1,2,5,2,5,6,4,5,8,0,4,2,2,1,0,1,1,4,0,2,1,2,1,2,3,0,5,1,5,6,0,1,3,3,1,1,3,2,0,4,1,0,5,3,0,0,1,3,1,5,0,0,1,1,1,0,0,2,4,1,2,1,0,3,2,0,0,0,1,2,4,2,3,2,2,3,0,1,0,1,1,3,3,1,2,2,1,0,2
T2D_donor_04_cell_048,demo,T2D_donor_04,T2D,beta,7,6,6,7,12,6,7,4,12,7,4,9,8,3,8,7,5,6,8,6,5,5,3,6,3,4,2,3,4,0,2,0,0,1,2,3,4,3,3,5,1,2,3,0,1,2,2,1,0,0,2,1,2,1,2,3,0,3,0,4,0,0,2,2,0,0,3,3,1,0,2,3,1,4,2,4,1,3,5,1,5,0,0,6,3,2,2,1,1,4,2,4,0,0,0,5,0,4,0,3,0,0,2,1,0,0
T2D_donor_04_cell_049,demo,T2D_donor_04,T2D,beta,57,51,43,55,59,56,62,63,56,49,1,0,0,1,1,0,2,1,1,2,4,5,11,8,5,8,0,2,3,1,0,2,1,1,2,0,0,2,4,4,1,3,2,1,4,0,2,5,2,2,1,0,0,1,0,2,0,3,1,3,1,4,3,1,1,3,1,6,2,2,2,2,2,1,4,2,0,2,1,2,0,0,0,0,2,2,4,1,0,4,0,0,1,6,1,0,1,1,3,1,2,0,2,0,2,0
T2D_donor_04_cell_050,demo,T2D_donor_04,T2D,beta,9,6,5,8,17,8,10,8,7,9,4,9,6,8,7,9,3,8,3,6,4,5,5,4,2,3,1,1,0,2,2,0,4,6,2,1,3,2,1,2,5,1,4,1,0,2,2,0,1,1,1,1,1,0,3,2,2,0,6,0,2,4,1,0,3,1,1,4,2,2,2,2,2,1,0,1,0,2,1,3,4,0,3,1,2,0,1,1,0,1,2,2,1,3,2,2,5,1,5,3,2,1,1,2,0,0
T2D_donor_04_cell_051,demo,T2D_donor_04,T2D,beta,8,8,7,6,7,7,13,4,8,6,7,9,14,17,10,9,8,10,6,9,4,4,4,6,9,3,0,2,0,3,0,0,3,1,2,2,1,1,3,0,2,0,3,1,1,1,3,1,1,1,0,1,2,2,1,1,1,2,1,0,5,1,1,2,0,1,2,2,0,0,2,2,1,3,3,0,1,1,2,0,5,4,1,0,0,1,0,3,0,2,1,2,1,1,2,0,2,3,1,2,2,4,3,1,0,3
T2D_donor_04_cell_052,demo,T2D_donor_04,T2D,beta,23,19,14,26,21,24,18,19,21,26,4,1,2,2,5,2,1,2,1,4,6,5,2,11,5,11,2,2,2,1,5,2,5,2,2,6,2,3,1,1,1,2,0,1,2,4,3,0,1,2,3,1,1,2,1,2,5,2,3,1,1,4,0,2,2,1,1,1,0,4,0,1,3,2,0,0,2,2,2,2,1,1,3,1,0,3,0,0,1,1,1,2,3,2,1,1,1,1,2,2,3,0,0,5,5,4
T2D_donor_04_cell_053,demo,T2D_donor_04,T2D,beta,18,23,20,19,16,13,20,17,19,11,3,2,3,4,5,3,5,1,5,4,4,5,3,4,2,3,1,4,4,1,2,1,1,1,0,1,0,1,0,0,0,2,0,0,1,3,0,2,4,0,2,0,2,2,1,3,3,1,4,1,0,1,4,0,0,1,5,1,1,1,0,1,5,2,0,1,5,1,1,3,2,2,1,3,0,3,1,3,4,3,1,1,3,0,0,4,0,3,3,3,2,2,3,2,0,4
T2D_donor_04_cell_054,demo,T2D_donor_04,T2D,beta,17,29,27,38,31,25,25,23,37,16,2,0,2,2,3,2,4,1,1,1,9,8,4,5,8,9,1,0,0,1,1,4,2,1,1,3,2,1,4,3,1,4,2,0,3,1,3,1,3,1,2,2,1,1,2,0,2,0,1,1,2,1,3,1,2,0,3,1,1,1,0,0,2,0,0,0,2,2,1,2,2,0,2,2,4,3,2,4,4,4,0,0,3,5,4,0,1,3,0,2,3,3,0,1,3,2
T2D_donor_04_cell_055,demo,T2D_donor_04,T2D,beta,20,21,17,16,17,16,19,21,24,19,2,2,0,0,5,7,3,0,2,5,5,5,4,4,4,7,1,2,1,2,1,1,1,2,1,0,4,3,0,3,0,3,3,1,1,0,1,4,3,0,2,1,0,2,1,3,3,2,3,5,2,3,1,0,1,1,5,0,1,0,1,0,1,5,1,1,6,1,0,0,3,2,3,2,2,1,1,3,2,0,1,3,3,0,0,0,4,2,1,1,0,0,3,3,4,1
T2D_donor_04_cell_056,demo,T2D_donor_04,T2D,beta,11,9,8,6,8,15,7,8,18,11,8,5,9,6,4,6,8,3,3,7,3,4,8,3,5,3,3,4,3,2,0,0,5,3,5,2,2,1,0,0,1,0,4,1,3,2,1,4,2,1,3,5,1,1,1,4,2,1,0,1,1,2,0,1,3,1,2,2,1,2,7,3,1,4,2,4,2,5,0,2,0,1,1,3,1,3,1,0,0,3,2,0,0,1,3,1,1,2,1,5,1,4,1,1,0,0
T2D_donor_04_cell_057,demo,T2D_donor_04,T2D,beta,5,12,9,13,11,12,11,6,10,15,4,5,3,2,3,2,2,4,5,6,7,0,5,3,5,4,3,6,4,4,2,2,1,5,3,4,1,0,0,0,1,0,1,4,0,1,1,1,2,3,3,2,2,2,0,3,3,1,2,1,1,1,0,0,0,1,3,4,0,3,0,0,4,1,1,6,1,4,2,3,3,6,1,2,0,0,0,3,0,1,3,3,0,0,2,2,1,6,0,0,2,1,0,2,1,4
T2D_donor_04_cell_058,demo,T2D_donor_04,T2D,beta,15,11,6,8,13,16,15,14,16,16,4,3,6,2,4,3,4,2,5,5,5,3,5,7,4,6,4,1,3,2,1,1,0,2,0,1,4,2,1,2,2,1,1,0,2,2,2,7,4,0,2,0,0,1,1,2,2,3,2,1,0,2,2,1,3,2,0,3,0,1,2,1,2,2,4,5,1,2,4,2,3,0,3,1,2,3,0,0,2,2,3,4,0,0,2,2,2,2,0,4,0,1,4,4,2,3
T2D_donor_04_cell_059,demo,T2D_donor_04,T2D,beta,13,11,13,16,15,13,16,14,12,14,6,1,4,5,6,4,2,4,5,4,4,2,5,5,5,7,2,3,2,3,0,0,2,1,2,2,1,1,1,1,4,0,2,3,2,2,0,0,3,3,1,3,2,1,1,4,1,1,1,2,2,1,0,1,0,1,3,0,2,0,2,1,1,0,0,3,1,0,5,1,0,1,2,1,3,0,1,2,1,1,0,0,0,1,1,4,0,1,3,3,1,4,1,1,0,1
T2D_donor_04_cell_060,demo,T2D_donor_04,T2D,beta,7,9,10,8,7,6,12,7,12,9,8,13,9,5,4,7,3,9,7,6,5,9,8,5,3,5,1,1,1,0,0,1,2,1,1,0,0,4,1,0,2,2,3,1,0,2,0,1,1,2,0,1,2,2,2,2,2,0,1,0,0,3,0,1,1,1,3,0,1,1,6,2,0,1,2,1,2,0,1,3,0,0,5,2,3,1,2,0,0,1,5,0,3,0,0,4,1,1,2,0,1,2,1,3,0,1
T2D_donor_04_cell_061,demo,T2D_donor_04,T2D,beta,6,7,9,16,5,8,7,11,6,5,9,10,14,7,10,5,4,7,9,6,3,4,2,4,9,7,0,0,2,0,0,3,1,4,0,1,4,1,0,3,0,5,5,4,6,4,1,4,1,1,1,1,1,3,4,3,2,2,2,3,4,5,2,3,0,0,1,1,1,1,2,0,2,1,1,1,3,1,1,1,3,0,2,3,1,1,2,2,1,0,0,0,1,2,1,3,1,4,2,1,5,0,4,0,1,0
T2D_donor_04_cell_062,demo,T2D_donor_04,T2D,beta,0,5,6,7,7,5,3,6,6,5,10,18,12,6,10,7,12,12,4,11,3,5,6,2,3,5,3,1,1,2,2,4,2,2,1,1,1,3,0,1,0,3,0,2,1,1,0,1,3,1,0,4,1,3,0,4,1,5,1,2,3,1,1,3,3,0,2,1,6,2,6,0,1,2,1,0,1,0,0,0,1,4,4,1,2,3,2,4,0,4,0,0,0,2,2,0,3,1,3,1,4,3,2,4,3,0
T2D_donor_04_cell_063,demo,T2D_donor_04,T2D,beta,5,7,2,6,5,5,9,4,4,5,13,9,13,11,13,12,9,11,10,7,5,4,1,6,2,4,3,2,1,2,1,3,0,1,2,2,1,1,3,2,2,0,2,2,1,2,1,3,1,2,1,0,1,2,2,3,1,0,2,1,1,1,4,0,0,3,3,1,0,1,3,3,3,1,1,3,1,4,5,1,1,0,0,1,1,3,2,0,0,0,0,1,1,0,2,0,3,2,0,4,2,2,4,2,3,1
T2D_donor_04_cell_064,demo,T2D_donor_04,T2D,beta,12,11,7,7,7,13,7,13,10,10,6,5,2,4,6,3,4,10,7,4,2,3,5,3,4,3,0,1,1,1,3,3,3,2,0,0,1,3,0,3,1,1,2,4,0,1,3,1,3,0,3,1,1,0,2,3,0,4,1,5,3,1,5,1,1,0,0,2,0,3,0,1,2,1,1,3,1,0,2,0,1,3,6,2,1,2,0,0,1,1,0,1,3,2,0,3,2,1,1,4,0,1,0,6,1,1
T2D_donor_04_cell_065,demo,T2D_donor_04,T2D,beta,12,18,13,11,5,12,14,12,9,8,4,6,1,6,7,3,5,5,7,7,3,4,0,4,6,4,1,1,1,0,0,5,2,1,1,0,1,0,1,3,2,2,4,1,2,2,0,3,1,1,0,3,1,1,1,1,2,2,3,1,3,0,1,0,0,1,1,1,1,0,0,3,3,2,1,1,2,0,5,0,0,2,3,3,1,4,2,0,2,2,2,0,1,3,1,2,4,3,0,1,1,1,1,3,0,0
T2D_donor_04_cell_066,demo,T2D_donor_04,T2D,beta,5,3,6,6,3,4,9,3,5,3,8,7,7,12,3,12,12,8,9,12,3,4,3,0,4,3,0,4,3,0,1,0,0,2,3,1,2,2,0,1,1,4,2,0,0,1,1,0,1,1,2,3,2,0,1,3,0,1,1,0,2,1,2,2,2,2,3,2,3,0,0,2,0,1,2,0,1,0,2,0,2,0,1,3,1,5,6,2,3,2,4,2,2,1,2,1,0,0,3,3,2,5,2,4,2,3
T2D_donor_04_cell_067,demo,T2D_donor_04,T2D,beta,7,10,11,8,10,3,7,12,14,12,6,2,4,2,6,4,3,4,4,6,4,2,5,7,3,5,2,2,2,2,1,1,1,2,0,5,1,1,3,1,1,1,1,2,3,2,1,1,2,0,2,2,6,0,0,0,7,2,3,0,4,3,1,3,1,0,0,3,1,2,2,0,1,0,2,2,0,4,2,5,1,4,0,0,3,2,1,0,1,1,0,1,3,3,0,1,3,0,0,1,1,0,2,1,1,3
T2D_donor_04_cell_068,demo,T2D_donor_04,T2D,beta,10,8,6,8,10,8,8,7,3,13,12,13,7,8,5,11,7,6,9,5,2,3,4,5,3,3,1,1,5,5,3,1,0,0,3,2,3,0,0,3,1,5,1,1,0,0,1,3,3,1,3,2,0,2,0,5,1,4,6,3,4,1,0,2,4,5,6,1,1,2,1,3,1,5,0,2,1,1,2,3,2,2,0,0,2,4,0,2,2,0,0,4,0,0,4,2,1,3,5,0,1,4,2,1,0,1
T2D_donor_04_cell_069,demo,T2D_donor_04,T2D,beta,22,22,27,17,22,18,32,26,24,25,2,4,3,3,2,4,3,1,2,3,13,10,8,5,3,6,2,2,3,0,1,3,2,0,2,3,0,2,2,4,1,1,2,4,5,0,0,1,0,2,2,1,0,3,7,0,0,0,2,3,3,6,8,0,0,2,0,1,3,1,1,3,2,1,1,1,3,0,2,2,1,2,0,0,1,3,2,3,1,2,2,0,2,1,1,2,2,5,1,1,5,2,2,1,3,4
T2D_donor_04_cell_070,demo,T2D_donor_04,T2D,beta,6,5,8,9,5,4,5,7,4,13,4,3,8,10,8,7,4,9,4,9,8,4,1,3,5,2,2,2,8,3,0,1,0,4,0,1,1,2,1,2,1,1,2,4,0,2,3,1,1,1,2,1,0,1,1,4,4,2,1,1,4,3,1,0,3,4,0,1,3,0,4,0,0,4,1,2,1,1,3,0,4,0,1,3,3,0,3,4,1,0,1,0,0,3,3,0,1,0,2,7,2,3,3,2,0,3
T2D_donor_04_cell_071,demo,T2D_donor_04,T2D,beta,12,10,11,6,9,7,8,15,2,10,10,8,6,8,8,9,10,3,6,11,6,10,6,4,7,9,1,1,3,1,1,3,2,2,0,1,1,1,1,0,0,4,4,1,0,0,2,6,1,4,3,0,1,1,4,1,2,3,5,4,1,8,5,3,1,0,0,1,0,3,2,1,1,1,5,0,1,2,2,1,0,0,0,1,0,1,1,1,1,0,4,1,2,0,3,3,3,2,0,3,3,1,1,0,2,1
T2D_donor_04_cell_072,demo,T2D_donor_04,T2D,beta,6,5,2,1,6,4,2,6,5,4,16,24,22,27,12,33,18,17,15,29,5,3,6,2,4,2,4,1,0,1,3,1,5,1,0,2,4,2,1,3,5,2,1,1,3,0,1,4,2,2,2,2,1,5,2,2,2,2,2,6,0,4,0,1,1,0,1,2,3,2,2,4,1,1,0,0,5,2,3,2,4,1,0,0,1,4,1,4,3,2,0,1,2,4,1,2,3,2,1,3,0,4,3,0,2,5
T2D_donor_04_cell_073,demo,T2D_donor_04,T2D,beta,10,10,19,12,5,15,7,10,9,6,6,6,3,4,7,8,8,4,3,4,4,6,5,4,6,4,2,0,2,3,3,0,0,1,1,2,1,0,1,2,1,3,3,1,2,0,2,4,3,0,3,1,0,0,6,0,1,2,3,3,6,1,0,0,1,0,1,0,2,3,4,2,2,3,0,0,3,1,0,2,2,2,3,4,1,0,4,1,1,3,4,3,2,0,1,0,0,1,0,1,1,0,1,5,3,0
T2D_donor_04_cell_074,demo,T2D_donor_04,T2D,beta,18,15,12,10,16,9,13,7,12,11,2,7,9,8,5,5,4,6,5,3,3,3,6,5,7,4,4,0,1,2,4,1,2,0,5,3,2,1,1,2,4,1,1,0,2,1,1,0,2,0,0,4,1,2,4,1,1,2,5,2,2,3,1,2,2,1,3,0,1,1,1,2,0,0,0,1,2,4,2,2,0,3,1,2,8,0,2,5,1,3,3,1,4,1,3,3,0,1,2,0,2,1,4,2,2,1
T2D_donor_04_cell_075,demo,T2D_donor_04,T2D,beta,34,36,39,39,36,40,33,40,35,39,1,0,1,1,0,3,1,1,0,2,8,5,7,4,4,12,1,3,2,2,2,1,2,2,3,2,0,3,0,0,2,1,3,3,1,4,2,2,4,4,4,4,4,1,2,6,3,0,1,3,3,3,1,0,1,1,1,3,0,2,4,3,1,1,1,4,4,0,0,3,3,0,3,3,2,0,2,0,3,2,2,2,0,0,0,1,3,2,3,2,2,4,1,1,0,1
T2D_donor_04_cell_076,demo,T2D_donor_04,T2D,beta,20,21,12,10,9,17,12,16,21,13,2,4,5,3,2,3,4,6,5,5,5,10,2,4,3,0,6,1,2,0,0,1,2,1,5,3,2,0,5,1,0,1,0,3,0,0,0,4,4,0,1,0,1,4,1,2,2,1,1,1,2,3,1,1,5,1,1,3,0,2,0,0,0,1,0,1,2,3,3,1,1,4,4,2,2,2,0,4,4,0,2,3,2,2,0,1,1,0,0,3,2,3,1,0,6,2
T2D_donor_04_cell_077,demo,T2D_donor_04,T2D,beta,20,27,25,28,27,19,19,24,28,25,1,3,1,5,3,2,3,2,1,4,4,6,5,3,7,7,2,1,2,0,3,3,3,1,0,4,1,2,2,2,5,0,2,2,4,1,0,4,2,3,2,1,0,1,0,2,0,0,3,3,0,1,6,2,3,2,1,2,0,1,2,2,2,3,5,2,0,3,3,2,1,1,3,2,2,3,4,0,0,0,1,3,3,2,3,1,2,1,1,3,0,1,1,2,0,1
T2D_donor_04_cell_078,demo,T2D_donor_04,T2D,beta,17,16,20,18,14,18,21,17,16,17,1,2,3,7,3,3,4,2,3,3,7,7,6,5,6,2,3,0,2,2,0,1,1,3,0,2,4,4,0,2,0,0,2,2,0,7,0,1,4,0,1,1,4,3,0,2,3,3,1,5,3,2,0,0,0,4,0,3,1,1,2,5,0,4,2,2,0,0,2,1,3,0,1,2,1,3,2,1,1,1,1,1,0,2,2,0,2,4,0,3,0,4,1,3,0,1
T2D_donor_04_cell_079,demo,T2D_donor_04,T2D,beta,7,4,5,3,6,6,3,2,0,10,14,22,14,12,6,9,17,21,10,8,2,1,0,1,4,5,3,1,1,0,2,2,1,4,1,0,1,3,2,2,5,1,1,0,4,1,1,1,3,2,6,1,2,0,0,1,3,1,3,1,4,0,6,3,0,2,0,1,2,0,2,2,1,3,0,2,1,1,3,1,0,1,0,4,2,0,3,2,0,3,0,2,2,0,1,2,2,1,2,0,2,0,1,2,4,0
T2D_donor_04_cell_080,demo,T2D_donor_04,T2D,beta,9,10,8,12,10,14,9,4,10,6,5,5,7,3,6,9,5,13,3,6,2,5,6,3,4,10,1,2,0,0,1,0,1,1,2,0,1,1,1,0,2,3,4,2,4,3,0,1,1,3,2,0,0,2,6,0,3,1,0,1,4,1,1,5,0,4,5,0,4,4,0,3,3,2,2,4,0,1,5,1,2,1,2,1,0,2,0,2,1,3,3,1,0,3,1,0,1,1,1,1,2,1,3,0,2,1
T2D_donor_04_cell_081,demo,T2D_donor_04,T2D,beta,32,17,26,26,23,31,29,22,24,17,2,4,5,6,4,1,2,2,1,3,4,5,6,7,7,8,1,2,0,2,2,1,1,0,0,4,4,1,7,1,2,1,1,1,1,0,2,1,5,0,1,3,0,1,4,5,2,2,1,2,1,1,2,0,0,2,3,2,1,4,0,2,4,7,1,7,2,0,0,3,3,1,5,1,2,2,1,0,1,1,3,1,2,0,4,2,1,2,1,1,1,4,1,2,1,1
T2D_donor_04_cell_082,demo,T2D_donor_04,T2D,beta,30,24,21,20,34,24,22,29,23,17,4,2,1,3,2,3,2,3,3,2,8,11,7,2,8,10,0,2,3,0,1,3,1,2,1,0,1,5,2,3,0,1,1,5,1,2,2,1,1,1,1,1,2,2,1,3,2,3,5,1,1,2,0,0,4,3,3,3,1,1,1,2,0,1,0,5,0,1,4,2,0,2,2,1,1,1,0,1,1,2,0,0,7,5,1,2,2,12,0,0,1,3,2,6,0,3
T2D_donor_04_cell_083,demo,T2D_donor_04,T2D,beta,12,10,4,15,13,7,12,9,7,4,3,2,4,6,9,5,3,3,2,5,2,6,6,9,4,2,3,0,4,5,0,4,1,2,0,0,0,2,2,1,2,0,2,4,1,1,2,1,0,0,1,2,2,2,0,2,1,4,0,2,1,2,1,1,0,1,0,2,1,2,4,2,1,1,2,2,3,1,1,1,2,0,1,5,5,1,2,1,7,1,0,0,4,0,0,3,0,4,5,2,3,0,2,4,2,0
T2D_donor_04_cell_084,demo,T2D_donor_04,T2D,beta,7,18,13,11,7,14,10,7,15,7,6,1,3,10,5,7,3,7,5,4,2,8,5,6,6,6,2,1,1,1,6,1,3,0,0,1,3,1,1,3,2,2,3,0,6,2,0,2,0,4,1,0,0,4,1,3,3,3,3,3,2,2,2,0,1,1,3,2,1,5,0,2,3,0,2,5,3,0,0,4,3,1,0,4,3,1,2,2,1,3,2,0,3,0,0,1,5,1,7,4,1,1,2,2,0,1
T2D_donor_04_cell_085,demo,T2D_donor_04,T2D,beta,13,2,9,4,6,10,9,11,8,4,12,5,9,7,13,6,5,5,11,6,3,7,8,4,10,3,3,1,3,0,1,5,5,1,1,1,2,1,3,3,3,0,1,5,2,3,2,0,4,2,1,0,2,0,1,1,0,5,3,0,3,0,2,4,3,0,3,0,2,4,3,2,1,3,2,1,3,1,3,2,8,1,2,5,0,0,1,3,1,0,5,5,2,3,2,2,1,2,0,0,2,5,0,3,2,1
T2D_donor_04_cell_086,demo,T2D_donor_04,T2D,beta,18,27,22,16,22,19,18,11,18,9,6,2,1,2,2,4,1,1,2,3,15,3,5,9,4,11,2,2,0,2,3,1,1,1,1,1,2,2,2,0,1,2,0,1,1,3,6,0,2,2,0,3,3,4,1,0,0,1,0,0,1,4,1,4,1,4,1,0,3,1,3,2,1,2,1,2,1,2,1,2,1,1,2,0,2,0,2,2,4,4,3,4,2,5,2,0,1,1,6,0,1,1,2,2,2,6
T2D_donor_04_cell_087,demo,T2D_donor_04,T2D,beta,14,25,13,25,26,18,18,25,13,22,1,1,1,3,4,3,3,2,2,2,4,8,2,2,1,6,1,2,3,1,2,0,2,4,2,1,2,2,0,3,1,0,2,0,2,2,1,0,2,6,1,2,0,2,2,2,1,0,1,1,0,2,2,2,0,7,4,0,4,0,0,3,1,3,2,6,4,3,4,1,3,1,2,0,2,3,1,1,0,3,2,3,3,3,2,2,1,1,1,4,1,0,1,4,2,4
T2D_donor_04_cell_088,demo,T2D_donor_04,T2D,beta,13,13,14,12,13,11,12,14,20,14,2,2,4,4,4,1,6,5,3,6,2,2,6,6,6,0,0,5,3,0,0,0,0,0,0,0,4,0,1,1,4,2,0,1,1,3,4,1,3,5,3,4,5,1,3,0,1,1,0,2,0,2,2,0,0,1,2,1,0,8,6,0,1,2,0,3,2,1,0,1,1,1,2,3,4,2,2,0,4,2,2,0,1,1,0,2,1,1,5,1,1,6,5,1,2,2
T2D_donor_04_cell_089,demo,T2D_donor_04,T2D,beta,16,30,23,16,24,17,21,11,22,17,2,4,3,2,3,1,1,1,4,2,5,9,2,3,3,5,2,2,0,3,4,0,2,3,1,3,1,1,4,3,0,0,0,0,1,2,1,1,1,3,0,2,2,2,0,2,0,0,5,6,3,2,2,4,4,0,2,1,4,1,3,1,0,4,3,2,0,2,0,3,2,1,0,1,1,1,2,2,0,0,0,2,1,2,0,1,3,0,2,1,2,4,0,1,4,3
T2D_donor_04_cell_090,demo,T2D_donor_04,T2D,beta,15,11,12,12,13,19,12,14,7,14,6,5,1,4,7,3,5,4,7,3,6,7,10,3,3,5,3,0,4,2,1,1,3,0,5,1,2,1,2,0,4,1,2,1,1,3,3,0,1,2,3,0,0,1,3,1,1,2,4,1,1,3,1,0,1,3,0,0,0,0,3,4,1,1,2,1,0,3,4,0,1,1,1,2,1,4,4,2,0,1,0,2,1,4,1,1,1,0,5,3,4,7,3,5,2,0
T2D_donor_04_cell_091,demo,T2D_donor_04,T2D,beta,6,10,2,10,5,4,6,12,10,7,10,10,6,8,8,5,8,8,7,11,4,4,11,7,8,4,1,2,2,3,1,0,0,2,1,1,1,1,4,1,2,0,1,2,2,1,3,2,0,0,0,0,1,0,3,1,2,0,4,2,1,2,2,2,1,0,2,0,1,1,4,0,1,1,0,2,3,3,0,2,1,3,1,4,3,0,1,0,1,5,3,3,2,0,1,0,0,1,3,0,5,1,1,4,0,0
T2D_donor_04_cell_092,demo,T2D_donor_04,T2D,beta,18,16,18,11,22,10,11,8,19,15,2,1,3,5,4,4,2,2,3,5,4,4,5,8,6,8,3,3,3,5,1,2,5,1,1,1,2,3,4,1,1,5,2,1,1,1,5,2,0,2,0,1,7,1,3,3,3,0,2,0,4,3,0,0,3,1,8,2,1,2,0,2,6,4,0,1,1,0,2,2,2,1,0,3,3,3,1,5,1,1,2,2,1,1,0,2,3,2,0,1,1,3,4,2,1,4
T2D_donor_04_cell_093,demo,T2D_donor_04,T2D,beta,20,9,26,19,22,19,16,19,22,18,1,3,1,2,4,1,4,2,2,3,3,6,6,8,8,2,2,4,1,1,0,2,2,2,2,1,3,1,4,1,1,2,1,1,3,3,2,1,0,1,5,1,1,5,1,3,0,1,3,0,4,1,0,2,2,6,1,1,1,2,1,2,2,1,4,1,3,2,3,0,1,3,0,3,1,2,0,2,1,0,2,0,0,0,1,0,1,3,2,2,6,7,1,0,1,1
T2D_donor_04_cell_094,demo,T2D_donor_04,T2D,beta,20,12,17,21,18,16,22,13,13,19,2,2,3,3,3,3,2,5,2,0,6,2,3,3,6,4,0,3,2,0,1,4,1,0,0,3,1,0,0,0,2,1,1,4,1,0,1,0,3,1,2,5,1,4,1,3,1,1,1,2,1,4,0,1,2,0,6,2,0,1,3,6,0,0,1,2,4,0,3,1,0,4,0,2,3,5,1,3,0,0,0,0,2,6,1,1,3,3,1,1,3,1,2,0,0,0
T2D_donor_04_cell_095,demo,T2D_donor_04,T2D,beta,4,10,6,7,9,10,9,8,8,5,4,5,6,5,4,6,7,9,2,4,7,5,1,5,3,5,1,3,4,2,2,1,0,1,1,1,3,0,1,2,1,0,5,3,2,1,4,0,0,2,2,3,0,0,0,0,3,1,1,2,0,0,3,2,0,1,1,3,1,1,1,3,0,4,4,4,0,0,0,2,0,1,3,2,1,1,2,1,2,2,0,2,2,1,2,2,0,0,0,5,0,0,3,5,4,0
T2D_donor_04_cell_096,demo,T2D_donor_04,T2D,beta,20,14,14,10,14,23,15,14,16,21,2,4,1,1,1,8,3,1,5,4,7,1,3,5,6,3,3,2,0,1,0,1,2,1,4,2,3,0,0,1,0,2,1,3,6,1,2,1,0,3,0,1,0,2,0,0,3,0,1,1,3,5,2,0,0,5,1,4,3,3,4,0,0,1,4,1,0,2,0,4,1,2,1,2,1,3,0,1,3,1,1,2,2,1,1,1,0,4,1,0,2,2,2,3,3,2
T2D_donor_04_cell_097,demo,T2D_donor_04,T2D,beta,8,15,11,13,14,13,14,9,17,16,1,2,3,3,3,5,2,0,4,5,7,11,3,6,9,5,0,2,1,1,2,2,3,1,1,0,5,5,1,0,0,6,1,1,2,2,4,0,2,5,0,3,2,2,2,3,0,2,1,0,0,1,3,1,0,1,2,1,2,3,0,3,4,4,1,0,3,2,0,3,2,2,4,2,2,2,2,1,1,0,0,1,1,1,3,3,0,3,1,2,2,3,0,1,1,1
T2D_donor_04_cell_098,demo,T2D_donor_04,T2D,beta,36,27,22,24,19,25,19,27,26,29,4,1,2,3,1,0,3,1,2,2,7,6,5,6,9,4,1,1,5,1,0,3,1,1,4,3,0,1,3,2,2,2,2,2,0,1,1,4,4,1,3,3,2,1,0,3,3,3,0,0,2,4,3,0,0,0,1,1,1,2,0,6,2,2,3,0,7,2,5,5,0,1,1,0,0,2,3,1,1,4,0,2,0,0,1,0,1,5,1,1,3,1,2,3,1,2
T2D_donor_04_cell_099,demo,T2D_donor_04,T2D,beta,33,36,35,38,33,27,35,40,34,32,4,1,0,0,0,1,2,3,3,1,4,5,6,9,3,7,2,4,0,0,3,2,1,1,0,2,1,1,2,0,5,5,0,1,1,0,1,1,1,3,2,0,0,2,0,2,0,3,0,6,1,1,4,1,1,1,1,2,2,1,0,0,1,3,4,1,1,4,2,0,3,2,1,2,2,1,5,0,0,4,1,1,0,2,1,1,1,0,0,2,0,5,1,0,1,2
T2D_donor_04_cell_100,demo,T2D_donor_04,T2D,beta,18,11,14,16,9,19,14,18,20,14,3,2,3,3,2,3,2,3,7,4,5,4,3,5,5,7,1,4,1,0,0,1,0,1,1,2,1,0,5,1,3,2,1,4,3,0,2,1,0,2,2,1,1,1,3,0,1,2,3,3,1,0,3,3,6,0,0,0,1,1,1,1,1,2,1,0,0,0,2,3,2,2,4,0,3,4,3,0,1,1,0,2,2,3,1,1,1,4,1,0,3,2,4,4,0,4
T2D_donor_04_cell_101,demo,T2D_donor_04,T2D,beta,13,13,13,10,7,14,15,10,11,11,2,2,1,5,4,6,3,6,1,4,3,4,6,4,6,5,4,1,1,0,3,1,1,0,0,2,2,1,1,3,5,0,1,0,2,0,0,0,1,4,4,3,4,1,2,1,2,0,1,2,0,1,3,5,1,2,3,2,1,2,0,1,5,1,4,1,5,1,4,5,1,6,1,0,3,1,3,1,1,2,0,2,0,3,2,1,2,1,3,2,5,1,3,0,2,2
T2D_donor_04_cell_102,demo,T2D_donor_04,T2D,beta,4,7,10,5,4,5,4,5,4,7,12,17,10,11,11,7,9,11,15,12,5,3,5,2,2,2,3,1,0,3,3,6,2,0,2,1,1,0,1,1,2,0,2,1,3,0,2,2,1,3,2,2,5,4,2,0,0,0,0,0,3,2,1,0,3,1,2,1,0,1,1,0,1,0,1,0,1,2,2,5,1,0,1,3,1,1,1,0,3,3,1,3,1,0,0,1,0,2,0,3,0,4,0,2,0,0
T2D_donor_04_cell_103,demo,T2D_donor_04,T2D,beta,8,9,3,2,8,7,5,8,4,5,11,6,5,8,4,11,9,9,11,6,4,0,2,4,5,6,4,3,3,2,1,2,0,3,0,1,2,1,0,1,0,1,0,0,0,1,0,2,3,2,1,1,2,1,0,1,0,1,0,0,0,2,1,3,2,2,1,6,2,1,2,1,5,2,1,1,2,1,3,0,6,0,1,3,1,0,3,0,2,0,1,1,3,4,0,1,0,1,0,3,3,3,1,2,1,2
T2D_donor_04_cell_104,demo,T2D_donor_04,T2D,beta,23,25,21,25,19,27,12,18,19,24,3,1,1,2,4,1,4,1,4,0,3,4,6,7,5,6,1,3,0,0,1,1,4,1,0,1,1,1,3,2,0,1,1,2,1,0,3,2,1,4,1,0,1,1,0,3,2,1,4,0,0,1,2,0,4,1,1,3,2,0,2,2,2,4,1,0,0,2,0,0,5,0,2,2,1,3,1,3,3,1,7,1,0,2,1,1,2,1,4,1,4,0,2,1,0,0
T2D_donor_04_cell_105,demo,T2D_donor_04,T2D,beta,7,6,15,10,15,10,14,12,6,10,6,7,10,7,5,5,3,5,3,2,7,3,9,7,6,4,2,2,3,1,2,4,0,0,4,3,1,1,1,0,4,5,2,0,4,1,7,0,2,2,1,2,0,2,4,1,2,2,1,3,2,1,1,0,2,2,2,2,0,3,3,3,1,1,1,1,0,2,0,0,4,0,2,0,5,4,1,4,0,1,0,3,1,0,3,1,0,2,0,3,0,3,1,1,2,1
T2D_donor_04_cell_106,demo,T2D_donor_04,T2D,beta,12,8,10,5,4,7,5,4,2,5,15,2,9,7,8,11,8,10,7,8,8,2,6,2,3,2,2,1,0,3,2,1,0,4,2,5,3,2,5,0,3,2,0,4,0,2,0,4,5,4,3,10,2,0,4,5,5,2,1,1,4,1,1,0,2,0,0,1,1,0,1,2,2,1,3,1,2,1,0,2,0,2,0,1,1,3,0,1,3,1,3,1,2,4,0,1,1,0,1,4,5,1,1,1,2,0
T2D_donor_04_cell_107,demo,T2D_donor_04,T2D,beta,5,4,7,5,7,7,10,3,6,11,6,16,5,15,11,9,5,8,11,15,4,4,3,4,3,1,1,3,3,3,1,3,2,3,1,1,3,1,1,1,7,5,3,3,3,5,2,2,2,2,2,0,3,1,1,4,1,0,1,0,3,0,0,1,0,0,2,0,1,3,1,3,0,3,3,0,1,2,1,2,2,3,0,5,1,3,3,2,4,0,2,0,1,2,1,2,3,0,3,2,2,1,1,2,3,0
T2D_donor_04_cell_108,demo,T2D_donor_04,T2D,beta,11,18,10,15,14,8,18,6,17,10,1,3,4,5,2,2,1,3,5,2,6,3,3,3,4,5,1,0,3,2,4,3,2,2,0,0,1,3,1,1,2,1,1,1,0,4,2,2,0,5,2,8,0,2,0,1,0,2,2,2,2,6,1,0,4,3,2,1,1,1,2,0,1,2,5,2,3,0,0,2,4,0,1,6,1,2,3,1,1,1,2,1,3,2,2,1,1,2,2,3,1,7,3,1,0,1
T2D_donor_04_cell_109,demo,T2D_donor_04,T2D,beta,16,17,20,14,19,12,9,10,11,14,4,1,6,5,5,8,2,4,3,3,7,5,6,5,4,3,0,2,2,1,4,0,2,1,1,1,3,2,2,1,2,1,1,0,2,1,1,2,3,0,1,3,1,1,0,3,2,3,2,2,9,4,1,1,2,5,2,2,4,0,1,3,1,0,0,1,1,4,0,1,2,4,2,6,0,4,2,1,4,1,2,0,1,1,0,0,2,3,1,3,2,2,4,1,0,2
T2D_donor_04_cell_110,demo,T2D_donor_04,T2D,beta,24,14,17,13,23,16,19,22,21,21,2,2,3,4,1,1,4,3,2,2,4,9,6,3,5,10,8,4,2,2,2,2,3,0,0,1,0,3,3,1,1,3,0,1,2,1,4,1,0,1,0,4,2,1,1,2,0,2,0,1,0,3,1,0,1,6,4,3,0,2,0,3,1,3,1,2,0,2,0,2,4,2,4,1,0,1,1,3,1,3,1,5,1,0,2,1,5,1,0,1,0,1,2,2,1,5
T2D_donor_04_cell_111,demo,T2D_donor_04,T2D,beta,50,47,41,40,40,39,36,30,46,52,0,1,0,1,0,3,1,1,0,0,6,5,9,9,11,3,2,0,2,1,2,0,1,1,2,6,3,3,3,0,1,1,5,0,2,3,3,1,0,5,7,1,4,0,1,4,3,3,0,1,2,4,0,0,0,1,2,3,1,0,0,1,3,0,0,4,2,4,2,1,5,3,3,2,1,0,2,2,2,2,0,1,1,0,3,3,2,3,3,1,0,4,1,1,1,6
T2D_donor_04_cell_112,demo,T2D_donor_04,T2D,beta,9,10,8,6,6,8,4,7,7,11,8,10,10,10,9,15,12,11,8,10,2,3,4,5,3,2,1,0,0,1,2,5,1,0,3,0,4,1,3,0,1,1,0,2,2,3,2,1,1,1,1,3,2,5,1,0,0,1,2,3,4,0,0,0,0,4,2,7,2,1,3,1,2,1,6,2,1,3,6,3,1,3,4,4,3,1,2,1,1,3,5,1,2,0,5,4,2,5,2,1,0,1,1,2,1,0
T2D_donor_04_cell_113,demo,T2D_donor_04,T2D,beta,54,38,33,53,38,45,46,33,40,53,0,1,0,2,1,1,2,0,0,2,6,7,12,5,7,5,0,1,2,5,3,1,2,1,2,2,0,2,3,4,1,1,1,4,0,3,3,1,3,3,2,0,1,1,1,2,3,0,1,2,0,0,0,4,2,3,1,1,1,0,0,0,0,2,5,3,4,2,1,4,1,3,6,2,2,5,2,4,1,1,0,6,1,2,1,7,1,1,0,2,5,2,2,4,1,3
T2D_donor_04_cell_114,demo,T2D_donor_04,T2D,beta,14,14,13,10,9,17,12,12,13,11,5,8,3,3,9,2,4,2,4,1,7,6,10,7,4,5,2,3,1,0,2,4,1,5,0,0,6,1,2,1,3,3,1,1,2,1,2,0,1,0,1,1,1,0,1,2,4,0,3,1,2,2,3,1,1,1,2,0,1,0,3,0,1,0,2,2,3,4,0,0,2,2,0,2,2,4,2,1,1,0,0,0,1,2,0,2,1,0,2,0,3,2,1,2,1,0
T2D_donor_04_cell_115,demo,T2D_donor_04,T2D,beta,18,15,9,11,12,14,9,13,4,10,1,5,9,5,3,3,3,1,3,6,1,7,8,2,2,6,0,5,1,1,2,5,3,2,4,1,0,2,6,0,2,0,2,1,4,5,3,1,1,1,6,1,0,0,2,6,1,0,1,0,3,1,2,4,0,1,1,1,1,1,0,1,1,2,0,4,1,3,2,1,0,0,1,0,1,3,2,4,3,1,1,3,3,0,1,1,1,3,1,1,2,2,0,2,1,1
T2D_donor_04_cell_116,demo,T2D_donor_04,T2D,beta,18,23,26,19,23,20,23,21,23,23,2,2,4,2,3,3,5,4,2,3,5,3,11,5,3,8,4,3,3,0,0,0,1,2,0,0,3,2,1,1,4,0,3,0,2,1,4,2,4,3,2,4,1,0,0,0,1,3,5,4,1,1,2,1,4,1,2,1,1,4,2,1,2,0,0,1,1,1,2,1,2,2,0,0,4,1,3,3,2,2,2,1,0,1,3,0,3,0,0,3,3,4,0,2,0,1
T2D_donor_04_cell_117,demo,T2D_donor_04,T2D,beta,27,16,20,15,16,15,11,27,22,18,1,3,4,1,4,2,1,6,5,3,5,7,4,4,8,11,2,2,2,1,4,2,0,0,2,1,8,1,2,3,2,0,3,5,0,2,1,0,1,0,0,0,1,5,1,4,0,3,3,4,0,1,2,2,2,0,5,3,3,3,1,0,1,1,2,4,6,1,0,3,3,1,3,1,1,3,6,1,2,0,1,2,1,0,1,1,2,3,0,1,0,2,1,3,2,2
T2D_donor_04_cell_118,demo,T2D_donor_04,T2D,beta,30,16,23,31,22,28,20,25,24,24,5,1,1,3,1,1,2,3,0,3,7,9,9,4,3,4,2,2,2,0,3,0,2,1,3,2,2,4,1,0,3,1,2,0,0,2,1,3,0,3,0,2,1,2,1,0,0,0,3,0,2,0,2,1,5,2,0,2,0,4,1,0,1,3,0,2,1,1,1,1,1,2,3,0,3,3,1,1,4,2,1,3,1,3,2,1,1,3,1,1,5,1,2,0,2,5
T2D_donor_04_cell_119,demo,T2D_donor_04,T2D,beta,10,7,7,12,12,9,9,10,14,11,7,6,2,5,8,9,8,4,6,3,6,6,9,2,7,5,0,3,2,2,1,2,1,0,4,2,0,3,4,1,0,1,0,2,3,0,0,1,2,3,2,0,0,1,0,2,2,3,0,1,3,0,0,0,5,0,3,1,1,2,1,1,1,4,1,1,2,3,0,2,1,2,0,2,0,4,2,3,1,0,3,4,2,1,0,0,2,1,0,1,2,2,0,0,2,0
T2D_donor_05_cell_000,demo,T2D_donor_05,T2D,beta,6,5,3,5,7,3,4,6,5,3,7,6,4,13,9,8,15,9,14,13,9,3,2,5,0,10,0,3,2,2,0,2,3,3,5,0,2,2,4,1,4,1,0,1,4,4,1,1,6,1,4,2,0,5,3,3,2,4,2,2,1,1,1,2,2,1,8,3,1,2,0,3,0,2,1,3,0,0,5,0,1,1,2,2,1,1,3,0,0,0,4,3,1,0,2,3,3,3,1,1,4,6,0,1,3,0
T2D_donor_05_cell_001,demo,T2D_donor_05,T2D,beta,8,13,12,10,12,11,10,11,12,16,2,4,8,4,2,4,9,2,2,5,6,5,2,6,2,7,1,3,1,1,1,1,0,1,5,6,2,1,6,1,0,3,4,0,2,0,5,1,3,4,2,2,2,1,1,3,3,2,5,2,0,1,4,0,7,1,1,2,0,2,2,0,0,2,3,2,0,7,3,4,2,4,2,2,0,0,3,0,1,4,0,1,1,6,0,3,1,2,2,6,1,3,2,1,3,2
T2D_donor_05_cell_002,demo,T2D_donor_05,T2D,beta,9,14,12,8,8,8,9,10,7,21,5,7,5,6,13,8,11,6,6,6,4,1,3,3,7,3,4,1,1,2,2,2,0,1,4,2,1,3,3,1,3,0,2,5,1,1,2,2,1,3,1,1,0,1,4,2,1,0,2,0,1,1,0,0,2,1,2,6,0,1,2,4,2,1,0,0,4,0,4,0,2,2,0,0,1,4,3,2,1,1,1,1,3,2,0,2,1,0,0,0,1,2,2,2,2,1
T2D_donor_05_cell_003,demo,T2D_donor_05,T2D,beta,12,12,21,21,17,22,14,23,7,19,5,3,4,2,6,4,2,5,5,1,6,4,6,8,4,1,3,1,2,0,1,3,2,6,1,2,1,2,2,0,2,1,4,0,0,2,0,7,1,3,1,3,0,1,1,3,4,5,2,3,5,0,2,1,6,1,3,0,0,1,2,3,1,3,4,1,4,4,2,0,2,1,5,2,0,0,1,3,3,0,1,1,2,3,4,3,1,1,3,0,3,0,0,4,4,2
T2D_donor_05_cell_004,demo,T2D_donor_05,T2D,beta,12,14,21,11,14,10,17,7,15,15,0,2,2,2,3,2,7,3,4,1,6,2,3,5,7,5,4,1,3,0,1,3,0,0,1,3,2,1,0,2,3,1,3,3,5,2,2,0,4,0,0,2,4,4,3,3,1,1,3,0,1,0,1,0,1,2,3,2,2,2,2,0,5,3,1,1,0,3,3,1,0,2,4,0,1,0,0,4,5,1,2,1,1,1,1,1,1,3,1,0,0,0,1,0,0,0
T2D_donor_05_cell_005,demo,T2D_donor_05,T2D,beta,5,3,2,5,1,3,4,10,2,1,19,16,20,11,14,11,11,17,14,14,2,6,4,1,3,2,1,1,6,5,2,2,0,1,4,1,0,4,3,3,1,0,2,0,1,3,2,0,3,1,0,0,1,4,4,1,1,1,1,0,1,3,0,0,1,1,0,1,2,1,1,1,5,0,2,1,0,3,1,3,3,0,0,2,0,1,3,2,0,0,0,4,0,4,0,1,4,0,2,3,2,1,0,0,1,2
T2D_donor_05_cell_006,demo,T2D_donor_05,T2D,beta,14,19,17,14,16,22,20,19,15,18,2,2,5,3,1,3,1,2,4,4,3,4,4,5,3,3,1,3,4,2,2,2,2,2,6,3,4,2,1,2,0,2,2,0,3,1,0,2,2,1,0,0,0,3,2,0,2,0,0,0,1,3,0,1,1,3,1,0,2,1,0,7,4,2,2,2,2,1,1,3,2,0,0,1,3,0,0,1,8,0,2,0,3,7,1,0,0,0,1,1,1,1,0,2,3,2
T2D_donor_05_cell_007,demo,T2D_donor_05,T2D,beta,8,11,9,6,4,9,11,9,4,7,8,11,11,10,9,5,6,9,8,4,2,7,6,3,5,4,2,6,1,0,1,1,2,1,0,3,4,1,0,0,2,0,0,4,4,1,3,4,2,2,3,2,1,1,4,0,1,1,1,3,0,1,1,1,3,2,0,1,3,4,0,2,1,2,1,3,1,2,0,0,1,0,0,2,0,1,2,1,1,4,1,2,2,2,2,0,2,2,0,1,2,1,3,3,0,0
T2D_donor_05_cell_008,demo,T2D_donor_05,T2D,beta,8,9,11,10,10,12,15,8,21,13,5,6,7,7,12,7,7,5,7,3,2,1,6,7,4,3,3,1,1,0,0,4,2,0,0,2,0,2,1,2,0,1,3,2,2,1,1,4,4,5,2,1,1,2,0,1,0,1,1,1,1,0,5,0,3,0,3,1,1,5,1,1,0,1,1,4,2,2,4,0,0,0,3,3,0,1,1,2,5,0,2,3,2,2,1,1,2,5,3,1,2,2,1,3,1,0
T2D_donor_05_cell_009,demo,T2D_donor_05,T2D,beta,15,5,4,3,12,10,6,6,14,10,11,12,7,7,3,4,6,4,10,5,3,7,3,3,4,2,1,2,1,0,1,1,0,1,0,0,2,1,0,1,2,4,1,1,2,2,2,2,3,1,3,0,1,0,1,1,5,0,2,1,2,3,3,2,0,0,1,2,4,3,2,1,2,0,0,3,4,3,0,1,5,2,3,2,1,0,1,1,6,2,1,3,5,0,1,0,1,1,1,1,2,0,0,3,3,1
T2D_donor_05_cell_010,demo,T2D_donor_05,T2D,beta,9,7,11,5,15,15,13,8,4,11,5,3,2,4,2,6,2,5,8,4,6,1,5,4,3,3,1,3,1,2,2,1,2,0,2,4,5,3,3,4,1,0,2,0,5,1,0,0,3,2,1,1,0,2,1,1,1,2,2,4,3,1,1,2,3,3,0,1,2,2,0,5,1,0,2,2,2,4,2,2,6,5,0,2,2,3,1,1,1,4,1,0,1,4,2,1,0,0,2,1,1,1,0,2,1,1
T2D_donor_05_cell_011,demo,T2D_donor_05,T2D,beta,3,4,9,5,4,6,0,9,8,5,9,7,12,16,10,7,15,12,16,8,4,3,8,2,3,4,5,1,1,3,0,5,2,4,7,1,2,2,4,2,1,1,1,5,2,1,0,2,3,3,0,6,3,2,0,4,2,7,0,0,1,2,3,1,6,1,1,2,0,3,4,3,0,2,0,3,5,1,1,1,1,0,3,2,2,2,4,1,4,3,0,3,1,4,4,0,4,1,1,1,6,0,0,1,2,0
T2D_donor_05_cell_012,demo,T2D_donor_05,T2D,beta,23,23,25,21,20,16,14,30,18,16,1,1,2,2,1,3,4,4,2,3,9,4,3,9,5,5,1,0,2,1,3,0,1,0,1,2,1,0,2,3,1,3,3,0,1,0,1,2,1,1,3,2,6,1,1,3,1,2,0,5,2,1,1,0,2,5,0,2,4,2,2,2,2,4,2,2,2,1,0,0,1,2,3,0,0,2,1,0,3,4,1,1,3,4,3,1,2,1,6,4,2,1,0,1,0,3
T2D_donor_05_cell_013,demo,T2D_donor_05,T2D,beta,13,3,9,2,9,11,11,6,7,10,7,6,7,5,6,12,7,6,5,8,5,5,4,4,4,5,3,1,0,3,2,2,1,2,0,2,1,2,0,2,2,0,2,1,2,5,1,1,0,0,2,0,4,2,5,2,2,4,1,2,2,0,1,2,2,5,2,1,2,6,2,1,3,0,2,0,4,4,0,3,1,0,1,1,0,4,1,2,4,2,5,2,1,2,0,1,4,2,2,4,0,1,1,1,4,7
T2D_donor_05_cell_014,demo,T2D_donor_05,T2D,beta,13,19,12,11,16,10,22,16,22,8,6,3,2,1,5,3,6,2,8,5,2,7,4,11,4,6,2,1,3,0,2,0,1,3,1,3,2,2,2,0,1,1,1,1,2,4,3,1,2,2,1,1,1,2,3,4,0,0,1,2,1,5,2,0,3,1,1,1,3,3,2,1,0,2,2,1,1,2,1,2,2,0,1,2,0,5,0,0,5,0,0,1,0,1,3,0,2,3,3,3,2,2,3,0,0,0
T2D_donor_05_cell_015,demo,T2D_donor_05,T2D,beta,11,15,6,13,8,15,13,7,10,13,4,3,5,5,6,3,5,4,3,1,3,8,4,3,4,6,3,2,3,0,1,0,2,0,2,0,2,4,1,0,2,0,2,2,1,3,0,2,3,1,1,4,1,1,1,2,3,4,0,2,4,3,1,0,0,2,0,1,2,4,3,1,2,0,2,3,2,0,1,0,0,1,1,1,2,3,2,2,3,1,0,1,3,2,2,1,1,2,1,1,0,2,2,4,2,6
T2D_donor_05_cell_016,demo,T2D_donor_05,T2D,beta,16,13,15,18,24,11,15,19,21,25,3,5,4,4,3,3,5,4,4,2,5,7,7,5,3,3,1,1,0,1,3,2,0,2,5,3,2,3,0,3,3,2,0,2,2,2,2,0,3,3,2,1,1,1,0,2,5,2,3,4,1,2,0,1,1,1,4,0,0,4,2,3,3,3,0,4,4,1,3,1,0,5,4,0,5,1,1,1,1,2,0,3,1,4,3,7,2,3,2,1,3,3,2,5,5,2
T2D_donor_05_cell_017,demo,T2D_donor_05,T2D,beta,15,14,8,16,8,9,11,13,17,7,3,2,6,7,6,2,3,5,4,3,7,4,7,5,6,9,1,3,4,2,1,1,3,2,1,1,7,2,3,1,0,0,0,4,5,3,3,1,4,1,1,2,2,1,0,1,1,0,2,1,0,2,0,1,3,0,4,3,3,3,2,4,3,2,2,4,2,2,2,4,2,0,5,3,2,1,1,3,1,2,2,4,0,3,3,3,2,1,0,2,3,2,4,0,1,1
T2D_donor_05_cell_018,demo,T2D_donor_05,T2D,beta,6,4,7,10,8,10,10,7,5,8,5,4,6,9,4,7,4,7,3,0,3,2,1,8,4,5,2,2,1,0,5,2,1,2,6,2,1,2,1,1,1,3,4,1,5,1,3,2,1,2,0,2,4,5,1,0,2,1,0,1,1,2,1,0,4,1,1,0,0,2,3,1,0,1,3,0,3,2,2,0,4,0,0,2,1,0,1,5,1,1,5,0,0,2,4,0,4,4,0,7,0,0,2,0,3,2
T2D_donor_05_cell_019,demo,T2D_donor_05,T2D,beta,21,14,13,8,13,13,20,16,12,24,1,2,4,2,5,3,4,7,3,6,4,5,3,5,3,4,1,4,2,4,2,3,0,0,4,1,1,1,1,0,0,3,0,1,4,2,0,1,3,4,0,2,2,4,2,4,0,1,1,0,3,2,1,1,4,4,0,3,2,0,0,1,1,7,3,1,1,1,0,1,0,0,2,1,1,3,2,4,1,2,3,4,1,6,2,2,1,2,4,2,1,2,1,1,1,1
T2D_donor_05_cell_020,demo,T2D_donor_05,T2D,beta,7,9,11,8,10,6,7,10,9,9,12,10,10,6,9,7,2,12,6,8,4,4,4,4,3,3,2,1,0,1,1,0,1,0,1,4,1,0,2,2,1,1,2,3,4,0,1,2,2,3,0,1,0,2,1,1,0,2,0,2,1,0,1,3,4,3,4,5,1,1,3,2,0,2,0,4,4,3,0,3,1,0,0,1,3,3,1,2,2,2,0,1,0,2,0,0,5,0,1,2,6,4,0,3,1,1
T2D_donor_05_cell_021,demo,T2D_donor_05,T2D,beta,8,7,10,4,5,5,6,7,2,5,8,10,11,4,10,9,10,9,11,12,3,2,7,5,4,7,1,1,0,4,3,2,0,0,2,0,2,0,1,1,0,2,1,2,1,5,4,3,1,0,1,3,2,1,0,2,3,0,0,0,0,1,3,1,0,1,1,5,2,3,1,1,2,2,0,1,1,6,2,3,1,1,2,0,1,1,1,2,2,3,0,0,1,2,3,4,2,1,3,2,2,0,5,0,4,3
T2D_donor_05_cell_022,demo,T2D_donor_05,T2D,beta,6,3,4,11,5,4,7,5,4,8,16,6,7,9,8,13,5,9,11,8,6,2,6,6,1,3,5,1,2,2,1,4,0,3,1,6,2,2,2,1,0,2,0,2,2,1,0,1,2,1,0,2,0,3,1,1,1,5,0,0,3,6,2,1,0,3,1,2,0,1,1,1,3,2,1,0,0,0,3,5,0,6,0,0,1,0,3,1,0,1,0,0,2,3,0,0,2,2,3,1,3,0,0,1,3,2
T2D_donor_05_cell_023,demo,T2D_donor_05,T2D,beta,1,3,1,2,4,6,5,7,4,4,25,19,21,22,25,16,22,20,23,21,2,2,2,4,1,4,2,0,3,1,2,0,0,4,0,3,2,4,1,2,1,0,3,4,4,2,3,2,0,2,1,2,1,3,3,1,5,2,3,2,2,6,2,0,0,1,3,0,3,0,3,3,1,2,0,1,1,3,2,0,3,0,0,6,1,5,3,1,0,2,0,1,1,1,0,3,3,2,3,1,1,4,1,2,1,0
T2D_donor_05_cell_024,demo,T2D_donor_05,T2D,beta,10,8,11,8,10,10,12,6,7,12,5,9,6,7,9,8,12,7,7,7,5,2,6,2,4,2,3,3,0,1,2,3,1,2,0,1,3,0,2,1,1,3,0,3,1,1,0,1,1,4,3,2,2,0,1,3,1,3,0,1,5,3,1,2,1,1,1,3,2,2,1,2,5,1,1,0,2,0,1,2,2,3,3,2,3,1,1,0,0,6,3,0,0,0,1,1,1,1,2,0,1,3,3,2,2,0
T2D_donor_05_cell_025,demo,T2D_donor_05,T2D,beta,9,12,10,5,11,9,8,8,18,10,3,5,5,2,2,7,5,5,3,2,5,4,4,2,4,5,1,1,1,2,1,0,2,1,2,1,4,2,1,2,0,0,2,4,4,2,2,0,2,0,0,2,2,1,2,0,0,2,1,0,2,3,3,3,3,1,3,1,2,3,6,1,2,4,1,0,0,4,5,0,4,3,1,2,0,0,4,1,2,0,3,4,3,5,0,2,0,1,1,0,3,0,3,3,2,0
T2D_donor_05_cell_026,demo,T2D_donor_05,T2D,beta,7,22,13,10,9,19,13,14,15,20,4,4,4,7,1,2,4,6,6,6,5,5,8,6,7,3,0,2,3,6,1,3,7,3,3,1,4,0,1,0,2,1,0,0,0,1,5,1,0,1,5,0,3,2,4,4,1,6,3,4,1,2,3,2,0,1,0,2,1,2,1,1,2,2,5,4,2,3,0,5,1,1,1,2,4,0,0,2,4,0,0,1,4,1,4,0,2,0,1,3,3,5,6,2,2,6
T2D_donor_05_cell_027,demo,T2D_donor_05,T2D,beta,9,9,11,5,12,10,7,7,6,11,3,8,7,5,14,10,10,3,5,6,6,4,2,2,1,4,3,0,0,3,0,0,0,5,1,4,2,3,4,0,6,0,1,1,1,1,5,4,2,4,1,2,6,2,1,2,0,3,2,1,0,1,0,2,3,1,3,2,0,2,2,4,0,2,1,2,2,1,0,3,1,1,1,1,2,1,0,5,3,3,2,3,2,1,0,2,2,1,1,5,0,1,2,1,0,0
T2D_donor_05_cell_028,demo,T2D_donor_05,T2D,beta,23,16,30,20,25,16,23,24,26,23,1,3,2,1,1,0,0,1,2,1,4,10,9,5,3,6,0,3,1,3,1,2,3,1,1,4,0,0,1,0,0,0,0,3,0,0,4,1,1,4,3,0,2,0,1,2,1,2,1,0,4,0,2,3,2,2,2,1,1,1,1,1,2,1,3,1,0,2,0,0,2,3,0,2,1,1,1,1,2,0,1,3,0,3,0,1,1,3,3,0,1,2,2,1,1,2
T2D_donor_05_cell_029,demo,T2D_donor_05,T2D,beta,5,6,8,8,8,9,8,9,6,7,7,8,4,7,4,6,6,8,9,4,7,4,5,4,4,6,1,3,6,4,2,1,4,2,6,2,0,2,1,2,0,0,2,8,0,4,2,0,1,0,3,0,1,4,2,4,3,3,1,0,0,0,1,1,1,0,1,0,2,1,1,3,0,3,2,0,0,0,0,1,1,3,2,0,1,1,0,0,4,3,0,1,2,2,1,2,3,1,0,0,2,2,0,1,0,4
T2D_donor_05_cell_030,demo,T2D_donor_05,T2D,beta,13,13,11,7,15,15,11,11,13,7,10,4,7,1,5,5,8,2,2,3,4,5,1,7,15,3,1,2,0,2,2,2,1,1,6,1,0,2,1,4,1,1,2,0,0,0,4,2,1,2,0,1,2,2,3,3,0,0,2,1,0,2,0,0,3,2,2,3,1,6,0,0,2,0,1,2,0,5,3,1,0,3,2,0,1,1,0,0,0,2,1,2,0,3,1,1,1,2,2,1,3,1,2,4,3,1
T2D_donor_05_cell_031,demo,T2D_donor_05,T2D,beta,10,11,10,7,14,9,10,13,12,11,7,5,4,4,7,8,5,4,7,3,4,3,3,4,5,3,1,1,2,2,3,3,0,6,4,0,1,2,6,0,5,1,3,0,2,2,4,3,2,0,1,1,2,1,7,2,2,0,0,2,1,2,1,1,0,2,3,0,2,1,2,3,0,2,0,2,4,3,3,1,2,2,0,1,1,0,1,1,2,0,0,3,1,1,3,1,2,2,5,1,0,5,2,0,3,3
T2D_donor_05_cell_032,demo,T2D_donor_05,T2D,beta,6,4,6,6,9,6,9,2,9,7,11,14,7,12,10,7,12,8,6,11,6,2,3,4,3,4,3,0,0,1,5,2,1,2,2,1,3,2,1,3,2,3,2,1,1,3,4,4,3,1,2,3,1,2,4,1,0,2,0,1,4,0,0,5,1,0,4,2,1,0,1,1,1,2,1,4,3,3,1,1,3,1,3,1,3,2,3,4,2,1,5,3,2,1,2,1,1,1,1,1,1,0,0,3,0,3
T2D_donor_05_cell_033,demo,T2D_donor_05,T2D,beta,7,8,9,13,8,9,10,12,5,7,5,7,5,5,6,8,7,7,4,4,3,6,1,6,1,12,2,3,2,0,2,1,1,6,1,5,1,0,6,0,1,2,0,0,7,0,3,0,0,0,3,4,2,2,4,1,4,1,1,0,2,4,2,0,0,0,1,12,1,4,0,2,2,1,2,0,3,1,1,1,2,4,1,2,0,3,0,6,0,1,1,0,0,1,0,3,3,3,1,0,3,0,2,3,1,4
T2D_donor_05_cell_034,demo,T2D_donor_05,T2D,beta,9,4,6,5,9,4,4,6,10,5,13,14,10,8,10,6,8,13,9,19,3,1,4,2,3,4,3,2,1,1,2,3,1,2,0,4,3,2,1,0,1,0,2,0,3,2,0,1,0,4,4,2,0,0,2,1,1,2,0,2,1,0,1,1,2,2,1,3,2,2,0,2,0,0,2,0,0,0,0,0,0,1,2,1,1,2,1,2,1,2,0,2,0,3,2,1,1,1,0,1,2,0,3,3,3,2
T2D_donor_05_cell_035,demo,T2D_donor_05,T2D,beta,3,0,0,3,5,5,4,1,7,5,23,24,22,26,34,21,26,24,24,31,2,2,2,3,3,2,3,1,0,3,1,4,3,0,2,4,4,2,3,2,0,2,0,1,0,3,0,2,3,0,0,1,3,5,2,1,0,1,1,0,0,3,0,2,5,0,4,4,2,1,0,2,4,0,0,4,0,0,0,0,3,2,0,0,3,2,0,3,2,3,1,1,4,1,0,2,1,1,1,1,0,0,6,4,1,1
T2D_donor_05_cell_036,demo,T2D_donor_05,T2D,beta,13,8,13,12,11,7,7,12,4,10,6,8,10,6,3,7,2,6,12,13,4,4,3,4,6,5,1,5,2,0,2,3,4,4,2,2,1,1,6,4,1,7,1,2,0,1,0,3,2,1,3,3,1,3,2,1,2,0,2,0,0,2,0,0,1,1,3,1,0,0,5,0,5,1,1,1,3,2,1,0,0,1,1,2,2,4,0,2,2,2,4,0,0,2,1,2,2,3,0,1,2,2,1,4,0,1
T2D_donor_05_cell_037,demo,T2D_donor_05,T2D,beta,18,18,23,23,17,20,18,15,21,21,4,1,6,6,1,3,1,4,3,3,6,4,6,5,6,0,3,1,1,3,0,3,1,3,0,0,3,2,2,5,3,1,0,2,0,1,4,1,1,1,1,1,0,2,0,1,0,2,0,1,1,1,2,0,4,1,3,1,5,1,3,2,4,1,0,0,1,1,3,0,1,2,4,2,2,4,1,1,0,1,5,1,1,3,6,1,1,3,0,2,1,0,0,0,3,1
T2D_donor_05_cell_038,demo,T2D_donor_05,T2D,beta,12,11,19,9,5,11,11,13,10,9,3,8,3,5,6,5,3,6,3,3,3,3,7,5,6,4,3,2,1,2,0,2,1,3,0,3,3,4,0,0,3,1,1,0,2,4,0,5,0,0,1,3,2,4,1,4,4,1,2,2,2,3,1,2,3,3,1,1,3,5,1,2,3,1,5,6,3,1,2,2,1,4,4,1,0,5,1,4,5,3,0,0,2,1,2,3,0,2,1,2,1,1,0,2,3,6
T2D_donor_05_cell_039,demo,T2D_donor_05,T2D,beta,6,9,7,8,3,5,8,6,10,3,13,7,6,6,5,7,6,16,7,11,6,1,2,3,5,3,2,3,1,1,2,0,2,1,1,4,3,3,3,0,2,4,0,2,4,2,1,2,1,2,3,1,0,0,2,2,2,3,1,1,1,2,0,1,0,2,1,3,3,1,0,2,0,0,1,1,1,3,3,3,3,1,2,0,2,1,1,1,2,2,2,2,2,4,1,2,3,1,0,2,4,4,5,2,5,3
T2D_donor_05_cell_040,demo,T2D_donor_05,T2D,beta,8,4,4,2,5,7,9,8,6,3,7,8,11,16,12,8,17,17,9,12,1,2,3,11,6,3,1,0,1,1,6,1,2,2,3,0,3,1,2,3,2,6,2,0,3,4,3,1,1,5,0,1,1,3,1,3,2,1,2,7,1,2,3,1,0,1,4,0,3,2,1,1,6,1,4,4,0,1,1,3,3,0,4,2,0,2,0,6,3,3,1,1,2,1,2,0,3,0,1,1,0,3,6,3,0,1
T2D_donor_05_cell_041,demo,T2D_donor_05,T2D,beta,6,10,7,4,10,10,4,6,8,10,8,9,4,10,6,9,8,4,13,10,6,4,10,1,4,3,2,2,1,4,3,3,0,3,0,0,2,0,4,7,0,4,5,1,2,1,3,1,6,2,2,2,3,2,2,4,2,0,5,0,1,1,1,0,1,1,2,0,2,1,2,1,0,0,2,0,0,4,3,4,4,1,0,0,2,5,0,4,0,2,1,4,1,4,2,2,3,5,2,1,2,4,4,2,2,0
T2D_donor_05_cell_042,demo,T2D_donor_05,T2D,beta,15,10,15,16,12,14,14,13,10,19,3,1,5,4,4,6,4,2,5,5,4,6,7,7,5,6,0,0,2,1,3,1,5,2,6,2,2,0,1,3,2,2,8,3,1,0,1,1,1,2,0,1,3,1,0,4,1,3,1,1,1,3,2,1,2,0,3,4,2,1,1,3,4,2,2,0,1,0,2,0,3,3,2,0,1,4,2,3,1,3,3,1,2,0,7,2,1,3,0,2,1,3,0,0,5,0
T2D_donor_05_cell_043,demo,T2D_donor_05,T2D,beta,8,9,5,7,12,12,8,6,11,7,8,5,10,7,10,5,5,7,9,14,1,3,2,3,7,1,0,2,4,2,3,1,1,2,0,1,3,4,1,4,3,4,1,2,1,2,1,0,0,3,4,0,1,0,2,0,2,0,2,1,1,1,3,1,1,3,0,1,0,0,1,4,6,1,1,2,2,1,0,2,0,4,1,3,2,1,4,0,0,0,2,2,4,0,1,1,1,3,0,3,2,1,0,1,0,3
T2D_donor_05_cell_044,demo,T2D_donor_05,T2D,beta,2,8,2,4,1,3,3,9,7,1,27,19,16,14,8,17,19,15,13,24,3,3,2,6,7,2,2,1,1,2,1,0,4,1,3,1,2,3,6,0,0,0,2,1,1,0,2,1,6,3,1,5,4,5,2,2,0,4,1,2,0,0,4,0,1,2,3,0,3,1,2,1,3,1,1,2,2,1,3,3,2,3,1,0,2,4,0,2,3,4,5,6,1,0,2,4,4,4,2,1,3,2,1,0,3,1
T2D_donor_05_cell_045,demo,T2D_donor_05,T2D,beta,12,4,12,8,6,12,16,8,13,12,3,5,6,5,5,4,4,9,1,4,5,3,4,6,5,1,2,4,3,4,2,4,2,1,1,0,3,0,0,1,1,2,2,1,0,1,6,5,0,2,2,2,2,4,3,1,2,3,0,1,3,1,1,0,1,0,4,1,2,0,4,1,1,1,1,2,2,2,2,0,2,0,1,3,1,2,3,0,1,0,2,1,2,4,4,0,1,0,2,2,1,0,4,0,0,3
T2D_donor_05_cell_046,demo,T2D_donor_05,T2D,beta,21,18,17,16,10,19,21,16,20,18,4,3,6,3,3,5,5,4,5,1,8,8,6,9,2,7,4,1,0,2,1,3,4,2,0,1,0,4,3,3,2,5,0,1,6,2,1,1,0,0,3,2,3,1,2,3,0,3,3,1,2,4,1,0,1,2,3,2,2,1,1,0,2,1,1,1,0,2,2,0,1,1,2,4,3,2,3,3,1,0,3,2,4,2,2,0,3,0,1,1,2,0,0,0,2,1
T2D_donor_05_cell_047,demo,T2D_donor_05,T2D,beta,25,21,10,11,18,9,18,12,13,17,5,5,3,3,6,4,2,4,6,4,8,1,5,7,4,3,3,0,2,5,1,3,3,3,5,1,3,1,2,6,0,2,2,1,1,0,1,2,4,2,1,0,2,0,4,0,1,2,0,0,3,3,0,3,5,1,3,2,3,4,0,2,1,1,2,2,2,4,0,1,0,1,2,0,1,0,0,0,1,0,2,1,1,1,3,1,1,0,0,3,5,3,1,0,2,3
T2D_donor_05_cell_048,demo,T2D_donor_05,T2D,beta,11,10,7,6,13,8,17,11,10,16,5,4,11,6,4,2,7,6,9,2,0,8,3,3,5,4,1,3,0,2,1,3,4,3,1,2,1,2,0,0,2,0,1,0,2,1,1,0,1,3,1,2,1,2,2,1,1,3,3,2,5,1,0,1,3,0,6,1,1,0,3,4,3,2,3,1,1,4,2,5,2,2,2,1,0,8,2,3,2,0,0,0,3,2,1,6,0,3,1,3,0,2,3,0,0,0
T2D_donor_05_cell_049,demo,T2D_donor_05,T2D,beta,5,13,6,1,7,8,12,7,5,4,5,7,5,9,12,13,9,4,9,10,3,4,3,3,5,3,4,1,2,2,5,2,3,3,1,3,1,2,4,1,4,1,4,2,2,0,1,0,1,0,0,2,2,3,3,1,3,0,2,4,0,0,0,2,1,1,0,1,3,2,0,2,4,0,1,3,1,1,1,2,2,3,0,3,2,1,0,1,1,3,3,2,2,3,1,1,2,0,1,3,1,2,3,0,0,1
T2D_donor_05_cell_050,demo,T2D_donor_05,T2D,beta,23,28,15,20,24,19,20,15,24,21,0,2,1,0,2,0,2,2,3,4,8,7,5,6,1,4,0,0,2,0,1,2,0,1,4,0,3,0,1,1,3,2,1,2,0,0,2,2,1,0,1,1,2,2,1,2,0,1,0,3,3,3,1,1,2,3,0,2,3,3,1,2,1,2,4,5,1,2,2,2,2,1,1,3,2,0,3,1,1,1,2,1,1,1,2,1,1,1,2,1,0,2,0,0,6,0
T2D_donor_05_cell_051,demo,T2D_donor_05,T2D,beta,1,4,5,5,6,2,5,5,5,6,22,18,17,13,19,17,15,22,23,24,0,4,2,3,4,4,5,1,2,0,0,0,3,1,1,2,2,0,1,1,0,0,2,4,1,1,1,0,4,1,0,2,1,2,4,1,2,0,1,1,3,1,3,1,2,0,1,1,1,1,2,4,2,6,1,5,1,0,0,3,4,0,1,4,0,2,4,4,3,0,3,3,2,1,2,0,2,2,2,3,2,0,3,6,0,2
T2D_donor_05_cell_052,demo,T2D_donor_05,T2D,beta,20,31,25,34,19,28,26,31,25,31,0,1,1,0,1,4,1,1,0,2,6,9,4,5,8,8,2,0,1,3,2,5,0,3,0,1,1,2,5,0,1,1,3,3,2,3,2,4,2,2,1,3,3,1,1,1,3,5,2,1,1,1,2,1,2,0,1,2,3,5,4,2,1,4,3,6,3,1,4,0,0,2,1,6,1,7,1,0,0,2,3,1,1,2,0,0,2,5,2,5,1,1,1,2,2,1
T2D_donor_05_cell_053,demo,T2D_donor_05,T2D,beta,8,9,13,10,10,10,6,10,11,9,6,8,4,7,3,6,5,6,6,5,3,10,2,6,4,7,5,1,4,3,1,4,1,1,2,1,2,0,4,0,1,0,4,2,0,1,3,5,0,1,2,2,1,1,3,2,3,1,1,1,5,1,4,2,1,2,3,1,2,0,0,2,0,5,2,2,1,2,3,0,2,3,1,1,3,1,4,1,0,2,4,2,4,0,0,1,1,1,0,1,1,2,1,1,0,0
T2D_donor_05_cell_054,demo,T2D_donor_05,T2D,beta,17,13,15,18,10,15,19,14,23,14,4,4,3,4,3,3,1,3,2,3,4,4,10,9,3,5,3,0,2,1,1,2,3,1,3,1,4,1,1,2,0,1,0,6,0,3,0,3,3,5,1,2,4,2,2,1,1,6,3,0,0,0,4,2,3,1,2,2,1,3,4,4,2,0,2,0,4,3,3,3,0,2,4,4,2,0,4,1,2,0,2,1,2,3,3,2,0,2,3,1,3,1,3,3,1,3
T2D_donor_05_cell_055,demo,T2D_donor_05,T2D,beta,8,4,6,7,1,3,5,5,5,6,13,11,17,11,15,14,15,17,13,22,6,7,5,3,4,9,4,2,1,1,2,0,0,1,1,0,1,2,5,3,6,0,0,5,3,0,1,0,3,1,5,2,1,0,1,2,0,4,5,1,2,2,2,2,2,0,1,1,4,2,0,1,2,1,1,0,4,2,1,0,1,4,0,1,1,0,4,0,2,2,4,4,3,1,3,0,1,0,1,0,1,1,7,1,1,2
T2D_donor_05_cell_056,demo,T2D_donor_05,T2D,beta,4,6,4,4,7,12,3,4,6,6,12,15,12,11,13,8,7,14,9,12,3,3,1,4,3,6,2,5,1,2,1,3,1,2,0,4,0,3,0,2,4,1,0,4,0,4,3,2,1,4,1,2,1,0,3,2,1,1,4,3,2,2,2,2,3,1,0,3,1,1,3,3,1,3,0,3,0,0,1,0,1,1,2,0,2,1,1,0,1,1,3,2,0,3,2,2,1,1,0,6,5,2,2,3,2,1
T2D_donor_05_cell_057,demo,T2D_donor_05,T2D,beta,5,4,4,4,7,7,8,7,3,6,7,9,11,7,8,9,7,4,12,14,3,2,5,1,7,4,0,0,1,1,0,0,0,1,2,0,1,2,3,2,0,1,7,3,2,0,0,0,2,4,0,0,4,0,1,3,2,2,3,1,2,2,4,0,0,3,2,3,3,2,0,0,0,2,3,1,1,3,2,2,4,0,3,1,0,2,1,1,1,5,3,0,2,1,2,0,2,1,5,0,2,2,1,1,0,6
T2D_donor_05_cell_058,demo,T2D_donor_05,T2D,beta,7,9,6,9,3,4,10,13,6,9,8,14,8,8,12,8,11,9,5,10,7,3,3,2,2,2,1,7,3,3,1,0,0,1,3,0,2,2,3,0,3,1,3,0,0,2,1,1,1,1,1,1,1,1,4,1,1,1,1,1,3,3,1,7,4,2,2,1,1,4,1,0,5,1,1,0,2,0,0,3,0,2,0,1,1,0,0,1,0,1,5,3,3,5,3,4,2,3,3,3,0,1,4,5,3,0
T2D_donor_05_cell_059,demo,T2D_donor_05,T2D,beta,12,20,20,17,19,17,22,17,18,15,2,3,2,3,3,1,2,1,2,3,9,5,9,5,8,4,0,4,0,0,0,2,2,1,5,0,0,1,2,2,2,0,0,3,4,0,4,2,1,1,0,2,1,1,0,4,0,8,4,0,1,2,4,1,1,0,1,1,6,1,1,2,3,0,3,1,1,2,3,3,1,3,2,1,0,5,2,3,5,0,4,2,2,3,2,2,1,7,6,3,0,1,0,2,2,3
T2D_donor_05_cell_060,demo,T2D_donor_05,T2D,beta,10,12,9,14,12,14,16,7,15,11,5,5,5,1,4,4,4,2,7,8,3,6,7,3,6,4,2,0,0,1,3,0,2,3,0,5,2,2,1,1,1,2,1,3,2,1,2,3,0,0,2,1,1,0,1,1,3,2,6,2,2,1,2,1,3,2,1,3,3,2,3,4,1,3,0,3,3,0,2,1,1,2,5,0,2,3,5,3,0,2,0,1,2,2,1,2,3,1,3,3,1,4,3,3,2,1
T2D_donor_05_cell_061,demo,T2D_donor_05,T2D,beta,13,17,9,13,11,3,13,11,15,14,6,1,3,8,5,11,8,9,1,5,11,11,8,2,6,7,3,0,3,2,0,1,1,0,2,0,1,1,1,1,0,4,3,2,2,1,2,0,0,3,1,0,1,2,2,2,0,0,4,0,0,2,2,4,3,0,0,4,0,3,1,2,0,1,2,4,4,1,0,0,2,1,1,1,1,2,3,1,5,3,8,1,1,3,4,0,0,1,0,2,2,2,1,2,1,4
T2D_donor_05_cell_062,demo,T2D_donor_05,T2D,beta,12,8,12,5,11,17,9,14,22,8,5,2,7,6,8,5,3,9,4,5,6,4,7,4,5,4,0,3,0,0,3,0,3,1,1,1,4,2,3,1,0,1,0,1,6,1,0,1,1,0,5,1,0,1,1,4,3,0,3,2,3,5,2,2,2,1,2,0,1,2,2,1,0,0,0,1,2,1,3,1,0,5,2,4,3,0,1,1,2,4,2,2,1,2,0,1,3,0,1,1,1,1,3,6,4,1
T2D_donor_05_cell_063,demo,T2D_donor_05,T2D,beta,6,8,11,6,6,3,5,4,7,10,8,12,8,9,9,5,15,10,4,8,1,4,2,1,2,3,1,7,1,2,3,3,3,0,1,3,0,3,4,2,1,2,0,0,1,3,0,1,0,0,5,3,4,0,1,3,1,1,4,1,2,3,0,1,1,4,0,0,2,1,0,4,4,1,0,2,2,1,0,0,2,2,2,2,0,0,0,1,1,1,5,1,0,1,2,2,1,0,3,2,4,1,0,3,0,1
T2D_donor_05_cell_064,demo,T2D_donor_05,T2D,beta,6,9,7,6,12,7,3,12,11,12,10,4,4,1,5,4,3,5,9,3,5,5,4,4,3,5,1,1,0,4,2,1,2,2,2,1,0,1,0,1,2,2,0,0,2,0,0,3,2,4,5,2,1,1,0,2,2,3,2,1,0,1,4,0,0,5,1,1,3,2,1,2,0,5,2,5,3,4,2,2,5,1,5,4,1,0,3,3,2,4,2,2,4,2,3,1,2,2,0,3,3,2,0,2,0,0
T2D_donor_05_cell_065,demo,T2D_donor_05,T2D,beta,4,3,4,9,8,7,4,6,6,4,4,7,12,9,9,7,4,6,8,13,3,3,2,2,3,7,1,0,4,1,2,1,0,0,2,1,2,0,3,2,1,3,7,1,4,1,2,3,3,2,1,1,3,2,0,0,0,0,2,4,2,0,2,1,0,3,0,0,3,0,0,1,2,0,5,1,4,3,2,2,2,1,1,1,0,4,1,4,2,1,3,5,0,0,0,1,2,2,1,2,0,0,2,2,6,1
T2D_donor_05_cell_066,demo,T2D_donor_05,T2D,beta,9,5,6,12,13,9,8,9,7,13,8,7,6,8,7,12,7,8,7,12,6,5,5,3,7,6,1,2,2,6,3,4,0,0,2,4,4,5,2,2,4,0,2,2,0,0,1,1,1,2,2,0,2,0,1,3,2,0,0,1,0,1,1,5,0,4,2,2,2,4,2,1,3,1,1,0,1,3,2,1,1,2,1,4,1,0,1,0,1,0,0,1,2,2,0,3,3,2,1,1,0,3,1,4,2,2
T2D_donor_05_cell_067,demo,T2D_donor_05,T2D,beta,9,8,7,3,6,8,7,3,11,7,5,11,12,7,4,5,7,6,9,8,6,5,5,7,5,11,2,0,3,4,1,3,3,3,0,2,2,3,1,2,1,3,1,0,2,1,3,0,1,3,2,1,0,1,2,0,0,4,3,4,0,0,2,1,0,1,2,2,1,1,3,2,2,2,3,0,0,2,3,2,2,2,1,4,1,2,0,2,1,1,1,2,1,0,0,1,2,0,6,1,4,0,3,1,1,3
T2D_donor_05_cell_068,demo,T2D_donor_05,T2D,beta,9,1,12,10,7,9,11,18,25,10,3,9,7,9,4,5,3,4,1,1,3,2,7,7,1,3,3,3,3,1,2,5,1,0,1,1,0,1,1,0,0,0,0,2,2,3,1,3,1,0,3,3,0,8,1,2,2,4,1,0,1,0,5,5,5,1,2,1,1,4,0,2,4,3,3,1,0,0,0,3,1,2,1,1,1,1,1,2,2,1,1,3,0,2,1,4,0,3,2,3,1,0,1,5,3,3
T2D_donor_05_cell_069,demo,T2D_donor_05,T2D,beta,9,8,15,9,8,16,6,11,8,12,3,5,5,2,3,2,5,5,4,1,5,5,10,2,2,0,2,0,0,1,1,0,0,0,3,2,2,2,0,2,3,1,1,2,0,0,1,0,3,2,0,0,4,4,0,1,0,5,3,1,1,3,1,0,2,1,3,2,2,0,1,1,1,1,1,4,3,2,4,1,1,2,2,1,2,0,2,2,3,2,1,2,3,4,0,1,1,0,1,2,1,4,2,1,0,3
T2D_donor_05_cell_070,demo,T2D_donor_05,T2D,beta,6,3,6,5,6,4,6,6,4,10,4,3,8,10,8,9,7,10,11,14,7,6,4,2,4,5,2,4,1,5,1,1,1,0,0,2,1,0,2,1,1,1,0,5,3,2,5,2,3,2,1,3,1,3,1,3,7,1,1,0,0,3,4,5,2,3,4,6,1,0,2,3,0,2,0,2,2,0,2,2,0,3,0,1,0,1,1,2,3,1,0,2,3,1,4,0,3,2,0,0,1,0,0,1,4,0
T2D_donor_05_cell_071,demo,T2D_donor_05,T2D,beta,6,8,2,6,3,8,6,4,2,8,7,11,15,13,18,11,17,17,17,11,3,1,3,3,4,3,2,2,5,1,5,7,1,3,0,2,2,2,7,4,3,0,1,1,2,1,0,3,0,2,3,1,1,8,4,0,1,0,3,2,3,1,1,0,2,1,0,0,1,5,1,4,1,3,2,0,6,2,0,5,4,1,1,1,1,1,5,4,1,1,0,0,1,3,0,1,3,1,0,1,1,0,4,0,0,0
T2D_donor_05_cell_072,demo,T2D_donor_05,T2D,beta,15,13,9,18,14,13,14,15,12,13,4,3,8,3,3,3,6,1,1,3,4,3,7,7,4,4,2,0,1,1,0,1,2,2,1,2,1,2,5,2,2,3,0,5,1,4,0,1,3,3,5,0,1,3,3,1,1,5,2,1,2,4,2,1,0,1,3,2,4,3,5,2,2,3,2,1,2,2,1,2,1,2,1,1,1,0,2,4,4,2,2,3,0,2,1,1,2,2,1,2,2,3,0,3,2,0
T2D_donor_05_cell_073,demo,T2D_donor_05,T2D,beta,3,4,3,4,9,3,2,3,3,5,23,15,31,22,21,19,15,23,20,20,3,1,2,2,2,5,0,0,0,1,0,3,1,1,4,2,2,1,1,2,3,0,1,1,2,3,2,2,0,0,2,2,1,1,1,2,2,3,0,1,4,0,0,1,1,1,0,6,1,2,2,0,2,3,8,1,2,2,1,1,1,2,1,1,3,0,1,0,2,2,7,1,2,1,0,3,1,3,4,1,1,1,3,1,1,1
T2D_donor_05_cell_074,demo,T2D_donor_05,T2D,beta,13,6,7,9,4,7,2,4,7,5,5,10,10,12,4,8,8,10,4,8,2,3,4,3,6,10,1,4,1,2,7,2,5,3,1,4,1,3,3,0,1,3,3,2,2,1,0,6,1,1,0,3,0,1,2,3,2,2,2,0,2,1,2,2,0,2,2,2,0,5,0,2,1,3,3,3,0,3,1,1,1,1,2,0,1,2,1,1,3,0,0,4,2,1,0,3,0,2,1,1,0,2,3,2,1,0
T2D_donor_05_cell_075,demo,T2D_donor_05,T2D,beta,10,4,11,4,7,15,5,4,11,9,9,5,9,10,12,9,5,6,2,9,6,8,5,2,5,3,1,3,2,1,2,2,1,0,5,1,1,1,0,4,5,0,2,0,1,0,4,0,2,0,3,2,2,6,0,3,1,6,0,4,5,0,3,0,1,0,1,2,2,0,1,0,3,0,3,0,0,0,1,1,3,5,3,0,3,0,4,0,2,2,2,2,0,2,3,0,3,2,1,2,1,3,0,0,3,0
T2D_donor_05_cell_076,demo,T2D_donor_05,T2D,beta,10,10,13,9,16,10,13,13,13,8,2,6,5,3,1,4,2,3,1,3,7,5,3,9,4,5,1,3,3,2,3,0,2,2,0,4,1,1,2,2,0,1,1,7,2,3,4,1,3,2,2,1,6,1,3,1,2,6,1,0,1,3,0,3,1,3,4,4,4,1,2,2,2,1,2,2,1,0,4,0,1,3,1,3,1,1,1,2,1,2,3,1,0,3,3,4,1,1,3,3,1,0,4,0,5,1
T2D_donor_05_cell_077,demo,T2D_donor_05,T2D,beta,10,13,4,13,12,13,9,13,8,11,8,8,14,2,11,8,5,2,4,6,4,8,8,6,5,5,3,3,2,0,3,2,3,3,2,0,2,1,6,2,1,1,5,1,2,1,4,4,5,1,0,1,3,4,1,0,0,0,2,2,1,0,1,3,1,1,3,1,2,0,0,4,2,0,0,1,3,1,4,1,2,3,5,3,3,3,2,2,0,4,1,4,1,0,5,0,0,1,2,2,1,5,3,0,0,2
T2D_donor_05_cell_078,demo,T2D_donor_05,T2D,beta,10,6,7,3,4,8,8,12,9,3,4,8,7,12,4,13,8,9,7,9,4,7,2,4,3,1,3,2,1,1,1,1,1,2,2,4,1,2,1,3,1,5,2,1,2,1,1,1,1,3,0,2,1,0,1,2,2,1,1,5,0,2,1,0,2,3,3,1,1,5,1,0,2,3,0,1,4,1,1,1,0,0,0,2,1,3,1,1,0,3,1,3,1,1,1,1,6,3,4,3,2,0,0,0,4,0
T2D_donor_05_cell_079,demo,T2D_donor_05,T2D,beta,24,12,21,21,14,17,16,13,19,23,2,3,1,3,4,3,3,0,3,3,5,7,6,5,4,4,0,2,1,2,2,4,5,0,3,4,1,1,0,0,1,1,5,2,5,1,1,2,0,2,6,2,0,4,0,2,5,1,4,4,0,1,1,0,1,3,2,1,0,1,5,3,1,0,4,0,1,0,1,0,0,4,4,4,0,3,1,3,4,1,0,3,1,0,4,2,0,3,1,6,3,1,0,2,2,3
T2D_donor_05_cell_080,demo,T2D_donor_05,T2D,beta,28,24,25,17,24,31,29,14,16,33,3,2,1,0,2,3,3,0,2,3,8,12,5,10,6,10,0,2,0,2,1,1,2,2,2,1,2,2,1,0,1,0,2,0,0,1,2,4,0,0,2,1,3,1,4,2,0,0,0,2,0,1,3,1,1,1,2,0,5,1,1,1,2,1,5,4,2,0,1,4,3,0,2,4,1,3,3,1,3,1,0,1,0,3,0,1,2,0,3,0,0,1,0,0,0,1
T2D_donor_05_cell_081,demo,T2D_donor_05,T2D,beta,6,8,10,5,9,6,6,8,7,7,6,8,11,8,9,14,16,5,15,12,5,6,3,3,5,3,0,2,4,0,2,3,0,4,0,3,2,1,0,1,1,2,2,1,3,1,1,4,2,2,2,1,1,3,3,5,1,0,0,2,1,2,3,3,2,0,1,3,1,0,2,1,3,2,1,0,2,2,0,3,1,1,1,0,2,1,0,0,2,1,0,0,4,0,1,1,1,1,1,5,1,0,1,4,0,0
T2D_donor_05_cell_082,demo,T2D_donor_05,T2D,beta,15,7,10,10,8,10,6,10,12,11,7,7,3,4,1,6,5,3,4,8,6,4,5,3,3,4,1,0,2,1,2,3,1,1,0,1,1,3,4,2,1,0,2,0,0,2,4,2,3,4,4,0,3,1,6,2,0,4,0,4,5,0,1,0,3,1,3,1,0,5,2,1,0,1,2,1,0,2,0,0,3,0,3,2,3,3,2,0,1,4,8,3,0,2,0,4,6,0,2,0,3,2,4,2,1,1
T2D_donor_05_cell_083,demo,T2D_donor_05,T2D,beta,12,22,19,14,17,13,17,12,13,21,2,2,5,6,5,2,5,5,1,3,4,3,3,2,4,3,2,2,3,5,3,1,4,1,1,2,3,2,2,2,0,3,4,1,1,3,1,4,3,2,3,1,1,5,3,3,1,2,0,2,4,4,3,1,1,0,4,0,0,0,3,2,4,2,2,3,3,0,1,3,0,2,1,2,5,0,1,1,0,0,0,1,1,2,2,0,4,1,2,0,2,2,3,0,1,2
T2D_donor_05_cell_084,demo,T2D_donor_05,T2D,beta,13,6,10,6,7,5,11,14,6,14,4,4,4,6,4,7,9,13,6,6,5,5,2,1,3,3,4,1,8,2,0,0,1,2,2,3,1,0,2,1,2,2,3,2,0,0,1,3,2,1,2,1,0,4,4,4,1,1,0,0,1,5,3,3,1,2,4,0,2,3,0,2,3,4,0,5,1,1,3,1,6,5,2,0,2,2,2,5,1,1,1,0,2,0,5,3,1,1,2,2,3,0,1,1,3,1
T2D_donor_05_cell_085,demo,T2D_donor_05,T2D,beta,11,8,6,11,5,7,7,5,8,7,11,12,8,9,5,16,6,12,8,8,3,6,2,5,4,3,0,0,1,2,3,1,2,1,3,0,1,4,4,3,4,3,1,1,4,3,0,2,5,2,0,3,1,2,1,1,0,1,0,1,0,4,1,3,1,5,2,1,0,0,3,1,6,5,1,3,6,2,0,0,5,0,3,1,2,3,2,1,1,1,1,1,3,1,1,0,2,3,0,2,0,4,0,0,4,1
T2D_donor_05_cell_086,demo,T2D_donor_05,T2D,beta,7,9,9,6,8,6,9,9,10,12,5,11,10,6,8,9,6,6,3,10,3,5,5,7,10,5,0,3,3,0,0,0,0,3,2,0,3,3,0,4,1,3,1,2,3,3,4,3,0,1,0,0,0,2,0,2,0,4,0,2,0,1,2,1,1,0,1,1,4,4,3,1,0,0,1,1,0,0,2,3,1,2,1,0,5,1,2,0,0,0,0,2,2,5,4,1,2,2,1,4,4,3,5,1,1,2
T2D_donor_05_cell_087,demo,T2D_donor_05,T2D,beta,13,18,27,17,19,19,27,16,16,18,2,2,6,0,2,1,2,1,2,3,7,6,9,10,8,12,0,1,1,2,2,2,3,2,4,1,2,0,2,3,1,2,2,2,2,2,4,2,0,4,2,0,2,2,1,2,3,2,2,0,5,6,4,5,3,2,4,3,1,1,3,2,2,1,0,0,0,2,3,2,3,1,0,3,1,1,2,2,4,1,5,1,1,2,1,2,0,3,2,1,1,0,3,4,1,1
T2D_donor_05_cell_088,demo,T2D_donor_05,T2D,beta,14,10,12,8,15,13,10,13,8,15,5,1,1,5,2,3,3,3,5,3,3,3,5,3,5,4,0,1,0,2,6,2,1,2,2,4,1,3,3,2,2,2,2,0,5,2,7,1,0,2,1,1,0,1,2,2,3,0,3,2,2,1,1,2,0,3,2,3,1,1,1,2,0,0,0,0,1,0,0,1,2,1,3,0,3,2,0,4,2,3,3,1,2,3,2,5,1,1,0,1,1,1,2,4,5,4
T2D_donor_05_cell_089,demo,T2D_donor_05,T2D,beta,12,12,16,11,11,18,11,16,14,12,3,6,5,3,8,4,6,3,1,3,5,6,10,9,4,6,3,3,1,4,2,3,0,1,1,3,4,2,5,0,1,0,0,0,2,1,1,1,1,0,3,2,1,4,0,4,4,0,0,1,3,1,2,0,1,5,3,1,2,1,2,0,1,5,0,1,1,3,2,4,1,1,1,3,2,2,1,1,1,4,3,3,2,4,0,0,0,0,0,1,4,4,1,1,5,0
T2D_donor_05_cell_090,demo,T2D_donor_05,T2D,beta,8,13,16,15,15,8,8,9,10,11,7,8,6,4,6,4,6,4,12,9,4,4,2,6,8,4,2,1,3,4,2,0,0,0,1,0,0,5,2,4,0,3,2,0,0,2,2,1,2,1,1,0,5,3,1,2,0,2,0,0,1,4,2,1,1,2,1,1,1,0,0,3,2,0,0,4,0,2,1,1,4,2,2,1,1,1,0,1,1,2,0,2,2,5,0,1,3,1,4,2,2,0,2,1,5,0
T2D_donor_05_cell_091,demo,T2D_donor_05,T2D,beta,8,9,10,4,11,4,7,7,8,3,9,14,8,14,14,11,12,16,19,11,3,1,7,3,6,4,1,1,1,1,2,2,2,3,3,4,1,0,0,2,1,5,0,3,0,3,3,0,3,2,1,1,3,1,0,1,1,3,1,0,2,1,3,4,1,4,2,1,2,5,1,3,4,1,1,2,4,2,1,0,0,2,0,1,2,1,1,1,1,0,3,1,6,3,2,0,2,1,2,4,2,5,4,2,1,0
T2D_donor_05_cell_092,demo,T2D_donor_05,T2D,beta,5,3,6,5,2,5,2,2,5,4,14,16,21,20,17,25,25,19,14,18,5,8,3,3,4,2,0,1,2,2,2,0,0,0,4,4,2,1,4,1,4,1,5,3,1,0,0,4,1,3,1,5,3,2,1,0,4,4,0,1,3,0,3,1,2,2,2,6,0,1,0,1,1,3,0,0,3,1,0,0,1,0,1,2,0,0,3,6,1,0,1,2,2,1,4,1,1,0,6,5,0,4,7,0,1,0
T2D_donor_05_cell_093,demo,T2D_donor_05,T2D,beta,6,10,10,12,6,10,8,12,12,8,9,9,2,5,6,7,6,4,5,9,2,4,5,2,5,1,1,2,0,0,1,2,0,0,2,0,3,1,3,2,1,2,0,2,2,2,1,0,1,0,5,2,0,1,2,1,0,0,0,3,5,5,5,0,5,1,1,3,4,1,1,0,2,0,3,1,4,2,2,2,1,1,1,2,0,2,1,0,1,6,1,3,2,2,1,3,0,1,1,1,2,2,0,2,2,1
T2D_donor_05_cell_094,demo,T2D_donor_05,T2D,beta,16,9,8,12,13,10,11,9,10,15,6,9,4,4,4,3,1,4,6,9,4,2,3,8,5,6,3,0,5,0,0,2,0,1,1,1,0,1,2,3,3,1,3,1,6,1,1,0,0,0,1,2,0,0,1,4,2,7,3,3,3,1,1,2,1,1,2,0,4,2,3,1,1,1,6,3,3,2,5,1,2,1,2,0,1,2,2,1,0,4,1,2,3,1,1,0,4,0,1,2,1,1,1,1,1,1
T2D_donor_05_cell_095,demo,T2D_donor_05,T2D,beta,11,5,9,14,11,11,10,12,11,7,2,13,9,10,10,6,6,9,4,7,7,1,4,5,4,1,5,4,0,1,1,2,7,5,1,3,2,0,1,1,2,0,2,2,1,0,5,1,3,3,3,0,1,1,1,3,2,1,1,2,4,1,2,2,6,0,0,2,1,2,1,1,2,3,1,4,1,1,1,2,1,0,0,2,2,2,0,0,1,4,1,1,3,0,0,0,1,1,0,1,3,1,1,5,1,2
T2D_donor_05_cell_096,demo,T2D_donor_05,T2D,beta,11,8,10,16,16,9,13,16,6,6,5,3,5,4,5,4,6,5,5,10,5,3,7,2,3,3,1,1,0,1,1,0,4,0,0,3,3,0,4,5,4,0,1,2,0,0,0,0,4,2,6,1,0,2,1,1,0,2,4,3,3,4,3,3,1,4,1,4,2,2,2,2,1,4,1,6,0,1,3,2,3,8,4,5,5,3,1,3,5,3,2,1,1,0,0,0,2,4,0,2,1,3,0,4,1,1
T2D_donor_05_cell_097,demo,T2D_donor_05,T2D,beta,11,10,6,9,9,7,9,7,8,12,6,5,4,5,9,8,6,6,6,13,5,1,5,3,1,7,2,1,5,1,1,0,2,0,0,3,1,1,1,2,0,0,4,0,1,2,4,0,1,3,1,1,2,1,3,0,2,2,2,4,1,1,1,4,1,2,3,4,0,0,4,0,3,1,2,3,3,1,2,1,2,3,1,2,1,4,2,0,1,1,3,1,0,0,1,3,2,2,0,0,2,2,1,0,3,4
T2D_donor_05_cell_098,demo,T2D_donor_05,T2D,beta,10,9,5,10,12,9,10,8,8,7,13,6,4,9,4,7,11,8,9,10,6,1,0,2,5,9,2,4,0,4,1,2,1,2,5,1,1,2,1,0,4,1,1,0,1,1,0,1,2,3,1,2,3,0,1,1,1,6,3,1,1,2,2,0,0,0,2,1,2,4,2,0,2,2,2,4,0,0,0,2,3,2,2,2,0,0,0,0,1,2,0,0,0,0,4,4,2,0,2,3,2,2,2,0,1,1
T2D_donor_05_cell_099,demo,T2D_donor_05,T2D,beta,14,19,10,16,15,13,10,11,14,17,6,6,5,5,4,4,2,3,6,1,4,4,3,8,4,4,2,3,1,1,3,0,1,2,4,1,5,3,0,2,2,4,0,1,1,1,3,1,4,2,2,1,2,0,2,3,0,1,1,2,2,1,2,6,3,1,0,1,2,2,1,0,6,1,1,4,1,1,2,1,2,2,2,2,0,2,1,4,1,1,0,1,2,1,1,0,0,1,1,3,3,4,0,0,1,0
T2D_donor_05_cell_100,demo,T2D_donor_05,T2D,beta,5,13,4,6,8,7,5,7,4,4,12,8,8,10,14,12,15,13,10,13,2,3,2,5,7,4,5,1,0,4,1,2,0,2,0,3,0,0,0,3,1,5,4,3,2,0,2,0,0,2,1,5,0,3,3,1,0,1,3,0,0,3,0,6,2,1,1,2,0,0,1,5,3,4,0,2,3,3,1,4,0,0,0,1,1,4,1,2,1,0,5,1,2,0,1,1,3,1,1,0,3,0,0,0,1,1
T2D_donor_05_cell_101,demo,T2D_donor_05,T2D,beta,10,16,10,12,24,15,15,16,13,13,3,0,2,2,2,6,1,2,5,4,6,6,10,4,10,6,0,4,0,1,2,1,2,0,1,1,1,2,0,3,1,2,2,2,7,4,3,1,0,1,1,2,3,1,0,2,1,5,3,1,2,1,4,3,3,0,3,2,0,1,4,0,2,6,3,2,1,4,0,2,0,4,3,3,1,3,1,0,0,2,1,4,0,2,1,3,2,4,1,0,1,0,3,0,7,2
T2D_donor_05_cell_102,demo,T2D_donor_05,T2D,beta,12,3,8,0,4,4,5,5,7,10,9,5,7,5,10,16,12,8,9,6,3,1,2,4,4,5,1,1,3,1,0,0,8,4,3,2,3,5,2,4,0,2,0,7,1,5,2,2,2,4,1,3,1,3,1,2,2,4,2,0,2,1,0,1,3,2,1,4,0,1,1,0,2,3,0,5,3,2,4,0,1,4,0,0,3,4,0,1,0,3,3,1,0,0,4,2,2,4,0,1,3,0,2,2,2,0
T2D_donor_05_cell_103,demo,T2D_donor_05,T2D,beta,12,12,4,7,6,10,5,5,11,12,8,8,11,14,7,7,5,2,5,6,3,4,4,2,2,5,0,2,3,1,2,2,0,3,3,2,1,0,2,1,2,0,5,1,0,1,3,2,1,3,0,3,1,0,1,3,1,1,4,2,0,1,0,2,0,3,3,3,6,4,0,2,1,1,0,3,1,1,3,4,6,1,4,4,2,2,0,2,2,3,1,2,2,1,4,1,1,3,3,2,1,2,1,0,5,4
T2D_donor_05_cell_104,demo,T2D_donor_05,T2D,beta,9,6,5,13,9,8,11,10,11,12,13,5,5,6,8,12,4,6,7,12,7,6,2,6,7,3,0,0,2,1,1,0,4,0,2,2,2,3,0,1,1,1,1,1,2,1,1,1,1,0,2,4,0,2,0,1,3,0,0,1,1,2,3,1,0,1,3,0,3,3,1,3,1,6,1,6,1,1,1,0,1,6,2,3,1,5,1,3,8,1,2,3,2,2,3,2,0,3,5,2,2,1,1,3,0,0
T2D_donor_05_cell_105,demo,T2D_donor_05,T2D,beta,6,8,7,10,8,5,6,7,7,4,15,4,7,4,8,7,4,10,6,6,6,4,6,2,6,4,0,1,0,4,1,2,1,1,4,0,0,3,1,1,3,5,0,0,1,4,1,2,1,4,0,0,3,2,2,0,1,0,1,4,3,5,3,4,2,0,3,1,1,0,2,4,0,1,0,1,0,1,0,2,2,0,0,7,1,3,0,2,0,3,0,0,3,0,0,0,3,0,3,2,0,2,0,2,4,0
T2D_donor_05_cell_106,demo,T2D_donor_05,T2D,beta,10,20,21,14,17,17,13,9,16,13,3,4,4,5,1,2,2,0,3,2,12,3,3,8,5,4,2,1,1,0,2,3,0,2,2,5,4,8,2,0,3,3,2,1,2,1,0,1,3,3,2,3,4,0,2,0,4,1,0,7,1,3,0,5,1,4,2,3,3,6,1,1,2,3,2,2,4,1,0,2,2,1,1,1,1,5,2,2,4,2,2,3,4,0,0,3,0,1,0,4,0,0,0,1,5,1
T2D_donor_05_cell_107,demo,T2D_donor_05,T2D,beta,9,5,22,17,17,15,10,14,16,12,5,4,3,4,7,3,1,4,2,4,3,4,8,1,5,5,2,1,1,1,1,0,5,1,2,1,1,0,4,0,2,1,0,4,1,2,0,4,4,0,1,1,0,3,0,0,4,0,2,0,6,1,0,4,1,2,1,0,0,2,3,0,2,1,0,1,3,0,3,0,1,3,4,1,1,2,0,2,2,2,2,2,2,0,3,6,5,0,2,2,3,1,0,2,0,2
T2D_donor_05_cell_108,demo,T2D_donor_05,T2D,beta,8,5,1,6,8,7,7,9,8,7,10,10,17,11,8,4,13,10,4,12,4,5,4,6,6,2,0,2,0,0,2,4,4,4,3,0,2,0,2,1,3,0,3,7,1,2,0,1,1,3,2,0,1,2,2,2,2,6,1,5,0,1,3,2,1,3,2,3,2,1,3,2,0,2,3,3,2,3,2,2,1,3,1,0,3,1,1,0,3,1,3,4,2,0,7,2,0,0,5,2,3,0,3,0,2,4
T2D_donor_05_cell_109,demo,T2D_donor_05,T2D,beta,3,2,2,5,0,3,5,2,1,3,26,24,20,23,20,23,26,21,23,13,2,2,0,2,0,3,1,3,3,2,0,0,1,5,0,5,1,3,1,0,5,3,1,1,1,1,3,1,2,1,1,1,1,0,1,3,5,3,2,2,1,1,0,0,3,0,3,1,3,3,3,0,1,1,0,1,0,1,1,1,1,5,1,2,3,0,1,2,1,0,1,0,0,1,2,1,4,3,1,0,1,3,2,3,2,2
T2D_donor_05_cell_110,demo,T2D_donor_05,T2D,beta,15,8,7,16,18,10,6,12,13,8,9,3,3,4,5,5,5,5,9,4,4,6,4,6,4,3,0,0,3,1,0,3,2,3,0,2,1,3,7,1,0,1,2,0,0,2,0,3,2,1,2,0,0,1,1,4,2,2,2,3,2,3,1,0,2,2,1,0,5,2,2,1,4,5,2,6,2,1,1,3,2,0,0,0,0,1,2,1,2,4,3,3,0,2,1,0,3,3,4,4,0,3,1,1,1,2
T2D_donor_05_cell_111,demo,T2D_donor_05,T2D,beta,3,10,7,7,8,6,7,5,10,6,8,3,9,3,11,12,9,7,9,5,1,4,4,3,4,3,3,2,4,2,3,2,0,3,0,0,0,0,1,2,0,1,2,1,4,2,2,6,2,1,0,2,1,1,2,1,0,4,0,1,3,1,1,2,3,1,2,0,1,1,3,2,0,1,1,1,3,5,2,1,0,3,0,2,2,3,2,4,4,0,1,1,4,3,2,1,1,3,3,2,2,2,0,2,4,5
T2D_donor_05_cell_112,demo,T2D_donor_05,T2D,beta,14,5,7,8,9,10,5,10,7,8,4,4,5,9,5,6,4,4,3,7,4,2,1,9,2,2,0,0,1,2,0,5,2,5,4,0,4,1,2,1,4,0,1,3,4,3,3,2,3,4,3,3,1,0,5,6,2,2,2,3,0,1,1,2,1,0,3,0,1,3,2,1,1,5,3,1,2,2,0,2,1,2,3,2,1,1,3,0,2,0,0,0,0,2,2,0,3,2,1,3,5,1,3,5,0,1
T2D_donor_05_cell_113,demo,T2D_donor_05,T2D,beta,4,3,8,7,7,8,8,7,10,4,7,12,5,3,9,8,8,5,5,9,1,6,1,4,3,3,0,2,3,4,2,1,2,0,1,0,2,1,1,2,1,0,1,0,1,2,2,0,3,1,1,1,2,2,1,3,2,0,3,2,0,4,2,3,0,2,0,1,0,1,1,2,1,1,6,2,3,6,1,0,0,3,3,3,4,4,1,1,3,2,3,1,2,1,2,2,1,2,5,7,4,2,3,3,4,0
T2D_donor_05_cell_114,demo,T2D_donor_05,T2D,beta,9,5,5,5,5,4,5,4,4,7,12,9,14,16,14,15,7,10,13,12,3,3,2,1,6,8,0,1,1,1,0,2,2,2,1,3,2,1,2,1,4,1,2,1,0,3,0,3,2,1,3,1,3,1,0,3,1,0,2,1,1,0,0,2,2,3,0,1,0,2,1,2,1,0,5,0,0,3,0,1,1,3,1,2,3,0,5,1,1,5,1,6,4,1,5,3,0,0,1,2,0,1,1,3,3,2
T2D_donor_05_cell_115,demo,T2D_donor_05,T2D,beta,4,9,8,4,7,3,7,6,9,6,7,10,6,7,7,10,9,5,11,2,6,3,5,2,3,3,4,2,2,0,1,1,4,0,0,2,1,1,4,1,0,2,6,0,0,1,0,1,1,3,2,1,0,0,4,0,0,0,1,0,2,2,4,3,1,4,1,1,4,1,2,2,1,0,0,2,0,0,2,1,2,4,1,5,0,2,1,2,1,5,2,0,0,2,2,0,0,1,0,3,0,2,2,4,3,0
T2D_donor_05_cell_116,demo,T2D_donor_05,T2D,beta,13,20,12,12,8,12,13,11,9,7,8,6,6,10,3,4,6,4,6,6,3,7,3,4,10,4,1,1,0,1,0,1,2,0,2,1,1,5,3,2,2,2,1,0,2,3,3,1,0,1,0,1,2,8,1,5,1,2,2,1,1,3,2,2,3,0,1,1,2,2,1,1,3,3,1,0,2,1,0,0,3,1,0,1,1,1,2,1,4,1,3,1,1,2,3,1,6,1,0,1,1,3,3,0,1,0
T2D_donor_05_cell_117,demo,T2D_donor_05,T2D,beta,9,11,18,9,6,9,3,8,8,9,11,6,8,8,13,3,10,12,9,4,1,6,7,5,1,5,3,1,0,5,1,1,2,3,0,3,1,1,0,0,0,1,3,1,2,3,4,1,3,3,0,2,1,1,3,6,2,1,1,2,3,7,2,0,0,4,2,2,2,2,3,2,1,7,1,3,5,1,2,0,4,2,0,2,0,6,0,1,1,5,4,2,0,3,0,1,2,0,0,2,0,3,2,3,0,0
T2D_donor_05_cell_118,demo,T2D_donor_05,T2D,beta,8,5,10,5,5,5,9,9,9,9,9,6,7,8,6,6,12,14,6,11,6,8,0,4,3,3,1,0,1,1,2,1,1,1,3,3,1,0,0,1,4,0,3,3,3,2,1,4,2,2,1,3,3,0,1,0,2,3,0,0,1,0,0,2,2,6,3,2,2,3,2,1,3,0,0,1,3,1,6,3,2,2,1,2,3,2,2,0,4,2,3,3,3,3,0,4,0,2,1,1,1,2,2,0,0,3
T2D_donor_05_cell_119,demo,T2D_donor_05,T2D,beta,8,11,7,7,14,15,11,6,10,17,4,4,5,3,6,7,5,5,7,3,7,4,1,6,7,7,2,3,1,2,6,1,0,1,4,0,4,7,1,3,0,4,2,2,1,2,1,2,2,0,1,5,2,3,1,1,1,0,1,3,2,2,0,1,1,0,0,0,1,1,0,1,5,1,1,1,1,3,0,1,1,2,2,0,4,1,1,0,3,1,1,5,1,1,5,0,3,1,1,5,0,0,1,1,3,4
T2D_donor_06_cell_000,demo,T2D_donor_06,T2D,beta,4,2,4,3,6,3,2,2,4,3,26,14,30,20,25,17,17,20,25,23,5,2,0,4,1,6,1,0,1,5,1,2,3,5,0,1,1,1,1,2,2,0,2,2,1,1,1,1,1,1,0,1,1,2,3,3,2,0,0,1,3,2,1,1,1,1,1,1,1,2,0,0,1,0,2,3,3,1,1,0,2,2,2,1,0,0,1,2,1,1,2,1,3,2,0,1,2,1,4,0,2,0,1,2,0,2
T2D_donor_06_cell_001,demo,T2D_donor_06,T2D,beta,12,9,8,16,7,10,4,8,10,7,6,6,9,5,8,5,5,7,5,6,3,5,5,5,2,2,0,4,3,3,2,1,0,3,0,0,2,0,0,0,0,2,0,2,3,2,0,4,1,1,4,1,0,2,3,2,2,1,3,3,0,0,0,0,0,0,1,1,2,1,0,0,0,1,2,0,0,2,0,5,1,2,0,3,1,1,1,2,2,1,2,2,2,2,3,0,1,3,2,2,0,2,1,0,1,0
T2D_donor_06_cell_002,demo,T2D_donor_06,T2D,beta,54,36,36,44,30,42,53,49,48,40,1,1,1,1,2,1,1,0,4,1,8,9,11,5,4,8,6,3,3,1,1,1,2,1,1,0,2,3,2,3,1,5,0,4,2,0,0,2,1,2,8,3,4,1,2,1,4,2,5,0,1,0,2,1,1,1,3,1,7,3,3,3,2,2,4,0,1,0,2,0,0,1,0,2,0,2,3,1,4,3,0,5,5,1,0,2,1,0,2,0,3,0,1,1,1,0
T2D_donor_06_cell_003,demo,T2D_donor_06,T2D,beta,10,10,13,15,7,8,15,9,13,17,5,2,5,9,5,4,4,9,5,8,1,2,4,2,5,5,1,2,2,0,2,0,0,2,2,0,3,0,2,0,1,0,0,1,0,5,2,1,0,2,1,1,4,4,1,0,0,2,0,1,3,2,0,2,0,1,1,3,6,2,0,3,3,0,3,0,0,4,1,1,0,2,3,1,0,1,2,1,2,2,5,2,1,2,3,0,1,1,1,0,2,3,1,3,4,3
T2D_donor_06_cell_004,demo,T2D_donor_06,T2D,beta,27,33,25,35,26,30,35,26,24,23,2,2,3,0,2,1,2,0,2,2,7,6,8,5,4,6,3,1,0,1,2,0,2,3,5,0,0,0,4,0,0,3,0,2,0,1,1,5,0,1,1,2,2,3,0,2,0,0,2,1,3,4,4,1,2,0,1,0,1,3,1,1,5,7,0,2,3,3,4,2,2,1,3,0,2,2,3,3,2,1,1,1,0,0,1,0,4,0,2,1,3,3,0,5,1,1
T2D_donor_06_cell_005,demo,T2D_donor_06,T2D,beta,11,17,9,10,13,15,8,16,16,17,5,9,1,9,11,8,3,9,4,5,9,6,3,5,6,2,2,2,1,2,2,0,3,1,2,6,1,0,1,0,4,1,3,3,2,3,2,4,0,0,0,1,0,5,0,2,0,2,1,1,3,0,3,0,1,6,2,3,3,2,3,6,3,3,3,0,2,1,0,0,1,1,2,2,2,4,1,0,1,1,0,2,1,0,1,3,2,0,1,0,1,1,1,0,2,5
T2D_donor_06_cell_006,demo,T2D_donor_06,T2D,beta,12,11,6,3,10,6,9,8,12,9,11,10,8,4,6,2,6,8,6,8,4,3,3,3,6,4,0,0,1,4,4,0,3,2,1,2,4,1,1,2,4,3,4,2,1,5,1,0,2,1,0,4,0,0,0,0,3,2,3,2,2,3,2,1,0,4,2,2,1,2,1,1,2,4,2,0,2,5,0,2,1,1,2,1,0,1,0,0,1,1,1,2,1,0,5,3,0,0,1,1,1,0,5,1,2,2
T2D_donor_06_cell_007,demo,T2D_donor_06,T2D,beta,7,7,2,8,7,9,6,7,6,4,4,6,4,6,11,3,5,7,3,5,7,6,4,7,3,6,0,4,0,2,1,0,0,2,0,0,0,3,1,1,1,0,0,4,1,0,1,0,2,1,2,3,1,3,1,2,3,5,2,1,0,1,3,0,1,3,3,2,5,2,5,0,3,0,4,1,1,1,1,2,0,4,1,6,0,1,1,1,1,1,0,3,4,0,3,5,0,1,2,1,0,0,0,0,1,0
T2D_donor_06_cell_008,demo,T2D_donor_06,T2D,beta,29,22,18,17,20,29,17,18,22,16,1,2,4,1,3,6,2,0,3,2,4,5,3,6,5,6,0,0,1,0,2,4,6,2,1,1,2,1,1,3,0,0,1,3,1,5,1,2,2,2,2,2,0,0,0,2,3,0,1,0,3,4,1,3,0,0,1,4,1,3,0,4,4,2,1,3,0,0,0,2,6,1,0,3,1,2,3,5,0,3,0,3,2,5,6,2,1,0,1,1,2,1,0,0,2,1
T2D_donor_06_cell_009,demo,T2D_donor_06,T2D,beta,17,14,19,17,19,15,15,17,20,21,4,6,1,5,4,6,6,6,4,3,5,8,7,4,7,4,0,1,2,0,1,3,2,2,3,1,0,5,3,0,4,0,3,3,2,0,2,0,1,1,3,4,3,3,2,0,4,0,1,0,2,1,1,2,3,0,1,4,4,1,1,1,0,3,2,2,2,0,0,7,1,3,4,0,2,2,1,3,2,1,4,5,0,0,7,0,4,2,0,0,0,2,1,3,0,3
T2D_donor_06_cell_010,demo,T2D_donor_06,T2D,beta,16,13,13,11,10,17,22,15,14,13,2,6,3,3,1,3,3,8,11,5,4,2,5,1,8,5,1,0,0,2,2,1,1,2,0,1,1,0,1,3,3,2,0,4,4,3,0,2,0,1,5,2,1,3,1,2,1,1,2,3,2,2,2,3,0,1,4,1,1,0,5,0,3,0,2,1,5,1,0,0,2,1,1,0,4,1,0,1,1,0,0,2,2,0,0,0,3,0,3,0,1,1,3,4,1,3
T2D_donor_06_cell_011,demo,T2D_donor_06,T2D,beta,41,36,60,33,47,45,45,36,41,54,0,0,0,2,0,2,2,1,2,2,9,7,6,4,10,4,2,2,2,0,1,2,2,2,1,1,1,1,1,1,3,1,2,4,1,2,1,2,3,0,0,2,2,1,1,3,0,2,2,3,0,1,3,0,1,1,0,3,1,2,2,1,3,1,0,5,2,0,3,2,0,2,4,2,3,4,3,1,0,5,2,1,1,1,0,2,1,1,1,2,1,2,0,0,3,3
T2D_donor_06_cell_012,demo,T2D_donor_06,T2D,beta,32,30,33,19,17,15,27,22,25,13,1,3,3,2,2,3,3,1,1,0,6,4,8,6,10,6,3,2,5,0,0,0,1,0,0,4,1,0,3,0,1,0,0,0,1,2,6,2,0,2,2,0,0,1,4,2,3,0,0,4,2,1,4,3,0,1,2,3,1,8,2,1,1,0,2,2,2,3,2,4,0,2,2,2,2,1,3,3,1,1,3,0,1,1,3,3,4,0,0,1,2,1,0,1,6,1
T2D_donor_06_cell_013,demo,T2D_donor_06,T2D,beta,32,31,24,27,35,18,26,26,19,30,0,1,3,0,0,1,3,0,2,1,9,7,10,11,11,10,0,5,3,0,2,1,1,1,4,1,0,3,4,0,0,0,4,0,3,1,1,2,4,3,2,0,3,1,0,2,5,4,2,1,0,0,0,0,3,0,3,0,0,4,2,0,2,2,3,0,2,2,1,1,0,5,0,1,1,2,3,4,3,6,1,0,1,2,4,4,3,4,2,3,1,3,0,3,3,0
T2D_donor_06_cell_014,demo,T2D_donor_06,T2D,beta,22,24,30,24,14,26,18,23,30,17,2,4,2,1,2,5,3,3,1,2,6,4,8,6,8,9,3,1,0,0,0,4,1,2,2,0,2,4,0,0,4,2,2,4,4,3,2,5,2,0,2,4,1,3,0,0,2,4,2,4,0,2,1,3,5,0,4,4,1,3,0,3,1,3,0,2,1,1,5,1,1,1,0,4,1,1,1,4,1,1,3,0,1,1,2,3,2,2,1,0,1,3,2,0,1,1
T2D_donor_06_cell_015,demo,T2D_donor_06,T2D,beta,19,8,18,20,20,18,15,17,23,12,5,4,4,1,3,4,4,3,4,3,8,8,7,3,5,6,1,2,1,1,2,2,3,2,1,0,3,1,6,0,4,0,4,0,1,3,1,4,3,0,0,4,6,1,5,4,0,3,4,2,4,0,1,3,2,0,1,0,2,2,0,2,0,0,0,1,2,1,1,2,3,2,0,1,0,3,1,1,3,2,1,2,0,1,1,3,1,3,3,0,5,2,1,6,1,0
T2D_donor_06_cell_016,demo,T2D_donor_06,T2D,beta,21,20,17,16,17,28,22,21,16,18,3,4,4,2,3,5,3,1,5,5,6,6,5,9,8,2,5,1,0,2,3,3,0,4,0,2,1,3,0,2,3,3,1,5,2,3,0,1,3,0,0,4,3,5,0,1,2,3,1,1,0,4,2,0,1,4,0,2,2,3,0,4,1,2,1,2,2,4,0,0,3,3,2,0,1,2,0,0,0,1,1,2,0,3,2,3,3,0,0,3,1,1,0,3,1,4
T2D_donor_06_cell_017,demo,T2D_donor_06,T2D,beta,78,92,69,68,81,78,64,75,67,84,1,1,0,0,1,0,0,0,1,0,9,10,6,12,8,11,1,2,0,3,1,3,1,4,1,4,0,0,1,1,2,0,6,3,1,5,3,1,4,1,1,1,2,2,0,4,0,6,1,2,0,5,4,3,1,0,2,2,3,0,3,0,2,1,3,2,1,3,1,1,4,1,3,0,2,5,0,2,3,0,1,1,4,0,3,0,3,3,1,5,2,1,1,2,0,2
T2D_donor_06_cell_018,demo,T2D_donor_06,T2D,beta,12,20,9,13,17,18,16,18,12,14,3,3,4,2,4,3,2,4,2,2,8,3,4,2,2,7,3,2,0,5,3,3,0,4,4,0,4,2,0,1,3,0,1,3,0,2,1,2,1,1,2,3,1,2,0,3,5,0,3,1,3,0,3,3,2,2,2,0,4,1,1,1,3,3,1,0,3,0,3,3,3,0,1,0,2,3,3,3,1,3,0,2,0,3,0,0,1,1,0,0,2,0,3,2,4,2
T2D_donor_06_cell_019,demo,T2D_donor_06,T2D,beta,5,1,6,3,8,3,4,4,3,3,15,19,10,12,16,14,18,14,11,13,5,0,2,7,3,5,1,0,1,4,3,0,0,0,1,0,3,0,1,1,3,3,1,1,5,4,0,0,2,4,2,0,0,1,4,2,2,0,2,4,0,0,2,3,2,1,0,1,1,0,1,1,5,3,1,0,2,5,1,3,1,1,2,0,1,4,1,0,0,5,0,0,2,1,0,1,4,1,0,2,4,4,0,1,3,0
T2D_donor_06_cell_020,demo,T2D_donor_06,T2D,beta,14,8,9,5,12,8,4,6,10,6,9,6,3,6,7,8,7,5,11,6,4,4,5,5,5,6,3,1,8,0,0,2,0,1,2,1,2,0,4,2,0,2,6,1,3,1,0,4,3,4,1,0,1,0,3,3,0,0,7,4,0,7,1,4,1,0,0,2,1,1,0,0,0,0,0,3,4,2,4,1,2,0,2,1,0,0,4,4,1,2,4,2,1,1,1,2,2,1,5,1,0,1,3,1,2,1
T2D_donor_06_cell_021,demo,T2D_donor_06,T2D,beta,20,25,19,17,14,15,12,32,17,13,4,0,2,2,2,3,7,2,1,5,9,14,9,4,7,3,0,2,1,0,4,1,0,1,2,2,1,1,0,3,2,0,1,0,1,1,0,1,0,1,4,1,0,1,2,1,0,1,2,1,1,1,5,0,3,3,0,2,1,0,1,2,2,3,1,1,0,2,0,5,3,3,0,3,1,2,2,2,2,0,0,1,3,2,0,2,2,0,0,0,0,0,0,1,0,0
T2D_donor_06_cell_022,demo,T2D_donor_06,T2D,beta,16,15,11,10,5,7,11,18,22,18,3,4,2,2,1,3,4,3,3,2,4,3,8,7,4,7,2,2,4,3,1,1,0,3,3,2,1,1,1,0,3,0,1,0,2,1,2,1,0,1,2,0,4,2,0,2,2,4,1,5,2,2,0,2,1,0,1,3,1,2,2,0,3,1,3,4,0,1,6,0,3,1,2,3,4,5,3,6,1,0,3,6,1,0,0,4,5,4,4,0,3,2,3,0,0,3
T2D_donor_06_cell_023,demo,T2D_donor_06,T2D,beta,19,22,19,25,22,23,18,22,31,25,4,1,1,4,2,5,2,2,2,5,2,3,7,9,7,5,0,0,0,0,4,1,0,3,1,1,1,1,1,0,2,2,1,3,3,0,1,2,2,4,0,0,0,4,2,1,1,4,2,3,1,3,0,0,1,1,2,0,1,1,3,0,3,1,4,1,5,3,2,1,6,0,0,3,1,0,7,4,0,4,1,4,3,1,1,1,1,2,1,5,1,1,0,2,4,2
T2D_donor_06_cell_024,demo,T2D_donor_06,T2D,beta,14,13,11,10,11,9,14,15,11,11,5,8,5,3,8,5,3,5,2,5,3,11,6,4,3,6,2,0,2,1,3,2,0,1,1,1,2,0,0,3,2,2,5,1,5,0,7,2,1,3,2,0,0,4,0,2,3,1,1,1,2,0,1,1,1,2,5,2,1,3,3,1,2,0,2,4,2,0,3,1,2,0,3,1,1,3,3,3,3,5,3,0,1,0,1,3,1,2,1,0,0,3,1,1,1,3
T2D_donor_06_cell_025,demo,T2D_donor_06,T2D,beta,23,34,33,28,31,27,25,28,32,29,1,0,2,3,1,2,5,3,1,4,2,5,3,6,7,5,1,1,2,0,4,0,2,2,4,3,1,2,0,1,5,0,2,4,0,1,2,1,1,5,2,4,0,2,0,1,6,1,0,5,1,1,3,0,2,3,1,1,0,3,4,1,1,2,1,6,1,0,3,0,5,5,1,3,0,0,1,8,6,0,1,2,1,2,2,2,3,0,0,2,1,1,2,2,0,1
T2D_donor_06_cell_026,demo,T2D_donor_06,T2D,beta,25,31,25,33,37,31,25,33,29,33,1,1,4,0,0,0,1,4,1,4,5,9,4,7,4,8,3,0,0,2,4,1,3,0,1,2,3,2,2,0,4,2,1,0,1,0,3,0,2,6,2,0,2,1,1,2,3,1,1,1,1,1,0,3,4,1,1,3,3,3,3,4,2,3,1,1,4,4,1,4,2,0,2,3,3,2,1,2,2,4,1,1,5,1,0,3,2,4,0,3,5,2,0,4,1,2
T2D_donor_06_cell_027,demo,T2D_donor_06,T2D,beta,11,14,16,9,10,9,19,12,11,18,7,10,3,5,5,4,3,4,4,3,2,1,5,8,4,7,1,0,4,0,3,3,3,0,3,0,0,3,2,1,1,3,0,1,1,0,0,0,2,4,0,1,2,0,4,2,3,7,2,0,2,1,1,1,3,0,0,0,3,4,1,4,1,1,3,2,3,1,2,1,1,0,0,4,2,4,6,0,2,3,1,3,2,1,2,2,0,1,0,2,4,2,4,0,2,4
T2D_donor_06_cell_028,demo,T2D_donor_06,T2D,beta,8,11,11,10,15,5,14,6,11,13,9,6,7,9,6,4,5,7,5,8,1,7,8,5,2,3,0,2,2,1,0,2,2,1,3,3,4,1,3,2,2,1,2,0,3,5,0,3,1,0,4,3,1,0,2,0,3,1,3,1,2,0,1,1,2,1,0,1,2,2,2,2,2,2,1,2,2,2,1,2,0,3,4,2,0,2,0,0,0,2,1,2,1,0,0,1,4,3,1,0,5,1,1,4,0,1
T2D_donor_06_cell_029,demo,T2D_donor_06,T2D,beta,14,20,15,14,21,21,12,16,11,11,4,4,1,5,3,1,4,4,4,3,3,8,4,7,3,3,5,1,0,1,2,0,1,1,3,0,4,2,3,1,2,3,1,3,1,4,5,1,1,2,0,1,2,4,0,1,2,3,1,2,1,1,2,2,1,0,3,1,1,0,0,1,1,2,2,1,3,0,0,2,1,2,1,2,4,2,2,4,0,0,1,2,0,5,1,0,2,1,2,2,0,1,2,1,1,4
T2D_donor_06_cell_030,demo,T2D_donor_06,T2D,beta,6,9,8,5,9,8,7,6,7,6,8,10,11,8,11,4,9,11,10,5,1,7,4,4,8,5,3,2,2,2,5,4,4,0,7,0,7,1,2,1,5,1,1,2,1,1,0,2,1,4,2,0,2,1,2,4,0,4,2,1,0,3,4,1,3,3,3,2,4,5,1,3,2,1,3,2,1,1,1,2,2,3,4,1,0,0,0,2,0,6,2,2,1,0,3,5,3,1,3,4,6,0,5,1,3,0
T2D_donor_06_cell_031,demo,T2D_donor_06,T2D,beta,14,11,11,15,12,10,11,13,12,21,6,1,2,2,3,5,3,0,2,1,7,5,1,4,3,6,0,3,0,0,4,3,0,1,5,1,2,2,1,0,4,3,1,0,1,2,3,1,0,1,1,0,0,0,1,5,0,1,1,2,4,3,3,0,2,3,3,3,1,3,0,2,1,1,2,2,0,1,2,0,3,1,2,1,3,3,5,2,1,1,0,1,1,3,3,5,3,2,1,5,1,1,0,1,1,0
T2D_donor_06_cell_032,demo,T2D_donor_06,T2D,beta,21,18,16,32,20,24,21,22,25,17,1,1,0,2,3,1,1,2,1,2,3,4,5,7,5,9,3,4,2,0,2,1,3,1,2,2,2,1,1,1,4,0,2,1,0,0,1,3,1,1,3,1,1,4,1,2,4,2,0,1,3,2,2,1,2,0,5,0,5,1,1,1,5,1,1,6,3,1,1,2,2,2,3,7,2,3,0,2,1,1,2,2,0,0,4,0,1,0,3,0,3,1,1,5,1,3
T2D_donor_06_cell_033,demo,T2D_donor_06,T2D,beta,29,22,24,19,30,31,30,29,31,27,1,2,4,3,1,0,1,3,1,2,7,9,7,9,6,9,4,3,2,0,1,1,2,2,1,0,1,3,3,0,6,2,5,3,4,3,1,3,0,3,3,5,2,1,3,0,4,0,0,0,4,1,1,3,4,3,2,0,1,1,1,1,4,2,0,0,2,2,2,3,1,1,3,1,1,3,6,0,1,1,2,3,1,1,0,2,2,1,2,1,1,2,5,0,4,0
T2D_donor_06_cell_034,demo,T2D_donor_06,T2D,beta,7,13,7,5,8,9,12,12,5,13,5,4,7,10,11,7,4,6,5,9,5,3,2,3,3,5,4,1,1,1,1,0,3,3,4,0,2,3,1,2,1,3,3,2,2,2,2,0,2,2,1,3,3,0,2,0,3,4,1,4,2,1,4,2,1,1,2,1,0,1,1,0,1,4,1,0,5,1,1,1,0,1,2,1,3,2,1,1,0,1,6,3,3,5,1,4,2,0,0,0,2,0,0,2,2,4
T2D_donor_06_cell_035,demo,T2D_donor_06,T2D,beta,13,16,11,10,7,9,10,16,14,9,7,4,7,3,7,5,6,5,5,2,3,5,3,8,5,5,3,0,1,1,1,1,0,0,2,0,2,2,2,3,0,0,2,1,4,4,0,2,6,1,0,6,1,2,3,2,1,3,2,3,1,0,1,3,2,2,2,3,4,2,0,3,2,0,1,3,0,3,2,2,2,0,3,4,2,0,3,1,1,4,2,3,0,0,0,4,1,6,0,0,2,5,0,0,0,1
T2D_donor_06_cell_036,demo,T2D_donor_06,T2D,beta,29,27,28,46,24,24,27,13,21,25,0,0,4,1,2,3,2,1,2,1,7,9,3,2,5,11,0,3,3,4,1,2,0,0,0,1,2,4,4,2,0,0,3,2,3,0,1,3,4,2,2,0,6,6,2,2,3,3,0,2,3,0,1,0,4,2,1,2,6,5,1,0,2,2,3,1,1,0,3,1,2,1,4,0,1,1,0,1,2,0,2,2,0,1,1,0,0,0,0,1,1,4,5,1,1,1
T2D_donor_06_cell_037,demo,T2D_donor_06,T2D,beta,10,9,8,13,19,15,7,18,15,12,4,4,5,3,6,5,2,3,1,5,7,7,5,6,8,1,0,1,5,1,3,4,2,2,2,3,4,3,1,1,2,3,3,3,3,2,1,2,1,1,2,3,3,2,0,1,0,0,2,3,2,3,4,4,2,2,2,2,5,3,1,2,3,2,0,1,2,1,3,1,0,0,1,0,2,1,1,2,2,0,2,3,1,3,2,2,2,4,0,2,2,2,5,2,2,3
T2D_donor_06_cell_038,demo,T2D_donor_06,T2D,beta,24,26,26,25,24,29,21,32,30,31,1,3,2,2,0,1,4,2,2,2,6,11,12,3,7,6,1,2,1,1,2,8,0,0,0,0,4,1,1,0,4,2,3,0,0,1,3,3,1,2,1,0,0,1,2,0,0,1,1,1,4,1,0,3,6,2,3,3,1,1,3,1,2,2,1,0,2,1,1,3,3,0,1,1,1,1,3,1,0,0,1,2,1,3,2,4,1,3,3,2,3,5,3,3,2,0
T2D_donor_06_cell_039,demo,T2D_donor_06,T2D,beta,24,11,14,18,16,18,20,14,13,12,1,4,4,2,2,2,0,3,6,4,8,5,7,6,5,4,6,3,1,2,2,2,2,1,1,0,1,0,3,2,0,2,3,0,2,0,2,1,3,4,2,0,2,2,3,1,1,3,2,1,3,0,2,1,0,2,0,0,0,2,1,1,0,2,4,0,3,4,2,2,0,4,1,2,4,0,5,1,3,3,3,0,0,1,7,2,3,1,0,0,2,3,0,0,2,2
T2D_donor_06_cell_040,demo,T2D_donor_06,T2D,beta,13,14,19,14,21,24,27,14,20,18,5,4,3,2,4,2,2,2,2,2,1,6,4,11,4,6,0,1,5,0,4,1,1,2,6,4,0,0,1,3,1,0,2,1,2,3,1,0,4,1,0,2,2,2,1,2,3,2,2,2,3,5,1,1,1,0,3,2,1,1,0,2,2,2,2,0,1,3,0,1,3,0,2,2,3,3,0,5,1,0,1,3,0,1,2,4,3,2,1,2,2,1,2,1,0,2
T2D_donor_06_cell_041,demo,T2D_donor_06,T2D,beta,4,8,3,10,7,5,12,5,10,8,7,7,3,3,7,7,6,7,6,7,6,6,3,2,6,3,1,2,0,1,2,1,3,0,1,2,3,3,4,0,0,3,4,2,0,2,3,0,1,3,1,5,0,1,0,1,2,3,2,1,2,3,4,0,0,1,0,1,5,4,5,2,1,6,1,0,1,0,1,0,0,1,2,1,1,0,1,2,0,0,0,3,3,4,0,3,0,0,1,0,2,0,0,0,2,2
T2D_donor_06_cell_042,demo,T2D_donor_06,T2D,beta,15,19,19,8,7,22,9,7,16,17,8,8,6,4,2,5,3,2,6,4,7,6,6,8,9,7,3,0,0,1,5,2,3,1,2,0,3,1,0,1,5,1,2,0,4,2,1,0,4,2,2,2,2,1,1,0,0,2,2,3,4,5,0,5,3,3,1,0,0,1,0,2,0,4,0,1,2,5,0,1,1,2,0,3,3,0,3,0,6,0,4,0,3,4,3,1,0,0,2,1,2,1,2,0,6,0
T2D_donor_06_cell_043,demo,T2D_donor_06,T2D,beta,16,22,12,15,13,14,11,10,17,15,3,2,5,5,5,2,3,1,3,1,2,3,8,11,6,7,1,2,0,1,0,2,0,2,4,0,2,3,1,5,1,4,2,0,1,2,2,0,2,0,2,0,2,0,2,3,5,3,4,1,2,2,1,3,1,0,1,0,4,2,3,2,1,0,2,2,0,1,2,1,4,3,0,2,0,2,0,1,2,1,1,3,6,1,1,2,4,0,2,3,0,2,1,1,6,0
T2D_donor_06_cell_044,demo,T2D_donor_06,T2D,beta,15,11,14,15,13,12,15,15,22,14,2,0,2,5,2,5,3,3,3,2,5,8,4,4,6,7,1,1,1,1,2,2,1,0,1,1,0,1,2,4,2,4,1,4,0,0,1,1,0,3,0,1,3,1,2,2,3,2,3,2,2,2,2,2,1,4,2,3,3,0,4,1,2,1,1,1,3,2,2,3,2,2,1,1,0,0,1,0,0,1,0,0,1,1,1,3,6,2,2,3,1,6,1,2,3,3
T2D_donor_06_cell_045,demo,T2D_donor_06,T2D,beta,15,8,20,17,10,11,11,14,13,22,13,6,3,5,5,9,8,4,7,5,2,2,5,6,9,2,1,2,1,2,1,1,1,4,2,0,2,0,2,2,1,2,4,2,1,1,0,0,1,1,3,3,2,4,2,0,0,0,2,3,1,4,3,3,0,2,3,3,0,0,2,2,2,0,1,0,2,2,3,2,4,2,3,0,1,1,0,3,0,1,1,1,5,1,2,3,3,0,3,4,2,2,4,1,3,1
T2D_donor_06_cell_046,demo,T2D_donor_06,T2D,beta,8,8,10,6,8,9,5,6,13,6,5,10,5,6,5,7,10,5,2,7,1,5,0,8,4,6,0,0,4,0,4,1,2,1,1,2,0,2,1,0,2,1,0,0,1,3,0,0,1,2,0,3,0,3,2,2,0,2,1,0,3,8,2,2,4,2,0,6,0,2,3,3,1,1,0,3,4,1,1,1,3,1,3,0,0,2,2,0,0,0,7,3,0,0,0,3,6,0,3,0,0,0,1,4,2,4
T2D_donor_06_cell_047,demo,T2D_donor_06,T2D,beta,14,15,13,10,8,11,13,10,13,16,5,6,5,3,7,11,4,3,3,3,3,4,8,4,4,6,1,4,1,3,2,3,2,2,0,3,2,2,0,0,1,1,1,0,3,0,1,1,1,1,4,0,3,3,1,2,2,0,1,1,1,4,1,2,1,5,2,3,2,0,0,1,2,2,0,1,0,3,2,3,2,0,0,4,1,0,1,2,0,4,2,0,2,1,3,0,4,2,0,3,2,2,3,1,2,3
T2D_donor_06_cell_048,demo,T2D_donor_06,T2D,beta,20,26,22,26,41,35,22,27,21,37,2,2,2,0,2,2,0,3,0,0,5,7,4,5,5,2,3,3,2,2,2,1,2,1,2,0,3,1,0,2,0,0,2,0,2,0,0,1,0,2,4,2,2,4,2,2,5,1,3,2,2,1,0,4,3,2,1,1,1,3,1,1,1,0,1,0,0,1,1,1,1,1,1,2,1,2,0,1,0,1,1,0,6,3,1,1,2,1,3,4,1,2,2,2,0,1
T2D_donor_06_cell_049,demo,T2D_donor_06,T2D,beta,13,10,4,14,9,18,7,8,12,15,6,2,3,3,2,2,6,6,5,10,4,5,6,7,7,5,3,1,5,1,1,2,0,3,3,2,0,1,0,0,0,0,3,1,2,3,0,1,1,0,1,2,1,1,2,0,1,2,1,5,4,3,1,0,1,1,0,4,0,1,1,1,0,0,0,4,2,4,0,1,0,3,5,3,0,2,2,2,1,0,2,0,1,2,0,3,0,1,3,0,1,0,0,0,1,7
T2D_donor_06_cell_050,demo,T2D_donor_06,T2D,beta,18,10,8,11,3,17,7,12,13,4,3,8,2,5,6,9,6,6,6,4,2,7,2,6,2,7,0,0,0,3,1,0,1,3,0,5,2,3,1,0,0,4,1,0,4,2,3,0,2,1,0,1,2,4,0,2,2,1,0,0,3,0,2,0,1,3,2,4,0,2,0,3,1,1,0,2,3,1,2,2,1,0,1,2,1,3,4,1,4,2,5,2,3,1,0,2,2,2,0,1,6,1,1,2,7,3
T2D_donor_06_cell_051,demo,T2D_donor_06,T2D,beta,13,16,14,18,6,12,15,12,16,10,6,6,3,5,4,3,3,8,11,4,3,8,5,5,7,2,1,0,1,3,0,2,0,2,0,1,0,1,1,0,2,1,4,2,2,0,2,5,2,4,1,1,1,1,1,2,1,1,1,2,0,1,0,2,1,2,3,2,1,5,2,0,1,1,2,1,1,0,3,1,1,2,2,3,1,1,2,0,0,0,1,1,2,4,0,5,2,2,3,2,1,4,0,0,2,1
T2D_donor_06_cell_052,demo,T2D_donor_06,T2D,beta,26,21,18,15,17,30,16,23,24,21,4,7,2,1,1,3,1,3,2,3,5,1,5,1,5,2,2,0,0,1,1,3,2,1,4,2,0,0,4,1,0,2,3,1,6,1,2,4,0,0,1,1,4,1,1,1,3,0,0,1,2,5,0,2,3,2,0,0,1,2,1,0,1,1,0,1,1,3,3,4,4,0,1,2,2,2,1,0,0,1,4,3,0,1,3,1,0,1,3,4,1,3,1,1,2,1
T2D_donor_06_cell_053,demo,T2D_donor_06,T2D,beta,11,7,11,10,5,15,13,13,11,8,4,7,3,7,5,4,2,2,7,4,2,6,0,1,8,3,2,3,3,0,1,1,1,1,2,0,0,3,1,2,0,1,0,4,0,1,2,1,0,3,0,0,0,3,4,2,2,3,3,0,1,0,1,3,3,0,1,0,2,3,1,3,5,0,2,1,2,1,1,6,1,1,1,1,1,4,8,2,2,0,3,2,2,3,5,2,1,3,3,1,1,0,5,3,0,2
T2D_donor_06_cell_054,demo,T2D_donor_06,T2D,beta,11,11,6,11,9,9,3,4,7,11,14,8,4,6,8,11,8,7,6,10,3,6,5,7,4,3,2,0,1,0,3,5,0,1,1,2,1,0,0,4,4,1,1,0,1,0,3,2,0,0,1,0,2,2,2,1,1,1,1,4,2,0,1,3,5,0,2,0,6,1,4,3,4,2,1,0,3,4,0,2,2,1,3,1,2,3,3,7,2,4,1,1,3,2,2,0,4,1,2,1,1,0,4,5,4,1
T2D_donor_06_cell_055,demo,T2D_donor_06,T2D,beta,24,29,19,23,22,22,27,21,23,37,0,2,1,2,2,4,2,0,2,1,8,8,3,6,3,5,1,0,1,2,0,0,2,1,1,2,1,4,2,5,3,0,2,3,3,4,4,4,0,3,5,4,1,2,2,2,1,3,5,5,2,1,0,2,3,2,1,1,2,3,1,0,2,0,0,0,2,2,0,2,6,1,2,0,1,2,0,3,1,4,8,0,3,0,1,0,3,4,4,0,4,1,0,2,1,0
T2D_donor_06_cell_056,demo,T2D_donor_06,T2D,beta,18,16,18,16,25,14,13,14,11,17,3,8,0,3,1,3,4,2,1,4,8,5,5,2,7,2,1,2,1,1,1,2,2,5,2,5,1,1,0,1,0,1,0,6,0,1,0,0,2,5,1,1,4,2,6,1,0,1,0,1,1,2,0,1,3,0,4,2,0,0,5,5,3,1,1,1,2,0,0,0,3,1,0,2,1,1,1,1,1,3,1,2,3,2,2,0,2,1,4,2,5,0,1,1,1,3
T2D_donor_06_cell_057,demo,T2D_donor_06,T2D,beta,7,8,7,6,9,8,9,5,9,7,5,11,12,8,8,14,9,5,14,10,2,3,2,5,4,5,5,4,3,3,0,3,1,0,0,3,0,3,0,0,1,2,2,3,1,3,1,2,4,0,1,0,4,1,1,1,1,1,4,1,1,1,0,2,1,2,3,1,2,3,3,3,0,2,0,0,1,0,1,1,0,2,0,2,2,1,2,4,2,1,1,1,2,2,2,1,1,0,0,3,1,1,0,2,1,3
T2D_donor_06_cell_058,demo,T2D_donor_06,T2D,beta,23,24,16,19,20,22,14,20,24,12,1,2,2,4,4,0,2,3,0,0,5,8,6,9,4,4,0,0,2,2,1,2,1,1,2,2,3,5,2,3,3,2,2,1,1,1,3,2,0,4,2,5,0,0,4,2,1,2,2,1,2,2,1,2,1,4,0,2,1,1,0,3,1,0,1,0,0,3,2,0,1,0,2,2,2,0,3,5,0,2,1,1,1,1,5,1,4,2,2,0,0,0,2,0,2,1
T2D_donor_06_cell_059,demo,T2D_donor_06,T2D,beta,8,16,12,19,16,11,21,18,15,16,3,6,0,8,6,2,4,6,4,4,5,5,2,3,4,3,2,1,1,0,0,0,3,0,1,3,4,0,0,2,1,3,0,0,4,0,0,1,1,1,4,1,2,2,3,3,6,3,1,0,1,1,2,1,1,4,0,0,2,2,1,2,2,0,0,3,1,1,1,2,0,1,1,2,2,1,3,2,2,1,5,2,0,3,2,1,4,2,2,5,4,5,1,0,4,2
T2D_donor_06_cell_060,demo,T2D_donor_06,T2D,beta,155,152,158,155,149,140,153,145,172,158,0,0,0,0,0,0,0,0,1,0,5,6,17,11,8,11,0,1,2,1,1,0,3,2,3,2,1,1,4,1,2,1,1,1,2,1,2,0,1,3,0,0,2,0,3,4,3,4,4,6,4,3,5,0,0,1,0,0,1,1,3,1,2,2,3,8,0,3,4,1,2,0,0,3,4,0,4,1,1,1,3,1,1,3,0,0,1,0,1,3,2,3,0,0,3,0
T2D_donor_06_cell_061,demo,T2D_donor_06,T2D,beta,24,17,13,19,22,26,17,24,25,16,2,1,1,3,3,3,0,1,3,2,2,5,10,5,7,9,2,3,0,1,1,2,1,2,0,0,0,1,4,1,2,0,3,2,1,2,2,2,0,1,0,1,3,4,2,2,2,6,0,1,1,2,0,0,0,4,2,2,1,3,3,0,0,2,1,4,0,3,2,1,1,2,2,1,2,2,0,1,0,2,0,0,2,2,0,1,2,1,0,1,1,3,1,2,0,2
T2D_donor_06_cell_062,demo,T2D_donor_06,T2D,beta,7,6,4,6,5,4,5,4,4,3,18,12,13,12,19,15,9,13,14,13,1,1,1,5,8,7,1,1,3,0,0,0,1,1,1,4,1,2,2,2,0,1,1,1,1,2,3,1,0,5,1,3,0,0,1,4,1,0,0,5,1,2,1,1,3,1,3,3,1,3,2,0,1,3,4,2,2,2,1,0,1,0,3,0,1,4,2,2,1,1,3,0,1,3,2,4,7,1,1,3,2,0,2,1,4,0
T2D_donor_06_cell_063,demo,T2D_donor_06,T2D,beta,51,37,44,55,43,38,46,41,58,52,0,0,0,0,0,2,0,2,0,0,7,7,4,9,8,4,0,4,2,3,4,1,2,0,3,1,1,1,3,0,2,1,1,3,0,2,1,2,5,3,4,4,5,0,2,0,0,1,2,1,1,1,3,2,0,1,1,2,1,5,0,3,7,1,1,0,0,0,0,1,1,5,3,1,2,0,0,4,3,1,1,1,4,0,1,2,4,0,0,1,0,1,1,3,1,0
T2D_donor_06_cell_064,demo,T2D_donor_06,T2D,beta,9,17,14,15,18,15,12,18,13,14,1,7,0,4,3,5,5,1,4,5,4,7,5,3,2,4,0,4,2,0,1,1,0,1,1,2,3,2,1,0,1,1,2,3,2,1,2,0,3,3,0,0,1,1,2,0,4,0,0,1,0,0,0,6,2,2,3,4,2,4,0,1,6,1,0,0,3,3,4,2,2,6,3,1,0,4,4,3,0,3,0,2,3,2,3,1,1,5,1,0,2,0,2,2,0,2
T2D_donor_06_cell_065,demo,T2D_donor_06,T2D,beta,16,13,20,9,16,12,8,13,12,22,0,1,7,4,6,4,6,3,2,1,5,6,5,4,3,5,4,3,1,2,1,1,0,2,2,2,5,1,1,2,2,0,3,3,1,0,3,3,2,3,0,2,6,1,2,0,1,3,0,0,0,3,3,3,5,1,2,0,2,0,0,2,0,1,7,6,0,0,0,2,0,3,2,1,2,3,4,2,1,1,2,5,3,6,6,1,4,1,9,1,2,1,4,0,3,0
T2D_donor_06_cell_066,demo,T2D_donor_06,T2D,beta,13,9,10,17,7,12,9,10,14,9,3,4,4,5,7,5,2,5,3,4,7,9,3,10,4,4,1,1,1,3,1,1,3,0,3,4,2,0,6,3,2,2,2,2,1,1,3,3,0,1,1,1,1,3,0,1,3,1,1,0,0,1,1,1,2,6,2,1,3,0,0,1,1,4,2,3,0,2,1,5,4,0,2,2,2,1,1,1,1,1,0,2,2,0,1,2,0,2,3,0,6,1,1,2,3,3
T2D_donor_06_cell_067,demo,T2D_donor_06,T2D,beta,11,12,16,7,9,10,8,10,14,11,3,6,7,2,8,2,4,5,7,2,8,7,6,3,5,4,3,1,0,0,1,0,1,0,3,0,3,1,3,2,0,0,1,6,3,4,0,3,0,2,1,2,1,2,0,0,2,0,0,1,1,1,3,1,2,2,1,3,3,4,1,2,1,1,2,5,1,3,0,1,0,2,2,2,0,1,2,2,3,3,1,1,2,1,2,3,4,2,3,1,2,7,1,5,0,4
T2D_donor_06_cell_068,demo,T2D_donor_06,T2D,beta,5,5,4,6,6,0,3,4,6,2,20,12,15,12,11,16,10,13,11,11,2,2,4,3,6,5,1,6,0,1,0,2,3,1,0,2,4,3,2,1,0,1,4,3,1,3,1,0,0,0,2,1,1,4,0,0,1,1,0,1,1,2,0,1,4,4,0,4,7,0,4,0,2,1,1,2,1,1,2,1,3,1,2,2,1,0,3,3,1,1,1,1,0,3,2,1,3,5,3,1,2,2,2,1,2,1
T2D_donor_06_cell_069,demo,T2D_donor_06,T2D,beta,28,27,24,24,31,37,28,23,24,24,2,0,5,0,1,1,0,1,0,1,8,9,9,9,7,9,1,2,1,5,0,2,3,1,2,2,0,2,3,1,1,4,1,2,3,5,6,4,7,0,2,4,0,1,1,2,2,2,1,0,1,1,1,0,0,1,2,0,2,4,0,2,0,3,1,2,1,3,1,1,2,2,2,3,1,3,3,2,0,1,1,1,2,0,1,5,2,2,0,1,1,0,3,2,3,2
T2D_donor_06_cell_070,demo,T2D_donor_06,T2D,beta,4,7,5,3,6,9,3,5,3,9,12,10,8,11,12,8,13,11,9,5,2,4,4,3,2,1,3,4,0,1,1,2,6,3,3,2,2,3,3,3,0,4,1,3,0,2,1,2,2,1,1,3,2,3,3,3,2,6,3,0,0,2,0,3,2,3,1,1,0,2,3,1,2,0,1,0,2,1,1,0,1,2,2,3,1,4,0,1,1,2,4,3,0,2,5,1,1,3,0,1,0,0,3,2,1,0
T2D_donor_06_cell_071,demo,T2D_donor_06,T2D,beta,11,12,12,10,13,16,8,12,14,10,11,10,12,16,12,5,11,4,13,5,4,5,3,4,5,7,1,2,3,2,6,2,1,1,2,2,1,4,3,0,1,3,3,0,1,0,3,1,1,1,1,1,1,1,1,2,3,0,2,0,1,4,2,4,2,1,1,3,2,5,1,2,1,0,6,0,2,4,1,1,0,1,2,1,3,5,3,4,2,1,1,1,2,1,5,1,0,0,3,0,1,0,3,2,1,1
T2D_donor_06_cell_072,demo,T2D_donor_06,T2D,beta,17,17,16,17,15,20,24,19,13,17,3,3,2,5,3,1,3,2,6,3,2,9,4,6,8,5,1,2,2,2,0,2,2,1,2,0,0,1,1,0,3,2,1,3,0,2,0,2,2,1,2,1,2,1,0,2,2,1,0,5,1,0,0,0,1,0,2,2,2,1,2,0,1,2,6,2,4,0,0,1,3,1,3,3,2,1,3,0,2,2,3,2,1,2,4,3,1,6,2,2,1,1,6,1,0,3
T2D_donor_06_cell_073,demo,T2D_donor_06,T2D,beta,9,16,15,16,14,12,22,14,9,10,3,6,4,5,0,4,1,1,1,2,3,6,5,6,5,2,3,0,4,2,2,2,1,2,1,1,1,0,0,3,0,0,1,3,1,0,1,0,3,4,4,1,0,2,2,2,4,0,0,0,3,0,2,1,1,4,5,1,1,1,1,1,0,0,1,2,1,3,0,2,0,0,4,1,1,0,2,0,2,3,4,2,1,2,0,3,4,0,1,0,1,4,1,5,2,1
T2D_donor_06_cell_074,demo,T2D_donor_06,T2D,beta,41,49,46,39,56,46,51,32,53,43,0,0,0,0,1,0,1,0,0,1,9,7,6,4,5,8,1,1,3,6,2,1,0,1,1,0,0,4,3,0,2,1,1,4,1,3,6,1,1,0,1,2,6,2,4,4,1,4,1,5,1,5,1,1,0,1,1,1,4,4,1,2,1,0,3,0,2,4,0,1,0,1,2,0,1,0,2,1,0,0,0,0,1,1,0,3,0,0,0,4,0,2,1,0,0,1
T2D_donor_06_cell_075,demo,T2D_donor_06,T2D,beta,19,11,17,20,19,14,16,12,14,12,5,1,1,1,1,2,3,1,1,3,1,2,4,3,5,9,5,0,5,8,0,2,2,2,1,0,2,1,2,2,2,2,2,0,2,2,2,1,6,1,7,4,1,1,6,0,0,3,2,4,1,0,1,2,1,0,1,1,1,1,1,4,2,1,2,1,1,2,1,2,0,3,0,2,0,0,1,1,1,2,0,0,0,1,7,0,2,0,0,0,0,1,2,0,1,2
T2D_donor_06_cell_076,demo,T2D_donor_06,T2D,beta,7,9,8,10,11,6,9,8,10,11,4,5,4,4,7,5,6,5,9,6,2,3,5,2,4,1,4,0,0,0,1,2,1,0,2,1,2,3,3,3,4,4,3,1,4,0,3,1,0,3,1,2,1,3,2,5,1,1,2,4,2,1,4,1,1,0,1,2,3,2,0,1,4,1,0,1,1,1,5,4,1,1,0,1,1,1,1,1,0,4,2,0,1,1,0,0,0,3,1,0,1,1,2,0,2,0
T2D_donor_06_cell_077,demo,T2D_donor_06,T2D,beta,6,6,3,7,5,1,3,3,4,5,17,19,16,14,13,16,10,20,15,9,2,3,3,8,4,4,3,3,1,1,2,1,2,1,0,2,0,5,1,3,1,0,1,1,2,3,2,0,3,2,3,4,6,0,5,3,1,2,1,1,4,2,2,2,2,3,0,3,2,3,0,1,1,1,1,2,2,1,2,1,2,2,1,4,5,3,1,2,3,3,2,3,1,1,3,0,2,3,3,1,0,0,1,0,0,1
T2D_donor_06_cell_078,demo,T2D_donor_06,T2D,beta,25,25,26,29,18,24,19,22,32,22,3,1,1,1,1,0,3,2,7,4,7,5,5,4,3,7,1,2,4,1,0,6,4,2,1,5,3,2,1,0,1,3,5,3,4,1,5,2,1,2,3,2,6,3,3,2,1,1,0,0,1,3,2,1,3,1,1,0,1,1,3,3,5,2,1,3,2,0,0,1,3,7,0,2,0,4,1,0,0,0,1,2,4,4,1,3,1,2,0,0,4,2,1,4,0,3
T2D_donor_06_cell_079,demo,T2D_donor_06,T2D,beta,7,8,7,6,12,6,7,11,4,10,4,7,2,3,5,8,6,4,1,3,9,4,5,6,1,1,3,2,2,1,1,1,0,1,1,1,0,0,2,2,3,0,4,2,1,4,1,0,0,2,0,2,2,0,2,3,1,0,1,2,4,1,5,2,5,2,1,2,1,2,3,4,2,1,2,2,2,3,1,1,3,0,0,2,4,2,2,3,3,2,2,3,6,1,2,3,3,0,1,2,3,1,0,5,0,6
T2D_donor_06_cell_080,demo,T2D_donor_06,T2D,beta,30,39,25,34,30,24,34,34,35,29,1,2,0,1,1,3,4,0,3,2,9,10,6,8,8,14,0,2,0,1,0,3,1,1,3,1,3,4,1,2,2,2,6,1,3,0,1,2,4,3,3,1,1,1,1,3,1,3,0,1,2,2,2,3,4,1,1,1,0,2,6,2,2,0,1,2,2,1,4,1,2,1,2,4,2,7,0,2,1,1,3,1,1,3,3,3,5,4,4,0,0,0,3,3,2,1
T2D_donor_06_cell_081,demo,T2D_donor_06,T2D,beta,6,3,3,9,4,6,7,3,9,6,12,2,4,9,9,17,10,14,10,14,3,5,3,1,6,3,0,3,3,1,2,0,3,2,1,1,0,1,2,4,3,1,3,3,0,5,3,0,1,3,0,1,2,3,8,2,1,3,1,3,1,1,1,0,0,5,0,0,1,1,0,4,1,4,1,0,5,3,1,4,4,2,1,3,0,0,1,4,1,1,1,0,1,1,2,5,0,0,2,2,2,2,1,3,4,5
T2D_donor_06_cell_082,demo,T2D_donor_06,T2D,beta,10,17,16,17,14,14,8,7,9,17,4,11,7,2,4,4,1,4,7,4,5,7,3,9,6,2,2,0,0,2,1,2,1,5,1,2,2,2,2,1,0,0,7,1,1,1,3,0,0,0,0,2,3,0,1,3,4,4,2,1,1,2,2,1,2,0,2,0,0,2,1,0,4,0,3,3,4,2,1,1,1,2,0,0,0,1,6,4,0,2,1,0,0,1,5,0,1,4,2,5,4,4,2,3,0,2
T2D_donor_06_cell_083,demo,T2D_donor_06,T2D,beta,15,18,19,26,22,21,18,19,26,28,0,1,2,1,3,1,2,2,1,1,4,7,6,6,4,9,3,0,1,1,3,1,0,2,2,1,1,3,5,1,0,1,1,0,3,2,0,2,4,1,3,2,4,1,1,0,1,0,3,5,3,0,0,2,2,0,1,0,1,0,5,1,2,4,3,1,1,0,1,2,1,1,2,2,0,0,0,1,0,2,0,3,4,1,0,0,1,0,0,1,1,3,0,2,1,0
T2D_donor_06_cell_084,demo,T2D_donor_06,T2D,beta,24,25,24,27,31,28,23,30,26,29,0,2,3,2,2,4,4,4,0,4,7,2,8,4,6,11,1,0,0,0,4,3,2,1,4,2,0,2,2,1,1,3,0,5,2,0,2,1,2,0,1,1,3,0,2,5,3,3,0,4,3,4,1,2,3,2,1,1,1,0,1,2,1,1,1,1,3,1,1,3,1,3,3,2,4,2,5,3,2,1,1,4,3,0,3,1,1,2,0,0,2,4,4,1,0,1
T2D_donor_06_cell_085,demo,T2D_donor_06,T2D,beta,25,17,23,12,20,16,16,20,24,13,2,6,6,2,1,2,1,7,2,3,3,7,8,7,4,14,1,1,2,3,0,1,0,1,0,1,2,0,6,3,1,2,1,1,0,1,4,0,2,1,3,1,3,1,2,3,0,1,4,1,1,1,2,0,4,5,0,0,4,1,2,0,0,0,4,1,6,2,1,3,2,1,1,3,0,0,0,2,0,5,0,3,1,1,1,4,2,5,1,1,1,1,0,5,4,2
T2D_donor_06_cell_086,demo,T2D_donor_06,T2D,beta,9,8,6,4,4,6,8,7,12,10,10,7,5,6,5,8,6,6,7,10,5,2,2,3,6,3,5,0,2,2,4,0,0,1,4,0,1,1,2,2,3,1,1,0,2,7,3,3,5,3,2,0,5,1,2,3,2,1,5,1,3,0,1,2,0,1,1,2,5,3,1,0,2,3,4,1,1,1,2,2,1,0,2,1,0,2,5,2,2,4,4,2,2,2,2,2,1,4,1,0,2,1,3,0,3,5
T2D_donor_06_cell_087,demo,T2D_donor_06,T2D,beta,15,24,30,20,34,28,34,40,29,36,2,2,3,2,2,2,2,2,2,2,4,9,11,4,9,10,5,1,1,7,3,0,0,2,1,2,4,4,2,2,1,1,0,4,0,1,2,1,1,1,6,0,2,0,1,0,1,0,3,5,1,3,0,2,3,1,1,2,3,0,1,0,3,0,2,1,1,4,4,1,0,2,0,0,2,5,4,0,2,0,2,1,3,1,2,1,0,1,0,3,0,0,0,3,1,7
T2D_donor_06_cell_088,demo,T2D_donor_06,T2D,beta,3,12,10,6,6,8,9,14,10,5,9,13,13,15,9,8,11,15,8,10,3,2,3,2,4,5,2,6,1,1,0,3,1,2,0,3,1,1,1,2,0,2,1,2,2,2,3,4,0,5,1,1,0,6,1,2,4,2,4,2,0,4,3,3,2,1,0,4,0,1,4,3,1,4,0,0,2,2,1,1,2,1,2,3,0,1,3,1,0,2,1,0,3,0,5,2,0,1,1,3,2,5,3,0,3,2
T2D_donor_06_cell_089,demo,T2D_donor_06,T2D,beta,4,3,2,3,4,4,6,2,3,2,13,13,10,12,12,12,19,10,12,7,1,4,5,5,6,5,2,1,0,4,4,1,3,2,3,2,0,0,5,2,3,5,4,2,3,2,0,0,0,4,1,3,0,3,4,0,0,1,1,8,1,2,1,0,3,3,2,2,3,1,1,2,4,0,1,2,2,1,3,8,2,0,0,3,0,3,3,0,1,0,2,5,2,1,1,2,1,1,3,4,1,1,3,0,1,2
T2D_donor_06_cell_090,demo,T2D_donor_06,T2D,beta,22,26,19,22,19,12,18,17,25,23,5,2,3,3,2,2,6,3,3,1,7,6,9,7,9,4,1,2,0,0,7,2,0,1,2,0,1,2,6,5,1,8,4,4,1,0,2,1,1,4,3,5,2,2,3,0,6,0,1,2,6,3,3,4,1,0,1,3,0,0,2,1,0,2,0,5,2,3,2,6,1,0,2,1,1,1,1,3,3,0,1,2,5,0,2,0,1,1,2,5,2,1,1,3,0,1
T2D_donor_06_cell_091,demo,T2D_donor_06,T2D,beta,29,26,30,33,35,18,32,40,28,29,1,0,2,4,0,1,0,2,0,2,8,4,5,8,5,5,3,0,1,3,2,3,2,2,0,0,1,0,2,0,2,0,3,1,1,4,2,5,2,3,4,0,1,3,3,1,4,0,0,2,2,0,4,1,0,3,3,2,2,1,0,1,1,1,0,2,2,2,2,4,2,1,1,1,2,5,1,1,0,1,0,2,0,1,2,4,2,2,0,2,0,4,2,0,1,1
T2D_donor_06_cell_092,demo,T2D_donor_06,T2D,beta,12,11,10,10,2,13,9,10,12,11,3,3,2,4,7,3,7,4,4,5,2,4,3,9,5,7,0,0,0,0,2,0,0,0,2,1,0,0,3,0,0,0,3,1,3,1,1,4,2,3,2,0,1,6,0,3,0,3,0,2,5,2,0,2,4,2,1,0,3,5,0,0,0,1,2,2,1,1,1,0,5,0,1,1,2,0,2,4,0,4,1,1,3,0,4,1,3,0,1,1,2,2,3,2,2,1
T2D_donor_06_cell_093,demo,T2D_donor_06,T2D,beta,6,7,8,12,10,12,6,13,5,4,8,7,11,12,6,11,6,11,6,7,2,7,4,2,4,0,5,0,3,1,2,1,3,3,0,4,3,0,7,1,3,3,1,0,6,5,5,2,1,0,4,2,0,3,2,3,2,0,1,4,3,1,2,0,3,3,1,0,1,1,1,4,5,3,3,1,1,1,0,0,2,2,2,7,2,0,2,7,0,2,1,2,0,2,3,4,4,2,2,1,2,0,3,0,3,0
T2D_donor_06_cell_094,demo,T2D_donor_06,T2D,beta,5,7,3,9,4,10,6,5,7,6,13,7,7,6,8,9,7,9,8,13,4,3,7,5,3,4,2,0,2,1,0,0,6,1,0,2,1,0,1,2,4,0,3,0,0,2,1,4,1,1,2,2,1,1,2,2,3,5,2,2,1,2,2,1,1,1,0,1,2,1,1,1,1,4,0,0,4,0,2,1,5,2,2,3,1,3,0,2,2,3,1,1,4,1,1,2,2,0,0,4,2,2,1,3,1,0
T2D_donor_06_cell_095,demo,T2D_donor_06,T2D,beta,6,12,11,6,8,11,8,11,7,8,3,2,4,8,6,11,10,7,6,7,5,1,5,3,5,8,3,3,4,0,1,1,3,1,1,0,1,5,2,2,5,1,3,2,0,1,3,0,1,5,1,2,2,3,2,0,1,3,0,2,1,1,0,1,3,1,0,0,2,3,0,0,2,0,1,2,0,2,0,0,0,1,3,4,3,1,4,1,4,3,2,4,0,0,3,2,0,5,1,0,6,1,5,0,1,3
T2D_donor_06_cell_096,demo,T2D_donor_06,T2D,beta,11,7,15,11,10,10,1,6,9,4,11,3,1,6,3,5,5,6,8,5,2,8,10,4,8,8,0,3,1,2,3,2,3,3,3,0,0,3,2,1,1,2,0,1,3,2,1,2,3,0,2,3,1,0,1,0,2,2,1,4,1,1,3,3,2,1,2,1,1,3,1,4,3,1,0,4,1,2,2,0,2,1,1,1,1,0,1,0,0,1,1,0,0,2,3,0,3,1,1,8,1,3,0,1,0,3
T2D_donor_06_cell_097,demo,T2D_donor_06,T2D,beta,7,10,8,9,5,3,6,4,5,4,9,10,11,12,7,7,12,11,9,7,3,4,6,3,4,3,2,0,0,1,3,0,3,2,0,1,1,2,6,2,0,4,2,1,1,1,0,1,1,2,3,1,0,2,0,0,1,2,0,3,1,0,3,0,2,0,1,0,4,0,5,2,0,0,0,4,2,0,3,2,3,3,2,0,0,4,0,1,0,0,1,0,1,3,5,1,2,1,5,1,3,0,1,1,1,1
T2D_donor_06_cell_098,demo,T2D_donor_06,T2D,beta,11,17,12,10,15,13,9,14,12,13,3,7,3,2,8,4,4,4,2,5,9,3,7,7,5,4,2,0,0,3,1,1,3,1,0,1,3,2,1,6,1,0,1,4,3,2,4,5,0,2,2,2,3,1,0,1,2,3,1,3,2,3,1,3,3,0,3,2,4,4,2,2,1,1,1,2,2,2,2,2,1,1,1,1,1,0,4,0,1,1,0,1,2,1,2,4,3,1,3,3,3,0,1,3,0,0
T2D_donor_06_cell_099,demo,T2D_donor_06,T2D,beta,10,7,12,12,13,10,10,6,12,8,5,7,11,5,7,6,7,8,6,11,3,5,5,3,4,1,2,1,0,1,2,2,2,1,1,0,0,2,2,0,1,1,0,2,1,3,2,4,3,0,1,2,2,1,0,4,1,3,0,2,1,1,1,1,1,2,0,3,2,1,4,2,3,0,2,1,1,3,4,3,4,1,3,1,3,0,4,2,2,2,3,0,2,4,2,3,1,5,1,0,0,1,0,0,2,2
T2D_donor_06_cell_100,demo,T2D_donor_06,T2D,beta,13,23,20,17,15,26,21,22,21,19,4,1,2,2,0,2,1,2,3,1,6,5,5,5,4,11,2,1,2,0,0,1,2,2,2,0,2,1,1,3,2,1,2,0,1,4,3,2,3,1,2,2,2,3,0,1,2,2,1,4,0,3,2,1,1,0,5,3,2,1,2,0,0,1,3,2,1,0,2,1,4,1,0,2,3,1,1,3,1,1,5,3,0,2,2,2,0,1,1,5,1,4,1,0,1,0
T2D_donor_06_cell_101,demo,T2D_donor_06,T2D,beta,21,17,30,22,26,19,19,22,24,13,3,4,0,2,3,3,3,3,2,0,7,6,4,4,7,6,4,1,0,1,2,3,5,0,0,2,3,0,2,3,1,4,0,0,2,3,2,2,3,0,2,1,1,0,0,1,1,1,0,2,4,0,2,0,1,1,1,2,5,0,2,4,1,0,0,2,0,2,3,3,0,5,2,2,1,3,1,0,4,0,1,3,0,1,1,2,3,3,1,3,2,4,3,0,2,1
T2D_donor_06_cell_102,demo,T2D_donor_06,T2D,beta,15,21,23,21,19,20,20,28,24,12,3,4,2,1,0,4,3,6,2,2,3,3,10,5,7,6,1,3,1,0,1,1,1,1,1,0,0,6,6,0,0,3,4,1,2,2,5,3,2,0,5,6,0,0,0,1,1,2,1,0,1,0,1,1,0,3,0,7,1,3,0,4,3,1,3,2,3,3,3,4,2,1,3,0,1,2,1,1,2,0,3,0,1,1,2,0,1,0,3,0,0,1,1,2,0,1
T2D_donor_06_cell_103,demo,T2D_donor_06,T2D,beta,37,35,32,38,42,38,42,28,47,38,0,3,3,1,1,4,1,1,3,1,8,2,11,11,7,9,0,3,2,0,1,2,4,2,2,1,1,3,3,1,3,0,4,0,3,2,4,3,3,6,1,4,2,2,7,1,1,2,2,2,3,2,1,3,0,1,2,6,1,0,0,1,0,0,0,1,1,1,2,3,2,2,3,1,1,2,2,2,2,0,0,0,1,3,1,5,2,5,1,7,3,1,2,2,1,1
T2D_donor_06_cell_104,demo,T2D_donor_06,T2D,beta,24,19,20,34,25,18,19,26,24,22,1,0,2,2,2,4,4,3,3,4,10,4,6,8,6,2,4,4,2,1,5,0,3,0,1,9,0,2,1,5,0,0,2,4,4,3,1,2,2,2,1,0,1,1,0,0,2,1,1,0,1,2,1,2,2,3,1,2,2,4,1,3,0,1,1,0,1,0,0,4,0,1,4,0,2,0,3,3,3,2,2,0,0,7,3,2,3,1,2,4,0,2,2,3,1,3
T2D_donor_06_cell_105,demo,T2D_donor_06,T2D,beta,21,34,25,19,31,26,30,24,34,20,3,2,4,1,2,2,2,2,1,2,9,4,4,3,3,6,1,0,0,1,1,0,0,2,0,3,0,4,1,2,1,0,0,5,1,3,1,0,2,3,0,0,1,0,3,0,0,2,2,4,0,2,3,1,0,2,1,3,0,1,1,2,2,1,4,2,1,4,1,2,2,0,2,2,2,2,2,3,6,0,0,1,0,0,0,0,1,2,0,2,2,4,1,1,1,0
T2D_donor_06_cell_106,demo,T2D_donor_06,T2D,beta,21,24,33,28,29,27,22,28,24,34,4,2,3,0,1,1,2,0,2,0,2,6,6,5,4,11,3,2,3,1,2,3,3,0,0,2,2,0,4,2,1,1,0,0,2,1,1,5,2,1,4,1,1,1,2,3,3,1,0,1,1,3,1,1,1,0,1,2,2,1,0,1,2,0,1,3,4,2,1,1,0,5,1,4,3,0,3,2,2,1,4,3,0,0,0,2,5,0,1,2,1,0,2,1,0,3
T2D_donor_06_cell_107,demo,T2D_donor_06,T2D,beta,21,17,13,16,19,11,20,21,17,14,2,7,2,2,2,3,4,4,0,3,12,7,3,9,8,5,1,1,4,0,3,3,2,4,2,4,3,0,4,1,2,3,1,0,5,0,7,1,5,0,3,4,0,3,0,1,0,2,3,1,0,1,4,3,3,1,4,1,0,2,1,0,1,1,0,3,0,0,4,1,0,2,3,0,6,2,1,4,0,1,0,5,3,1,2,4,1,0,1,4,2,1,2,2,0,2
T2D_donor_06_cell_108,demo,T2D_donor_06,T2D,beta,18,19,18,22,19,21,17,24,23,24,1,3,0,3,5,2,3,3,0,1,9,7,5,8,4,10,4,5,2,7,0,3,4,0,1,1,2,0,2,0,2,2,1,1,0,0,0,0,2,0,4,1,3,4,2,2,0,9,1,3,2,2,2,0,2,1,2,2,1,1,3,1,1,2,4,3,2,0,2,6,5,1,0,1,1,2,1,2,3,1,1,0,1,3,4,2,1,1,4,3,1,0,1,4,1,2
T2D_donor_06_cell_109,demo,T2D_donor_06,T2D,beta,8,8,12,11,12,9,11,13,7,5,3,8,5,6,7,9,8,9,6,6,5,3,4,5,5,6,3,1,2,2,4,3,2,0,0,3,2,1,2,4,2,2,1,1,0,1,0,1,3,0,2,2,1,1,2,2,3,2,0,3,1,5,0,3,1,3,0,4,0,1,2,1,2,2,1,4,2,4,4,4,0,2,1,0,2,2,2,5,1,0,1,0,1,2,5,2,2,1,1,1,4,4,1,5,1,0
T2D_donor_06_cell_110,demo,T2D_donor_06,T2D,beta,10,9,9,5,7,6,12,8,8,17,5,4,11,4,7,6,9,4,6,4,1,2,2,4,6,7,1,1,0,1,3,0,5,0,5,3,3,2,6,0,1,1,1,4,3,5,2,1,1,2,2,1,0,1,1,1,0,5,1,1,1,3,5,0,1,0,2,0,1,1,0,0,5,2,3,3,4,2,1,1,0,1,1,3,2,0,0,5,2,2,7,1,5,4,2,0,0,1,2,3,3,1,0,0,0,2
T2D_donor_06_cell_111,demo,T2D_donor_06,T2D,beta,22,22,18,27,19,18,21,17,23,20,0,5,3,2,2,5,1,3,2,3,7,6,13,3,3,3,2,1,3,6,1,2,1,4,1,1,3,2,1,0,3,0,0,0,0,4,2,1,5,0,3,0,1,2,1,3,1,1,0,1,2,0,5,7,2,1,1,2,2,1,3,1,2,1,4,1,2,2,2,3,0,1,4,1,3,1,3,3,0,1,1,3,1,5,0,3,0,0,3,2,2,0,0,3,5,0
T2D_donor_06_cell_112,demo,T2D_donor_06,T2D,beta,16,18,13,13,14,13,13,18,20,16,2,4,4,3,5,2,2,5,1,9,5,6,6,5,7,4,1,0,0,2,2,5,1,0,4,5,2,2,4,1,0,1,0,1,2,0,4,0,5,5,1,2,0,1,2,3,0,1,1,2,0,3,3,3,6,1,3,1,0,3,3,0,1,1,1,2,1,2,2,0,0,6,3,3,2,1,2,2,1,0,1,1,1,5,1,3,0,1,0,0,2,2,0,2,1,1
T2D_donor_06_cell_113,demo,T2D_donor_06,T2D,beta,19,21,24,18,15,22,18,20,13,26,3,5,4,2,0,6,1,3,1,1,3,8,4,5,5,9,3,3,1,0,2,0,2,2,0,1,2,2,3,0,0,1,2,2,2,0,1,3,0,0,2,1,0,1,1,0,6,1,1,0,1,3,1,2,4,0,2,1,2,3,0,1,1,0,4,3,2,1,0,1,2,1,2,3,2,1,0,2,3,0,2,1,3,2,0,0,2,2,4,3,3,0,2,2,2,0
T2D_donor_06_cell_114,demo,T2D_donor_06,T2D,beta,16,19,16,16,15,19,15,14,13,21,0,4,0,3,3,1,2,3,4,2,4,4,5,11,5,1,4,1,1,1,1,2,3,3,1,1,2,0,0,1,1,1,4,3,0,1,2,0,4,1,1,3,0,3,0,0,4,4,0,2,4,1,1,2,1,0,2,2,0,1,0,1,2,2,3,1,1,5,0,1,3,3,1,2,2,4,0,1,3,1,1,3,1,0,1,1,2,4,5,1,1,3,2,2,1,1
T2D_donor_06_cell_115,demo,T2D_donor_06,T2D,beta,16,19,21,23,23,20,21,29,25,14,1,4,3,3,1,5,0,2,2,1,9,5,9,10,5,11,2,1,0,1,2,0,1,2,0,2,0,1,4,1,2,2,0,0,2,2,3,1,1,0,0,0,2,4,3,4,0,1,2,2,2,1,0,0,4,0,1,3,1,3,4,1,2,2,2,0,1,1,1,3,2,2,1,2,0,2,0,0,1,2,4,0,3,2,1,0,1,3,2,1,1,2,1,4,3,1
T2D_donor_06_cell_116,demo,T2D_donor_06,T2D,beta,24,28,28,22,36,32,32,24,36,36,1,1,2,0,1,4,0,2,0,0,4,7,7,7,12,9,4,0,1,0,0,1,0,2,1,1,3,5,1,2,1,0,4,1,1,1,1,0,2,3,1,4,0,1,0,2,2,0,1,0,0,4,1,0,0,2,0,0,2,2,1,6,1,0,2,0,4,3,2,4,3,3,4,6,1,0,2,3,1,0,1,0,2,0,3,2,6,4,0,3,0,1,2,1,3,2
T2D_donor_06_cell_117,demo,T2D_donor_06,T2D,beta,25,28,30,28,20,22,15,27,20,30,4,1,2,2,4,1,3,6,4,1,7,7,7,8,5,5,0,0,1,0,0,4,1,3,1,1,1,2,3,1,0,3,6,0,7,6,2,4,2,1,0,2,1,5,1,6,3,1,3,3,1,4,6,4,0,1,1,3,1,2,5,1,3,2,3,0,3,1,0,1,3,3,0,5,1,1,0,1,1,3,3,2,1,0,1,0,5,0,1,1,5,1,0,1,0,1
T2D_donor_06_cell_118,demo,T2D_donor_06,T2D,beta,38,32,42,34,33,38,43,32,45,27,4,2,2,0,1,2,2,1,1,3,5,1,7,4,5,4,3,3,2,0,1,1,4,1,0,0,0,2,1,1,2,1,1,2,1,1,0,0,3,3,1,4,3,0,1,2,0,2,0,0,2,5,3,0,4,3,2,0,0,3,1,0,2,4,1,1,1,1,2,2,4,2,2,1,0,1,3,5,0,1,1,3,2,1,2,0,4,1,1,0,1,0,0,3,0,0
T2D_donor_06_cell_119,demo,T2D_donor_06,T2D,beta,14,16,14,6,11,13,13,13,15,8,6,4,7,9,6,3,6,8,2,1,12,5,10,6,5,4,1,3,2,3,3,1,5,0,7,2,0,2,2,6,0,1,1,2,1,4,4,4,3,0,1,3,3,1,1,1,0,2,1,3,0,1,0,1,4,1,0,1,4,1,0,0,5,1,1,2,0,5,1,1,1,2,0,1,1,1,4,1,3,6,4,0,0,0,2,2,1,4,6,5,0,1,1,3,4,3
