cell_id,dataset,donor_id,condition,cell_type,BetaIdentitySecretion,ImmuneStress,ERStress_UPR,OxidativePhosphorylation,DedifferentiationStress,DiseaseAxis,microstate,quasi_potential,latent_1,latent_2
ND_donor_01_cell_000,demo,ND_donor_01,ND,beta,6.290044929109678,3.729040151316122,2.5333001076194583,4.898877684627078,0.0,-1.502705678958458,0,0.8309376705351967,1.9954246602527528,-0.23150490289477546
ND_donor_01_cell_001,demo,ND_donor_01,ND,beta,6.4486788672586455,3.027787128204379,2.19757914702465,5.0436726443031406,0.0,-2.488593049525769,7,0.7162350131650248,3.5579584986401334,0.4645765113664143
ND_donor_01_cell_002,demo,ND_donor_01,ND,beta,6.2152384476147216,4.125728623714777,4.239525849968026,4.524147819098331,0.0,0.04228972127170094,0,2.1900751855954477,0.42739218043114136,-0.35738360123367013
ND_donor_01_cell_003,demo,ND_donor_01,ND,beta,6.216891784887741,3.086581729541794,3.4825999703362336,4.712423881494103,0.0,-1.168262213786361,10,0.6702942320208933,1.147224858026624,0.41923570703680424
ND_donor_01_cell_004,demo,ND_donor_01,ND,beta,6.359021230729666,3.4905248330331644,2.701697004784336,4.59292820306693,0.0,-1.6762652914266378,0,0.39145294931102903,1.9483764353924287,0.2092658248198124
ND_donor_01_cell_005,demo,ND_donor_01,ND,beta,6.332288940392018,2.610407121043542,3.228407411968006,4.641199172262229,0.0,-1.8692063232763934,3,0.19043066935510566,2.283275855232097,0.4756582029473867
ND_donor_01_cell_006,demo,ND_donor_01,ND,beta,6.2348254646677725,3.8176161758170517,2.9086204510440536,4.970405979463767,0.0,-1.0915580046446378,20,1.1676263628066659,1.2815896412116494,1.613399807810217
ND_donor_01_cell_007,demo,ND_donor_01,ND,beta,5.896331291868827,4.460596499449264,4.947828477565115,5.117327475228468,0.0,1.3213098899337992,8,0.9193542467001201,-1.3024673701045666,0.9351010342840069
ND_donor_01_cell_008,demo,ND_donor_01,ND,beta,6.6159135947614995,0.638401396739771,1.6540523541933996,4.634054953165123,0.0,-4.768195248789099,16,1.4883001489704908,5.745884941162397,-1.269201188431819
ND_donor_01_cell_009,demo,ND_donor_01,ND,beta,6.702505026422694,0.0,1.9420041071724587,4.563055446642673,0.0,-5.16359049010173,23,2.3574884494768265,7.167123388110595,-2.8107353307185274
ND_donor_01_cell_010,demo,ND_donor_01,ND,beta,6.68222208169509,2.0914736902328905,1.0457368451164453,4.458946001326999,0.0,-4.315125408763285,23,2.248174373953261,6.09778727568746,-2.83867064989184
ND_donor_01_cell_011,demo,ND_donor_01,ND,beta,6.513685137186949,1.4100001320801177,1.4100001320801177,4.320423752015144,0.0,-4.2251553544294715,16,1.6020335936046939,4.8617422993979025,-1.896977862128363
ND_donor_01_cell_012,demo,ND_donor_01,ND,beta,6.455945720251968,2.273192987737001,3.321651150799147,4.874569770484346,0.0,-2.2589537796456343,2,0.6273309707472841,3.273028589652791,0.46913502505704574
ND_donor_01_cell_013,demo,ND_donor_01,ND,beta,6.575371732463397,1.8601256041342478,1.0994178626429203,4.350847144285657,0.0,-4.2412490397699045,16,2.452786070556102,5.325506330460225,-2.573007059282776
ND_donor_01_cell_014,demo,ND_donor_01,ND,beta,6.356242566908165,2.769318349235602,2.1440847650968573,4.901767462332004,0.0,-2.5308960472386857,2,1.0425189768616399,3.0363259502111877,0.7854158649063803
ND_donor_01_cell_015,demo,ND_donor_01,ND,beta,6.31693470922599,3.262890062040762,2.7014061137044756,4.818403405723694,0.0,-1.7536175479315173,3,0.37228487428141754,2.0855259136306104,0.6362896195365128
ND_donor_01_cell_016,demo,ND_donor_01,ND,beta,6.559845564770605,1.0457368451164453,2.0914736902328905,4.478536673923194,0.0,-4.098877167795791,19,0.9786597734043507,4.461762501862002,-0.17621314844254166
ND_donor_01_cell_017,demo,ND_donor_01,ND,beta,6.029539730165025,3.777862638521762,4.575476453391626,4.980816243735723,0.0,0.3695912412837568,17,0.7562158504706931,-0.40427682402359233,0.9275909654667842
ND_donor_01_cell_018,demo,ND_donor_01,ND,beta,6.469049431085734,1.1369179422876998,1.2696315685648738,4.857647559889266,0.0,-4.422255124956479,16,1.3186306272127934,4.783544541708782,-0.34959527520713163
ND_donor_01_cell_019,demo,ND_donor_01,ND,beta,6.325105118513011,2.953779511289292,3.7494344446484975,4.900617612251865,0.0,-1.2759012135546115,6,0.30729764429666684,1.8785136356748156,0.31404737516812975
ND_donor_01_cell_020,demo,ND_donor_01,ND,beta,6.411282544140354,4.051735818618102,3.33372293076498,4.54333716143654,0.0,-0.9696820021639443,0,0.5112470486674221,1.748333020472035,0.1129684282625534
ND_donor_01_cell_021,demo,ND_donor_01,ND,beta,6.456178644466766,3.0156994479531356,2.7889638668580408,4.79676064603304,0.0,-2.1147354325415204,2,0.8772165802013703,3.0588350481131776,-0.23491927406611293
ND_donor_01_cell_022,demo,ND_donor_01,ND,beta,6.124228507838486,3.5320861986857253,4.3019877371535555,4.693059892232873,0.0,-0.1511886702294888,17,0.5611121796945868,0.23193523524080464,0.8644096382772349
ND_donor_01_cell_023,demo,ND_donor_01,ND,beta,6.098496395030036,3.5995639866903097,4.535240766113558,5.034496885468708,0.0,0.09712384381381511,21,0.6792210773828753,0.03352232819574496,0.6786625069960729
ND_donor_01_cell_024,demo,ND_donor_01,ND,beta,5.744386887688248,4.761820369910029,5.018803149531367,4.7435670360385025,0.0,1.8480119328166258,8,0.7066111015674323,-2.73302126693379,0.8993697686420365
ND_donor_01_cell_025,demo,ND_donor_01,ND,beta,6.196959908165056,3.9991880450941273,4.180178564392017,4.470178740928389,0.0,-0.049598749643410434,21,1.4050798706163752,0.2641247484106315,0.12044930990212359
ND_donor_01_cell_026,demo,ND_donor_01,ND,beta,6.458669882765963,3.5727643568607994,0.0,4.531983772654499,0.0,-3.6091906708257158,16,1.2587446818630292,4.128987550543208,-1.1005960407853759
ND_donor_01_cell_027,demo,ND_donor_01,ND,beta,5.922529068501854,4.787623811958957,4.607766337878178,5.20560702276385,0.0,1.2668898724344597,5,0.6919712510148637,-1.282240851013206,1.3290216185217307
ND_donor_01_cell_028,demo,ND_donor_01,ND,beta,6.222770121206899,4.050984959222121,4.2314380860954355,4.929637746251701,0.0,-0.027233838258563958,17,0.2654180611954544,0.5259176752931376,1.1355396331917005
ND_donor_01_cell_029,demo,ND_donor_01,ND,beta,6.5253272053234,2.877513999262375,1.1338882013387148,4.724337118583288,0.0,-3.440809756358362,7,1.0796971954137096,4.655607049679275,-1.3594127967201939
ND_donor_01_cell_030,demo,ND_donor_01,ND,beta,6.522348873594621,3.0516340549494148,2.02007610784425,4.568194927398755,0.0,-2.725054377800579,2,1.0821761325576542,3.900955716721481,-0.9383136869400333
ND_donor_01_cell_031,demo,ND_donor_01,ND,beta,6.0957379265102585,3.9774615257943373,4.566042292186493,5.010033130543969,0.0,0.37772741981900193,10,1.226029507376503,-0.44139271799230134,2.061967000628513
ND_donor_01_cell_032,demo,ND_donor_01,ND,beta,6.404146233024159,4.113579601416793,3.7194501476579647,4.833454393221757,0.0,-0.6569406690802957,3,0.26614127937889975,1.7666959981750974,0.4730336988620197
ND_donor_01_cell_033,demo,ND_donor_01,ND,beta,6.439327517176184,2.9758591022933634,3.645952423363975,4.744515362135326,0.0,-1.537688285339619,0,0.4359018732614883,2.2881303697466038,0.41924814396018983
ND_donor_01_cell_034,demo,ND_donor_01,ND,beta,6.5395047547453755,1.777114906510132,2.4043211683893135,4.702807127666457,0.0,-3.3591396062483647,7,0.7543077051443232,4.402435347223487,-0.398875345974578
ND_donor_01_cell_035,demo,ND_donor_01,ND,beta,6.256074929446609,2.3855462282808055,3.92303124443009,4.983147980908978,0.0,-1.4178063243078038,6,0.5251260971229863,1.918379865191053,1.0743121246598752
ND_donor_01_cell_036,demo,ND_donor_01,ND,beta,6.561084066819591,2.548478145586813,1.4975882193416925,4.85949959271107,0.0,-3.484456220097567,16,0.7490777868732001,4.910995282344897,-0.6363924414967321
ND_donor_01_cell_037,demo,ND_donor_01,ND,beta,6.116362378980502,2.731546960749425,4.555939571965675,4.90449004175834,0.0,-0.5071744902835503,21,0.0867051002330621,0.6629762687522865,0.970460719262244
ND_donor_01_cell_038,demo,ND_donor_01,ND,beta,5.91781786347736,4.910600519679222,4.628259317224876,5.021495468060528,0.0,1.372135203019642,8,1.1963274548145035,-1.81346350287308,2.1003898360839166
ND_donor_01_cell_039,demo,ND_donor_01,ND,beta,6.561028649665923,1.1829665042100648,1.907815225137893,4.663939182526016,0.0,-4.131297035105536,23,1.4493983461902022,5.77889917094379,-2.0319390259782453
ND_donor_01_cell_040,demo,ND_donor_01,ND,beta,6.241298435596381,3.9659145921829255,4.07588036822172,4.632201964043433,0.0,-0.2223550999272555,17,0.3338833289922105,0.4522487593138017,0.8788467761266979
ND_donor_01_cell_041,demo,ND_donor_01,ND,beta,6.725871559898292,0.880601063490919,0.880601063490919,4.4184887272407645,0.0,-5.32191863106237,23,2.100026433497203,7.0224280216970865,-2.489329690502032
ND_donor_01_cell_042,demo,ND_donor_01,ND,beta,6.376184741109212,2.78981775882137,3.003752281077254,4.790841240286287,0.0,-1.9781679867224753,0,0.21012610122800446,2.4946323523033365,0.4201361452132718
ND_donor_01_cell_043,demo,ND_donor_01,ND,beta,6.449152021881031,2.7983558309937537,2.3951913587041487,4.503880576515859,0.0,-2.51205958854609,2,1.9177718313839724,3.4024876202920677,-1.213592668241799
ND_donor_01_cell_044,demo,ND_donor_01,ND,beta,6.193062191456608,3.4416825660276493,3.798992971666576,4.849243031089906,0.0,-0.6737102552993967,20,0.168702312565018,0.6737885522671725,1.0022433299718332
ND_donor_01_cell_045,demo,ND_donor_01,ND,beta,6.486546442046986,2.3216515696418005,0.792676684641662,4.579048063384507,0.0,-3.9737138099036833,2,0.910319316616703,4.498239357044708,-0.5918773670560734
ND_donor_01_cell_046,demo,ND_donor_01,ND,beta,6.319443465839849,4.154730205384456,3.5351420264546896,5.120144018884861,0.0,-0.5986348515339869,20,1.4777797746877237,1.3893266775434132,1.7387263520888645
ND_donor_01_cell_047,demo,ND_donor_01,ND,beta,5.886242984923555,5.306010298211005,3.602768291439996,4.570372876313493,0.0,1.01023520365808,12,1.2319451456510535,-1.645480567938714,0.311433092885158
ND_donor_01_cell_048,demo,ND_donor_01,ND,beta,6.1618929397845985,3.7166527556336613,3.2676285504928346,4.714486276206064,0.0,-0.787044139217221,10,0.4165922871737209,0.42701275192079585,1.3759996365871177
ND_donor_01_cell_049,demo,ND_donor_01,ND,beta,6.652696469062976,2.0632739109908265,0.48344159874084436,4.632638051153146,0.0,-4.656701940463728,16,1.1480377035110383,6.041473374444041,-1.8298044698480453
ND_donor_01_cell_050,demo,ND_donor_01,ND,beta,6.5702111143640085,1.8054854549665766,1.0635499346362531,4.726271125400623,0.0,-4.292740243625019,7,1.1616471855786568,5.416116492939394,-1.034621500429089
ND_donor_01_cell_051,demo,ND_donor_01,ND,beta,6.27369661661001,3.8411280973491393,3.65562679688374,5.1285743276342695,0.0,-0.6465470469302542,20,0.5646987355945425,1.1813775216327,1.4112553396109935
ND_donor_01_cell_052,demo,ND_donor_01,ND,beta,5.4407331521599245,5.2189338468317175,5.364923435455792,3.9049011461247556,0.0,2.9395143663455734,13,2.8555019012093465,-3.6950433691423132,-1.791085645783426
ND_donor_01_cell_053,demo,ND_donor_01,ND,beta,6.274739823939106,3.1401835416085717,3.3654460624798235,5.06347844273452,0.0,-1.3155363045373059,10,0.4989025062412775,1.6383133475932887,1.0642650421327435
ND_donor_01_cell_054,demo,ND_donor_01,ND,beta,6.628618178242457,0.4735093277528003,0.9470186555056006,4.83948730847786,0.0,-5.375535466584179,23,2.513311985652064,6.4758709836580355,-0.8732730065973836
ND_donor_01_cell_055,demo,ND_donor_01,ND,beta,6.482805656731879,3.8438567605455454,2.882567627957966,4.4787544499500385,0.0,-1.54167460242657,2,0.9350186654641801,2.5579375497346275,0.004622711175066969
ND_donor_01_cell_056,demo,ND_donor_01,ND,beta,5.893113506743337,4.800872477409551,4.991844158769831,5.239227087466699,0.0,1.5862026960645736,8,0.46135164067062906,-1.6273286925846666,1.7211381245126371
ND_donor_01_cell_057,demo,ND_donor_01,ND,beta,6.232672625971158,3.36024153554317,3.8219393833901463,4.828516306757923,0.0,-0.7852540198933148,17,0.4223342316665528,0.9861198114098946,0.6034902249627878
ND_donor_01_cell_058,demo,ND_donor_01,ND,beta,6.567121249263343,0.5508070628688067,1.6524211886064202,4.8843010969750145,0.0,-4.739772063888187,16,1.7725869505215703,5.8866208083753815,-0.9267293331145456
ND_donor_01_cell_059,demo,ND_donor_01,ND,beta,6.438238569799476,3.4403597566377426,3.038403752284934,4.871653642523069,0.0,-1.6287363648558357,19,1.0861050962678567,2.6293874885986583,-0.07350012809031801
ND_donor_01_cell_060,demo,ND_donor_01,ND,beta,6.218240105763452,4.209158452592028,4.606824458616516,4.278494517503403,0.0,0.3388545380042738,10,2.039282339093355,0.24301692111460177,-0.5488449854590691
ND_donor_01_cell_061,demo,ND_donor_01,ND,beta,6.552094241908847,2.52458715727765,2.1713900830754262,4.382590667684806,0.0,-3.0334768172234874,16,1.9745435789286985,4.170920684438904,-1.641481607213332
ND_donor_01_cell_062,demo,ND_donor_01,ND,beta,6.640425726954549,1.6354298366425084,1.1337266589646955,4.734911413863964,0.0,-4.488064681995595,23,1.421906569879079,6.078814874006961,-2.254982751088186
ND_donor_01_cell_063,demo,ND_donor_01,ND,beta,6.384523667054177,3.1847876377861772,2.6803254494049162,4.922957156032713,0.0,-1.943178510988726,19,0.7093407407233698,2.2785562705286337,1.1247597903952395
ND_donor_01_cell_064,demo,ND_donor_01,ND,beta,6.075377521279156,3.9893312426937912,4.250579635960402,4.96905280521472,0.0,0.21167214260506728,10,0.6983687354958894,-0.49981254017722593,1.61085747095994
ND_donor_01_cell_065,demo,ND_donor_01,ND,beta,6.525797058622314,2.3387267362573154,2.3387267362573154,4.683867373699486,0.0,-2.999176546134839,19,0.5667419990657168,4.064737585354483,-0.47987761597032313
ND_donor_01_cell_066,demo,ND_donor_01,ND,beta,6.56037960825916,1.2031900076706605,1.6073178643468793,4.6728790980929205,0.0,-4.317504518678666,16,1.4521301015577155,5.127043882091855,-0.4593183530150894
ND_donor_01_cell_067,demo,ND_donor_01,ND,beta,6.0177114125321,4.049235560828519,4.184511438158572,5.040290334335833,0.0,0.3126291201903496,5,0.5833385676872647,-0.4174509615985974,1.8414353047525067
ND_donor_01_cell_068,demo,ND_donor_01,ND,beta,6.430719360044863,2.3407141951215147,2.5091168270337625,4.872477041601514,0.0,-2.711160296594504,7,0.6616648140793027,3.582428587573452,-0.18293336598998622
ND_donor_01_cell_069,demo,ND_donor_01,ND,beta,6.463463954443864,2.598434248187365,3.257332758771465,5.02214686774127,0.0,-2.096180238110649,2,0.33794878405281636,3.3559763653176553,0.2394461376466615
ND_donor_01_cell_070,demo,ND_donor_01,ND,beta,6.406799986411701,2.3230709816472634,2.589632869360411,4.997123216943622,0.0,-2.6257565373430416,6,1.2241769656317585,3.192822600212782,0.8784526228985865
ND_donor_01_cell_071,demo,ND_donor_01,ND,beta,6.4086220338416595,3.0900000560171703,1.556363995897411,4.993579428856986,0.0,-2.802833341830472,2,0.4171661180124815,3.6128143854717645,0.40775010396476985
ND_donor_01_cell_072,demo,ND_donor_01,ND,beta,6.513321323994286,1.32759888462428,2.3648613881666773,4.8385773539176355,0.0,-3.6412946668832413,19,1.7420430159740432,4.678219584416001,0.15003284819431795
ND_donor_01_cell_073,demo,ND_donor_01,ND,beta,6.597578400330518,1.1249509276555325,1.6874263914832988,4.63602240404309,0.0,-4.384266274250912,16,1.281118227007715,5.5602412398074925,-1.204228753522614
ND_donor_01_cell_074,demo,ND_donor_01,ND,beta,6.21831154806632,2.852294349717023,2.988677261612612,4.925010253842156,0.0,-1.6593602329963197,10,1.133072907601278,1.4361574467964946,1.5672228598878521
ND_donor_01_cell_075,demo,ND_donor_01,ND,beta,6.3483557040086325,3.82297864769592,3.2955588392250226,4.637811625042134,0.0,-1.0352775398226026,21,0.3683836155066187,1.3900283380805223,0.44766797969238814
ND_donor_01_cell_076,demo,ND_donor_01,ND,beta,6.222677973474692,4.180132151555428,3.1173774624345407,4.989037041468828,0.0,-0.6852285147254816,20,0.3312927759557933,1.0348514761681626,0.8008221455411266
ND_donor_01_cell_077,demo,ND_donor_01,ND,beta,6.379721478224245,3.550912650204959,2.8865514213645533,4.7315599527997305,0.0,-1.5494479560646073,3,0.47559939166056164,1.863514970820383,1.0709760189502782
ND_donor_01_cell_078,demo,ND_donor_01,ND,beta,5.148641564803736,5.840451146440449,5.927472708117216,2.8178392997765993,0.0,4.265739577880886,4,4.923852034175947,-5.9525032781593366,-5.269272128560106
ND_donor_01_cell_079,demo,ND_donor_01,ND,beta,6.396590010557034,2.279763161668987,3.1148203157163867,4.4396131903203315,0.0,-2.285085360871404,0,1.066503128099165,2.942365255786981,-0.5722580809044439
ND_donor_01_cell_080,demo,ND_donor_01,ND,beta,6.51675002956308,2.569243390091444,1.9338887356011363,4.686129997851798,0.0,-3.0980390485791425,19,0.47476276799660244,3.8340549424506776,-0.14553807194110407
ND_donor_01_cell_081,demo,ND_donor_01,ND,beta,6.223978616218675,3.6362298092290573,3.005498717833821,5.150775914506859,0.0,-1.12943700061776,20,2.2582602684219806,1.1635970072040662,2.276622747943339
ND_donor_01_cell_082,demo,ND_donor_01,ND,beta,6.628538175014694,1.659308016631383,1.1497542161291623,4.316186739579597,0.0,-4.439639684876182,23,1.6397547146176255,5.745652998751684,-2.2746652124836912
ND_donor_01_cell_083,demo,ND_donor_01,ND,beta,6.536660410670677,1.6615881354379396,1.3189074300720258,4.653538615202703,0.0,-4.1580653006033685,7,0.8658300619844557,5.0004208241376125,-0.6354343975120174
ND_donor_01_cell_084,demo,ND_donor_01,ND,beta,6.165141728903775,4.137534151653989,4.228047692572515,4.747480413082264,0.0,0.13356466792532495,20,0.5336721634192871,-0.005011125423669549,0.5338095244015245
ND_donor_01_cell_085,demo,ND_donor_01,ND,beta,5.732657103379609,5.36582882944829,4.691164808719451,4.041665606265586,0.0,2.057682975801946,14,2.430596328150595,-2.753714270981559,-0.9245118664195928
ND_donor_01_cell_086,demo,ND_donor_01,ND,beta,6.594320676695702,0.663532316521277,0.663532316521277,4.735589817802643,0.0,-5.374676055942829,23,2.169892984719623,6.7795012377572155,-1.6723555325089392
ND_donor_01_cell_087,demo,ND_donor_01,ND,beta,6.579337386139083,1.6020370220219893,0.6655942584770818,4.872857890537601,0.0,-4.712824760785041,19,2.3433015208277537,5.545052904109429,-0.14041268412929964
ND_donor_01_cell_088,demo,ND_donor_01,ND,beta,6.681850552282649,0.9366644813772018,1.4049967220658026,4.559789299746189,0.0,-4.853316980450607,23,1.5464411216777112,6.477491580746781,-2.409027495483632
ND_donor_01_cell_089,demo,ND_donor_01,ND,beta,6.334151316474875,3.9407333219401712,3.469772740704542,5.006247382696356,0.0,-0.8134748228042348,6,0.45678727896226956,1.3803716128781873,0.6088065078695664
ND_donor_01_cell_090,demo,ND_donor_01,ND,beta,5.9440063831598575,4.9655640842936375,4.901826332607649,4.554281866878095,0.0,1.5446730138328197,12,2.2186769088631584,-1.4848444089303927,-0.45359034754436545
ND_donor_01_cell_091,demo,ND_donor_01,ND,beta,6.189204036199324,2.608657062975173,3.97115572370155,5.27767081675906,0.0,-1.1136124780903607,20,0.12719159394736224,1.491876013944077,0.7458820854491586
ND_donor_01_cell_092,demo,ND_donor_01,ND,beta,6.307386630457939,2.8870017324703148,3.336473261784839,4.8189904688264065,0.0,-1.5650487973861162,3,0.2489385495314993,1.7877951516463497,0.6972124628553942
ND_donor_01_cell_093,demo,ND_donor_01,ND,beta,6.691467799179138,0.49027779575699715,0.9805555915139943,4.308390274823293,0.0,-5.455935170477416,23,1.7746071675543371,6.769294775471592,-2.4934542132085666
ND_donor_01_cell_094,demo,ND_donor_01,ND,beta,6.4456272874075085,4.162408206747978,3.6778987505959337,4.5852659447607484,0.0,-0.7271310748412607,3,1.509886627333941,2.1188651397707976,-0.5742267280582799
ND_donor_01_cell_095,demo,ND_donor_01,ND,beta,6.354668244914824,3.6610449929492126,2.988212269850178,5.038990947002127,0.0,-1.3616221015100896,6,0.39957668111668543,2.128956041219236,0.5272490387750477
ND_donor_01_cell_096,demo,ND_donor_01,ND,beta,6.2315911890185145,4.197232643672672,4.3658450831219096,4.888264823341072,0.0,0.14534396050495269,10,0.46910470115672,0.3563343554730174,1.144726327961304
ND_donor_01_cell_097,demo,ND_donor_01,ND,beta,6.314878223785231,3.592925443623623,3.647852529679517,4.859191116449472,0.0,-0.8940193666432634,0,1.4905203873858826,1.6420084177764245,-0.4166901894592871
ND_donor_01_cell_098,demo,ND_donor_01,ND,beta,6.155738867162005,3.861045689567392,4.176423556125176,5.04796155658693,0.0,-0.07045517843635407,21,1.0105989767662509,0.08263591413407156,1.59403178290581
ND_donor_01_cell_099,demo,ND_donor_01,ND,beta,5.87414042420433,4.943688717039442,5.142223190844184,5.003723021289027,0.0,1.8176314141809053,8,0.5807986717151641,-1.8560340858105178,1.1028584767530458
ND_donor_01_cell_100,demo,ND_donor_01,ND,beta,6.315592301393975,4.146746901707778,3.231521692897099,4.912673515617873,0.0,-0.8001483694597966,6,0.7127016808967763,1.5197145750881365,0.2013208555548733
ND_donor_01_cell_101,demo,ND_donor_01,ND,beta,6.571725892143053,1.1094106882480634,2.3511071216188775,4.7952943727141255,0.0,-3.9037964076021883,16,0.8515019098130239,5.149973149142512,-1.3577236069477674
ND_donor_01_cell_102,demo,ND_donor_01,ND,beta,6.0518621240616115,3.853059904962305,3.8990500229124008,5.181398211485276,0.0,-0.07274018101528891,21,0.8483173756653253,0.10359317599358746,1.5010824654955865
ND_donor_01_cell_103,demo,ND_donor_01,ND,beta,6.2648001483986615,4.037787189273478,2.475613630451945,4.551623511300541,0.0,-1.287119200240822,6,0.6656716377026619,1.4630010602000578,0.2078683319360223
ND_donor_01_cell_104,demo,ND_donor_01,ND,beta,6.575133962545697,2.023864190612561,2.4347100711042806,4.389691368980742,0.0,-3.237026194366471,16,1.5707226548208855,4.078502753365394,-1.336072526200677
ND_donor_01_cell_105,demo,ND_donor_01,ND,beta,6.323473046910873,3.479397748608849,1.84649611368,5.1650599886057735,0.0,-2.1913368235596775,6,0.27415447823772965,2.713998613025124,0.4979597315831219
ND_donor_01_cell_106,demo,ND_donor_01,ND,beta,6.405650034497645,2.7743908612985235,3.2020336784018335,5.073963737188862,0.0,-1.9094436898525138,6,0.9690809448610267,2.9075027910020084,0.8357916419938045
ND_donor_01_cell_107,demo,ND_donor_01,ND,beta,6.6710682538206445,0.0,1.4258149125923922,4.506958943998188,0.0,-5.451823147617708,23,2.100308781805091,6.877134424546909,-2.699157857296657
ND_donor_01_cell_108,demo,ND_donor_01,ND,beta,6.338482081012907,1.5336148019245295,3.115629373577846,5.121106198871471,0.0,-2.682471325457935,6,0.5742875929561109,3.1026560216049703,0.4832034838031889
ND_donor_01_cell_109,demo,ND_donor_01,ND,beta,6.309144051194544,1.6036080778929278,3.5414965035169486,4.931267627749008,0.0,-2.2970537758820324,0,1.097202600093202,2.6931344996534072,0.9916377672703769
ND_donor_01_cell_110,demo,ND_donor_01,ND,beta,6.423307713155604,2.761367326695726,4.083717608217983,5.071579637244491,0.0,-1.3604571770305216,3,1.7069279661818957,2.4149635426476106,1.567718096609285
ND_donor_01_cell_111,demo,ND_donor_01,ND,beta,6.382602467580572,4.005228510465739,2.9440981700229734,4.612384978360869,0.0,-1.2096310614413506,0,1.1169543130692476,1.9652001871814413,-0.371867295322814
ND_donor_01_cell_112,demo,ND_donor_01,ND,beta,6.488244437976263,2.907661353083752,3.577292437579434,4.621846729076735,0.0,-1.7184834927616583,19,1.0912190158477655,2.6793312497283543,-0.4269176576956725
ND_donor_01_cell_113,demo,ND_donor_01,ND,beta,6.373968816966864,3.670834655359875,3.5143554892470865,4.880581836216716,0.0,-1.0380822854061333,20,1.2073399065988006,1.4042141357900717,1.6014724112444352
ND_donor_01_cell_114,demo,ND_donor_01,ND,beta,6.412940517530844,2.4719527225335205,2.2355330873280597,4.933845334472058,0.0,-2.773342995405204,0,0.380410155215702,3.322193750855308,0.3666645301697884
ND_donor_01_cell_115,demo,ND_donor_01,ND,beta,5.877214977638827,4.395675804802558,4.563903033520628,4.958616644767377,0.0,1.0553790299597599,10,1.164057646272047,-1.1869467243869456,0.6048126138737172
ND_donor_01_cell_116,demo,ND_donor_01,ND,beta,6.424126354963161,2.0770008647149343,2.966312283555221,4.5601020109544415,0.0,-2.571264139062857,3,0.9524513450105943,3.0778893441091393,-0.33288844077893087
ND_donor_01_cell_117,demo,ND_donor_01,ND,beta,6.646824936413539,1.7407546425798224,0.6235746898589627,4.221125591506465,0.0,-4.769909737031585,23,2.0350423540149025,6.069125744471727,-2.686594128176849
ND_donor_01_cell_118,demo,ND_donor_01,ND,beta,6.136672137185547,4.2833083561557155,4.18221169456895,4.506907635360084,0.0,0.2529698010593325,12,1.2518329021785908,-0.19436935695720178,0.2750648326549642
ND_donor_01_cell_119,demo,ND_donor_01,ND,beta,6.414496579492121,1.3424777700731547,2.026289386834092,5.03833403748607,0.0,-3.6782690085616685,19,1.7909298026550813,3.8815665097360377,0.77161403892013
ND_donor_02_cell_000,demo,ND_donor_02,ND,beta,6.56338934526828,1.3497872563357831,1.6289905571212486,4.810582854220006,0.0,-4.2095550758786535,7,0.976805665400196,5.24139929070881,-0.7937489808103496
ND_donor_02_cell_001,demo,ND_donor_02,ND,beta,6.66913073551671,1.007579085926388,1.5113686288895818,4.390542905979086,0.0,-4.711202235743633,23,1.1812834403903736,6.205028858289088,-1.7580630828770099
ND_donor_02_cell_002,demo,ND_donor_02,ND,beta,6.067407046497233,4.205343030765445,3.1651640620190413,5.121255507109881,0.0,-0.35423795076002396,21,1.7785163408893334,0.19819565865304964,2.15585036196238
ND_donor_02_cell_003,demo,ND_donor_02,ND,beta,6.615385054104351,0.0,1.1807532762667168,4.4685205305789,0.0,-5.514634488700491,23,1.7814087899931428,6.4877225850630005,-1.6341402506360616
ND_donor_02_cell_004,demo,ND_donor_02,ND,beta,5.6818727407642085,4.675639319280441,4.943288434822916,4.502792912062046,0.0,1.8528829568640168,12,0.6765870562462606,-2.806513375358254,0.7515166461442258
ND_donor_02_cell_005,demo,ND_donor_02,ND,beta,6.49432599045827,2.7139381881339744,1.2671691880018308,4.666229525285727,0.0,-3.405712380796308,16,1.4281684627918914,4.426111863076518,-1.3776278964710322
ND_donor_02_cell_006,demo,ND_donor_02,ND,beta,6.618629794955291,1.0191076010044413,0.5095538005022207,4.609985961058331,0.0,-5.281913393477135,23,1.7814087899931428,6.088327831150214,-1.1318315080258055
ND_donor_02_cell_007,demo,ND_donor_02,ND,beta,6.461588708328205,2.2553689304640026,1.906768985554979,4.58731860054911,0.0,-3.2277831544096207,7,0.7370092104604753,3.8344615138443574,-0.41463943620513016
ND_donor_02_cell_008,demo,ND_donor_02,ND,beta,6.418917795717483,2.033833923541415,3.2912734857552173,5.030730450320785,0.0,-2.3735326886256063,2,0.5014030760987458,3.2213179996478853,0.2875555942478704
ND_donor_02_cell_009,demo,ND_donor_02,ND,beta,6.311587190264942,2.9073834508038003,3.8839504515937975,4.628435399503929,0.0,-1.1926642302512713,3,0.23312004856943336,1.5918639114352895,0.844140980872423
ND_donor_02_cell_010,demo,ND_donor_02,ND,beta,6.471078062569804,1.320563480852322,2.050108172658319,5.0613534639253315,0.0,-3.779886943376143,7,1.657689117475198,4.505137311814942,0.18620140306196806
ND_donor_02_cell_011,demo,ND_donor_02,ND,beta,6.550211634421016,1.743585824027606,0.5372957136354698,4.8698304594790995,0.0,-4.650246268136611,7,1.4609167500363647,5.317250081440121,-0.5475424467205954
ND_donor_02_cell_012,demo,ND_donor_02,ND,beta,6.774561363444763,0.9253444523884443,0.8007027228971161,4.16945508122875,0.0,-5.43361244691131,23,3.968384370485338,7.718218735352521,-4.20813812906722
ND_donor_02_cell_013,demo,ND_donor_02,ND,beta,6.678603759826807,0.6413337842866296,1.1519767274911494,4.39344922265347,0.0,-5.215965062269286,23,1.6078445195724482,6.657247310172986,-2.3628085964199643
ND_donor_02_cell_014,demo,ND_donor_02,ND,beta,6.424134143944552,3.395463745275987,3.4498254993351494,4.920695146497925,0.0,-1.358172579827316,0,0.22161122951117473,2.4549158055796627,0.428177246461855
ND_donor_02_cell_015,demo,ND_donor_02,ND,beta,6.620723230924279,2.3349389338751863,1.7641891339715534,4.571473218608269,0.0,-3.5585062922698407,7,0.6977992661172676,4.942999375449254,-1.0180463177616108
ND_donor_02_cell_016,demo,ND_donor_02,ND,beta,6.649405547544097,1.1977524823828165,2.1092039971806407,4.489532047597665,0.0,-4.147105702187365,16,1.0150886377382484,5.569591595641318,-1.4814415094936133
ND_donor_02_cell_017,demo,ND_donor_02,ND,beta,6.547499983785696,0.7365707166055192,2.212149094944186,4.601066800173978,0.0,-4.204333584489298,23,2.249929794317718,5.533196622557272,-2.5051914046825448
ND_donor_02_cell_018,demo,ND_donor_02,ND,beta,6.451767824359837,3.337349974484865,3.6296264199993673,4.5658906482427435,0.0,-1.3272881052638275,3,0.5131554565185201,2.281256510180875,0.2803150863542788
ND_donor_02_cell_019,demo,ND_donor_02,ND,beta,6.554337998344943,1.9408102803504526,2.9721175768030235,4.702101994390151,0.0,-2.8957718331817057,19,0.4691387033511729,3.9259579716427404,0.05089589319893984
ND_donor_02_cell_020,demo,ND_donor_02,ND,beta,6.348000574665726,3.439028172179216,3.6298154240205407,4.75470213633177,0.0,-1.070087104346451,6,0.6667775080634977,1.5979478200852881,0.2694543820921926
ND_donor_02_cell_021,demo,ND_donor_02,ND,beta,6.615826919196115,1.0186736037936974,2.4292605285424,4.759987007495976,0.0,-3.99283535779501,7,1.27078214634897,5.200626783227725,-0.42709170761513915
ND_donor_02_cell_022,demo,ND_donor_02,ND,beta,6.539340176721096,1.4185426316888314,2.2027632379693847,4.542465929057187,0.0,-3.7356301467252466,7,1.3755345306530158,4.713542422270142,-1.6188239846676356
ND_donor_02_cell_023,demo,ND_donor_02,ND,beta,6.2217212326456615,4.0794184465690595,4.180596084498081,5.099700910524752,0.0,-0.04015643050880596,21,0.3120307423686457,0.8829942513913004,0.720463559250252
ND_donor_02_cell_024,demo,ND_donor_02,ND,beta,6.607572348899309,1.3427704311675484,1.0792111381978626,4.9011328665531595,0.0,-4.662338321920677,23,1.5271762022958182,6.378883954500028,-1.717647258003368
ND_donor_02_cell_025,demo,ND_donor_02,ND,beta,6.611981716244676,1.0360205436709433,0.5180102718354717,4.791938686862862,0.0,-5.252769426645279,23,1.644853733719561,6.299571734393512,-1.313285626077599
ND_donor_02_cell_026,demo,ND_donor_02,ND,beta,6.063499166222903,3.852459746833527,2.526186941609491,5.177160258150406,0.0,-1.0127236783192262,10,1.0943409582123174,0.6908602204930693,1.653717185999494
ND_donor_02_cell_027,demo,ND_donor_02,ND,beta,6.507784182816404,1.8455164542151388,2.2836396149615963,4.902736857984974,0.0,-3.336108828444006,16,0.8340527565421896,4.506082844756135,-0.3853966400054416
ND_donor_02_cell_028,demo,ND_donor_02,ND,beta,6.077417496224317,4.414194798443539,4.4801316638804245,4.76742645611755,0.0,0.648214713123056,14,1.8969077792126887,-0.43505806183747625,-0.17776768519054126
ND_donor_02_cell_029,demo,ND_donor_02,ND,beta,6.554801891987742,1.8084879308174453,1.9409008306305886,4.328657837108248,0.0,-3.6757812789809416,2,1.0742967844609144,4.354076089115391,-0.9540092899997658
ND_donor_02_cell_030,demo,ND_donor_02,ND,beta,6.51860423514361,3.761229928429844,3.257332758771466,4.688961408649193,0.0,-1.4117291623652088,2,1.493791422799954,3.035346841257652,-0.8630102264616907
ND_donor_02_cell_031,demo,ND_donor_02,ND,beta,6.145269234870098,4.5861232741540485,4.607744911368764,4.232566649934958,0.0,0.7263614248752784,17,2.652815089312594,-0.17330962123088933,-0.9889410006976519
ND_donor_02_cell_032,demo,ND_donor_02,ND,beta,6.586355909841366,0.5461866393091215,1.8494002382522752,4.610210980850314,0.0,-4.646045985204182,16,2.396221448109803,5.447688851926513,0.00048428566210696923
ND_donor_02_cell_033,demo,ND_donor_02,ND,beta,6.4595460712687185,1.9828579684218923,1.3665675478090091,4.925775936871449,0.0,-3.769344444715245,19,0.854832661233897,4.552302121434252,-0.5677866970278147
ND_donor_02_cell_034,demo,ND_donor_02,ND,beta,6.383216499729892,3.7135209247078187,3.66938274042369,4.6705280733920285,0.0,-0.9223627497212241,3,1.1843624202871244,1.8255986089094258,-0.3628533022721139
ND_donor_02_cell_035,demo,ND_donor_02,ND,beta,6.153424620953089,2.2404539995744424,3.005498717833821,4.771540350510329,0.0,-1.943096920132508,20,0.3988579962628318,1.5851758954132582,0.9516023978048521
ND_donor_02_cell_036,demo,ND_donor_02,ND,beta,6.078565469900982,3.355922066856132,4.419495060158028,4.899791726803972,0.0,-0.10850835997165142,17,0.9021591577094776,0.19323007773254677,0.45276624463168497
ND_donor_02_cell_037,demo,ND_donor_02,ND,beta,6.4840956306668645,2.9389590190734496,2.859620022876406,4.6787509180794595,0.0,-2.1699515381798085,19,0.742104317976291,3.0514486502854097,-0.022368182594469127
ND_donor_02_cell_038,demo,ND_donor_02,ND,beta,6.244646064929227,3.792114887908159,4.166587799543355,5.063953799020632,0.0,-0.28502392665986453,20,0.3155156292799415,0.6588187619226658,1.2045855732507507
ND_donor_02_cell_039,demo,ND_donor_02,ND,beta,6.46996441390508,2.7039556024514524,2.435317008816103,4.417508592139016,0.0,-2.586712844926754,2,0.9099360343629002,3.2497997398042,-0.6605309528907894
ND_donor_02_cell_040,demo,ND_donor_02,ND,beta,6.557768931250021,1.2457238308951504,1.9347603917529745,4.528193561337765,0.0,-4.065004646303275,16,0.9222272648692229,4.860922680157627,-1.4804586950936458
ND_donor_02_cell_041,demo,ND_donor_02,ND,beta,6.567690399559626,1.2136289523519292,1.0818042816453508,4.52726982869033,0.0,-4.675306604967822,19,1.0953629772465439,5.422220567801975,-1.0505536071111063
ND_donor_02_cell_042,demo,ND_donor_02,ND,beta,6.4433253949951395,1.173406433349275,2.0265824731582263,4.6934065340682585,0.0,-3.844514503281544,19,1.137389238365203,4.150077796912442,0.29714454154887526
ND_donor_02_cell_043,demo,ND_donor_02,ND,beta,6.58465289260761,1.5581531949134537,1.6891900654086647,4.764531336995786,0.0,-4.06730610450059,16,0.3496448711205611,5.141548479513153,-1.0517487952369022
ND_donor_02_cell_044,demo,ND_donor_02,ND,beta,6.031720090655514,4.38420545831517,4.8374493158649665,5.106827629651008,0.0,0.9500219224944942,21,0.5732372258038287,-0.7742399002627086,0.8233698034895213
ND_donor_02_cell_045,demo,ND_donor_02,ND,beta,6.556195566743348,2.6946115541087847,1.241696433370814,4.850050366861017,0.0,-3.5481647176019453,16,1.3585272262545036,4.875196240797024,-0.351248983391828
ND_donor_02_cell_046,demo,ND_donor_02,ND,beta,6.167355253554763,4.322657363228112,4.516228693670228,4.661687938429188,0.0,0.44724927630393096,10,1.789896038529963,-0.11227660338794004,-0.42842797799878624
ND_donor_02_cell_047,demo,ND_donor_02,ND,beta,6.55404707894167,2.509013671662996,1.254506835831498,4.779083875852762,0.0,-3.6609250558661515,7,1.0359850917411562,4.7227062297284865,-0.5639831323003764
ND_donor_02_cell_048,demo,ND_donor_02,ND,beta,6.4477043473375275,2.4909865486185447,2.1141655781668893,4.751999438583776,0.0,-2.9048341970528826,19,0.8303437810779029,3.38725453249104,0.49761081842637056
ND_donor_02_cell_049,demo,ND_donor_02,ND,beta,6.578561918295556,1.8518565648463963,0.5469932310003744,4.345269719114766,0.0,-4.622193791775969,7,0.7798212099899642,5.395089056402156,-1.4109219478113042
ND_donor_02_cell_050,demo,ND_donor_02,ND,beta,6.815345881367016,1.0479367985106467,1.0479367985106467,3.881202907826488,0.0,-5.259568559491728,23,5.158880777744858,8.003375269895644,-5.780656545995071
ND_donor_02_cell_051,demo,ND_donor_02,ND,beta,6.28339240692228,2.49264921717658,3.731968364322534,4.996878428492026,0.0,-1.5229742857703628,17,1.099192077985144,1.8192828845004414,1.4020805620490735
ND_donor_02_cell_052,demo,ND_donor_02,ND,beta,6.4386770983713175,3.8359336585567716,2.4965173047461904,4.783008130265266,0.0,-1.7251393211490118,6,0.23457277666515264,2.375722849840908,0.48736524389805497
ND_donor_02_cell_053,demo,ND_donor_02,ND,beta,6.454415508142651,2.105473690676769,2.4844027282885834,4.843689852757571,0.0,-2.9294611795434333,3,1.0197589837897416,3.44730456469933,0.5850537839826876
ND_donor_02_cell_054,demo,ND_donor_02,ND,beta,6.401237659208363,3.013175910013777,3.090071714882123,4.944762848039839,0.0,-1.815211232194843,0,1.069077036788908,2.476138053883623,1.0774226451900717
ND_donor_02_cell_055,demo,ND_donor_02,ND,beta,6.530137929980491,0.7189040299036167,1.3045992696843598,4.625813907095681,0.0,-4.791869567195571,16,1.1206988878024227,5.611090701167382,-1.3490887579830368
ND_donor_02_cell_056,demo,ND_donor_02,ND,beta,6.293165877998041,3.124152735711456,3.482601566893507,4.913927124568244,0.0,-1.2814425827366875,3,0.12389521282556881,1.883767562465056,0.6879838510131016
ND_donor_02_cell_057,demo,ND_donor_02,ND,beta,6.164590978313873,3.5211764752602464,4.216785863558478,5.0797286065761735,0.0,-0.2888581314497828,20,0.36927764320257594,0.6871682407456382,1.1823197257080762
ND_donor_02_cell_058,demo,ND_donor_02,ND,beta,6.1066606327615585,3.212474971927641,3.9718774682737044,5.350145042669497,0.0,-0.5557827310023198,10,2.5035817102447853,0.6424769362992144,2.4853550874291876
ND_donor_02_cell_059,demo,ND_donor_02,ND,beta,6.3378826055058735,2.0550860276663174,2.7304729073880893,4.964561352965046,0.0,-2.5871874008710702,6,2.4154539227231497,2.6194046211299282,1.8589300928288552
ND_donor_02_cell_060,demo,ND_donor_02,ND,beta,6.367180872969144,3.440636837856941,3.0464701453856415,4.783501632121088,0.0,-1.4940946927073928,6,0.26614127937889975,1.888719404728408,0.7480059397599863
ND_donor_02_cell_061,demo,ND_donor_02,ND,beta,6.667845801616418,1.613802849962637,0.49459655678848435,4.396212595482156,0.0,-4.980035995671642,16,1.27337033699225,6.209707310711588,-1.989409341433353
ND_donor_02_cell_062,demo,ND_donor_02,ND,beta,6.569359658372909,2.359609888173547,1.743585824027606,4.773704695352257,0.0,-3.462354156112891,16,1.3286151261531218,5.034838271081101,-1.7460399265135456
ND_donor_02_cell_063,demo,ND_donor_02,ND,beta,6.41384697898571,3.243584162986889,0.7287970643662457,4.934949587325209,0.0,-3.262332561658316,0,1.5216764882459985,3.7917194641376506,0.6783903435052355
ND_donor_02_cell_064,demo,ND_donor_02,ND,beta,6.344714813244285,2.6486553083607385,3.5479311692721867,4.6981664075014535,0.0,-1.652205921585939,0,0.34492127954661633,2.171418691595105,0.2957131655387721
ND_donor_02_cell_065,demo,ND_donor_02,ND,beta,6.359176164578072,2.64185995802958,2.283411126847529,4.960425004390394,0.0,-2.529017995676002,2,1.1802251308934775,3.300894187972608,-0.8020314500262538
ND_donor_02_cell_066,demo,ND_donor_02,ND,beta,6.425673099146591,2.7403389498230886,2.795031409937096,4.9373373959085525,0.0,-2.2410708780694195,0,0.8559812632229296,3.320209159488176,-0.25177483499299
ND_donor_02_cell_067,demo,ND_donor_02,ND,beta,6.357011540636987,3.850163408285295,3.7966294190736036,4.843665950496558,0.0,-0.6974404181551314,10,1.2164139694480527,1.4405217750983583,1.5890982466962496
ND_donor_02_cell_068,demo,ND_donor_02,ND,beta,6.313888036709555,3.417945799545471,3.0002713921962005,5.018697046813992,0.0,-1.4435194692065383,3,0.24039924875774155,1.8760689163579936,0.7280410049984832
ND_donor_02_cell_069,demo,ND_donor_02,ND,beta,6.344543223007463,3.768358852443151,3.948976273993941,4.7948377329194445,0.0,-0.6280729581594305,0,0.33056783331885065,1.3434252307715078,0.7637523511146792
ND_donor_02_cell_070,demo,ND_donor_02,ND,beta,6.081547456124336,4.113764974239389,4.170655440173648,4.740627397491323,0.0,0.23095886933861123,10,0.7862192369816174,-0.7676612161827322,1.3734050407670182
ND_donor_02_cell_071,demo,ND_donor_02,ND,beta,6.120383804284583,3.8977606987265268,4.586846263878771,4.7744672640333965,0.0,0.2931039008917573,21,0.5472174635907816,-0.06335984642066311,0.6418718770325038
ND_donor_02_cell_072,demo,ND_donor_02,ND,beta,6.498189843165157,2.0806106203077857,2.712905619171784,4.835293079300935,0.0,-2.872874593109697,19,0.90204814414186,4.114675744898177,-0.9242219332693119
ND_donor_02_cell_073,demo,ND_donor_02,ND,beta,5.3639258701891075,5.235922573143208,5.399587698602376,5.019666670463107,0.0,3.1136688546103475,18,2.3619870516486214,-4.583270053261079,1.1797312408174274
ND_donor_02_cell_074,demo,ND_donor_02,ND,beta,6.632017423243933,0.5097710748776547,2.039084299510619,4.596949417087377,0.0,-4.626651779385121,16,1.2130656629133618,5.8627708292852185,-1.4804114845698795
ND_donor_02_cell_075,demo,ND_donor_02,ND,beta,6.609230544688758,2.623011950424381,0.6361770531905686,4.673443948289751,0.0,-4.097892660350502,7,0.9365954640590326,5.3063887299339045,-0.8871732182630048
ND_donor_02_cell_076,demo,ND_donor_02,ND,beta,6.27717241027405,2.9509630894084746,3.108250079254467,5.029399916233335,0.0,-1.6196951023915998,3,1.1777133746149087,2.09061202846051,1.4183264919441538
ND_donor_02_cell_077,demo,ND_donor_02,ND,beta,6.60806836510586,0.0,1.732101935591605,4.716237893880141,0.0,-5.132494368184608,23,1.6272335787495393,6.3453227296065,-1.4596666537268013
ND_donor_02_cell_078,demo,ND_donor_02,ND,beta,6.484129698226409,1.3156314043205235,2.364550324937823,4.71598440975211,0.0,-3.5965586615585527,19,0.7216000418946615,4.299692341314499,-0.18406596422839014
ND_donor_02_cell_079,demo,ND_donor_02,ND,beta,6.4638684070917565,3.339168840653484,3.709536452950227,4.766041224999907,0.0,-1.2945788037292294,0,0.777563682105952,2.452915682676664,0.02323373067244061
ND_donor_02_cell_080,demo,ND_donor_02,ND,beta,6.34614571281581,3.8084689336976387,3.8547181084083357,4.649961587199078,0.0,-0.6669776267956574,17,1.1080350059583255,1.007778393796503,0.27894525024281086
ND_donor_02_cell_081,demo,ND_donor_02,ND,beta,6.432702762226109,3.5729745919968154,1.9274438941265644,5.000342578289483,0.0,-2.2724298045069693,6,0.5420553174523057,3.0065979570258947,0.22647343386811067
ND_donor_02_cell_082,demo,ND_donor_02,ND,beta,6.649148654440419,1.0383092287589533,0.5191546143794766,4.556005412639731,0.0,-5.317963897183294,23,1.802727797546642,6.828880524215197,-2.511743068270155
ND_donor_02_cell_083,demo,ND_donor_02,ND,beta,6.433423151959866,2.60998804105308,3.6893322055173257,4.693974092600791,0.0,-1.744815965907415,6,0.8741610161880553,2.402691814687226,-0.06636860429097304
ND_donor_02_cell_084,demo,ND_donor_02,ND,beta,6.578722000487187,1.2343332383215828,1.6532480085677093,4.750644092803428,0.0,-4.299077672637789,7,1.1926537555890357,5.465763389958115,-1.1651125954556125
ND_donor_02_cell_085,demo,ND_donor_02,ND,beta,6.362866013285925,1.9651512532658948,3.6693827404236905,4.848178357793531,0.0,-2.065118259231275,0,0.4853121687824169,2.5830399124529317,0.22336632591471006
ND_donor_02_cell_086,demo,ND_donor_02,ND,beta,6.463327959866328,2.620260892203225,2.8875281483690145,4.78086263686106,0.0,-2.328604236647475,2,1.8412733362457852,3.159350850837363,-1.0619591997893698
ND_donor_02_cell_087,demo,ND_donor_02,ND,beta,5.52118390174116,5.0341946409469855,5.3581917611600645,3.7747586554297783,0.0,2.6642392156206194,22,2.6354840685188448,-4.030101804440709,-1.915034302900401
ND_donor_02_cell_088,demo,ND_donor_02,ND,beta,6.680577162840062,0.4817752698934593,0.0,4.510591139657204,0.0,-6.097882021694284,23,2.8525827850202896,7.535780917083323,-2.4661394293174506
ND_donor_02_cell_089,demo,ND_donor_02,ND,beta,6.760396804940984,0.40484659837413944,0.0,4.125830740830847,0.0,-6.29476200781743,23,4.410999179486184,8.109451433587457,-4.523473010217342
ND_donor_02_cell_090,demo,ND_donor_02,ND,beta,6.377218101542111,2.99441196153553,2.0388295970201327,4.971027733472413,0.0,-2.48752579697341,2,0.4964490004103723,2.768651558399248,0.32185852233330714
ND_donor_02_cell_091,demo,ND_donor_02,ND,beta,6.431538593240044,2.107442311505057,2.7932894969827715,4.589177383289223,0.0,-2.6799380629043825,2,1.3003568505415606,3.605078751900663,-0.8709505576785914
ND_donor_02_cell_092,demo,ND_donor_02,ND,beta,6.1099426847147065,3.3778140504712524,2.4507890135215953,4.577973496769568,0.0,-1.4677860641446647,3,0.45864910376820944,1.267248050127733,1.0240983291817507
ND_donor_02_cell_093,demo,ND_donor_02,ND,beta,6.555966966849681,1.842719855586198,1.842719855586198,4.469145722918648,0.0,-3.7204821477265115,7,1.6443238795074953,4.544678734148188,-1.6262139472108605
ND_donor_02_cell_094,demo,ND_donor_02,ND,beta,6.190421841205914,2.737438760071202,4.1187877175593215,4.707693758991866,0.0,-0.9301630010435018,17,0.25417197984790096,0.82749328674386,1.1221233346470059
ND_donor_02_cell_095,demo,ND_donor_02,ND,beta,5.891108433468806,5.161068600718232,4.725379030359539,4.739907915396668,0.0,1.6546230153430495,5,1.7403930490673583,-1.3850862526112195,-0.1927841383352826
ND_donor_02_cell_096,demo,ND_donor_02,ND,beta,6.455253467693792,3.458193344203848,2.8083786062826315,4.8254318662064755,0.0,-1.8014927442247837,6,0.43499712817013325,2.529712872119726,0.627151684039296
ND_donor_02_cell_097,demo,ND_donor_02,ND,beta,6.225994129754777,2.9328785092653544,3.9157876836190675,4.836124704099821,0.0,-0.9987042090553113,10,0.2216518052745764,0.7342329680285052,1.2316610080521122
ND_donor_02_cell_098,demo,ND_donor_02,ND,beta,5.762999337120553,4.6892960099138445,5.291102580881448,5.101680410732592,0.0,1.9474389341416782,8,1.136049486122217,-2.386478632989982,1.6875888630372409
ND_donor_02_cell_099,demo,ND_donor_02,ND,beta,6.602873056284648,1.3129809379878323,1.1817212539497863,4.731194590837521,0.0,-4.6053247124801135,16,1.373652763114202,5.936824362359992,-1.3655643596381717
ND_donor_02_cell_100,demo,ND_donor_02,ND,beta,6.4879268603045075,2.855987078638253,3.31606994477117,4.8362920954330555,0.0,-1.9275313979225706,2,0.8843087124553168,3.1115375597376302,-0.5228934916806184
ND_donor_02_cell_101,demo,ND_donor_02,ND,beta,6.553442741688869,1.2612729356320913,2.7598133173424575,4.734021445638244,0.0,-3.494696576099171,16,0.7571248410771299,4.369147408408452,-0.6876265616906247
ND_donor_02_cell_102,demo,ND_donor_02,ND,beta,6.4415238085577355,2.206208136424493,2.1835290311204387,4.958243093691629,0.0,-3.039359774490352,19,0.6869128689730157,3.871339218283654,0.2810510549537813
ND_donor_02_cell_103,demo,ND_donor_02,ND,beta,6.6935621279932604,0.4594048083596741,0.4594048083596741,4.44821470683415,0.0,-5.829219503574558,23,2.3866051858712938,7.223370796498598,-2.508698555980854
ND_donor_02_cell_104,demo,ND_donor_02,ND,beta,6.662559765448391,0.4938030564902731,0.4938030564902731,4.4521784829449516,0.0,-5.7266888933268785,23,2.2399716549114457,7.056824372889387,-2.657002252420916
ND_donor_02_cell_105,demo,ND_donor_02,ND,beta,6.156238456532361,3.032349716763547,3.167189872658593,5.063780572693692,0.0,-1.3057027549401468,17,1.198351113235038,1.3375247912136157,1.6460219547331747
ND_donor_02_cell_106,demo,ND_donor_02,ND,beta,6.6740393347120675,1.096010090736915,1.4497668860393425,4.312969888688779,0.0,-4.7016598601165995,23,1.4287577229869894,6.082285706553016,-2.251028757057538
ND_donor_02_cell_107,demo,ND_donor_02,ND,beta,6.58858987250972,1.2492116858691973,1.8076156243361505,4.611908742608981,0.0,-4.203689249076251,7,0.9779590952583499,5.2835152229534135,-1.264937895426216
ND_donor_02_cell_108,demo,ND_donor_02,ND,beta,6.243193991991347,3.8856032898445876,2.6287858838838627,5.115718692847623,0.0,-1.248091626820805,3,0.6684039816941425,1.5266684111009357,1.2054498278207266
ND_donor_02_cell_109,demo,ND_donor_02,ND,beta,6.235994827015487,4.694947670297443,4.126358314999446,4.0637870950656,0.0,0.31296419092468236,21,2.544276538473091,0.10898725528024424,-0.8610430162859258
ND_donor_02_cell_110,demo,ND_donor_02,ND,beta,6.301119159123258,3.058809222743465,2.7880878975454015,4.882014656370647,0.0,-1.8046067384495932,6,0.2567853985947641,2.088709498164264,0.5172314358149422
ND_donor_02_cell_111,demo,ND_donor_02,ND,beta,5.959923231530394,3.7967808340754416,4.965353739983781,5.0188642526857565,0.0,0.7696242467127765,10,0.5883233567525972,-0.5999946881212412,0.718740709088327
ND_donor_02_cell_112,demo,ND_donor_02,ND,beta,6.203103733870004,4.416903051281912,4.008819462165782,4.9947236438176725,0.0,0.10645792664012632,17,0.27709533128819164,0.6379334125377873,1.053481605743033
ND_donor_02_cell_113,demo,ND_donor_02,ND,beta,6.115033430246271,4.5638590623359985,4.064586254517308,4.933877109114392,0.0,0.40288215883647877,21,0.7102707729243702,-0.41810121182522675,1.021752770553701
ND_donor_02_cell_114,demo,ND_donor_02,ND,beta,6.374987158448265,2.978026043331364,2.2994561638072475,4.688384977815873,0.0,-2.320171615900736,2,0.47670337208338687,2.8391232683381125,0.34794463127287295
ND_donor_02_cell_115,demo,ND_donor_02,ND,beta,5.803345843036742,4.780353335101897,4.888204636911836,4.400397716925707,0.0,1.666062932619002,8,1.6022240282326914,-2.3953254596269375,-0.08280035705189244
ND_donor_02_cell_116,demo,ND_donor_02,ND,beta,6.346323604488047,3.4425511197356067,2.5648428888704826,4.946403115200693,0.0,-1.7771288021700928,3,0.47984253142007915,2.2166662548551264,0.40947010194416855
ND_donor_02_cell_117,demo,ND_donor_02,ND,beta,6.394280641791966,2.7435568387114673,1.3320897789287929,4.681553317099683,0.0,-3.1605883295858215,2,0.8488875586070384,3.4578199662729094,-0.4279185721473978
ND_donor_02_cell_118,demo,ND_donor_02,ND,beta,6.640739914777188,0.4814072208538063,1.0922265147910148,4.789104704135773,0.0,-5.295078624179519,23,2.015348857934355,6.486173605211412,-1.147451090153595
ND_donor_02_cell_119,demo,ND_donor_02,ND,beta,6.654064148556375,1.5479083272853043,0.6468730003821321,4.431096880545376,0.0,-4.897594963007135,23,1.4566206702715645,6.348103607197665,-1.729557552292403
ND_donor_03_cell_000,demo,ND_donor_03,ND,beta,6.231196005777392,3.5999162320797296,2.4942987594358508,5.037760914452851,0.0,-1.50904004529538,20,1.3746924782908199,1.3928063662236234,1.689253937457476
ND_donor_03_cell_001,demo,ND_donor_03,ND,beta,6.271172666316363,4.163913795292531,4.111249602071473,4.969760629094574,0.0,-0.11935164248034469,17,0.17296176993025458,0.7797074492919625,0.9679521527742281
ND_donor_03_cell_002,demo,ND_donor_03,ND,beta,6.0523476495331145,4.075931612383826,3.365081040502376,5.028202661329875,0.0,-0.2804629840629218,20,0.47753501249885044,0.3321796789965058,1.128787987491251
ND_donor_03_cell_003,demo,ND_donor_03,ND,beta,6.3754583588759,3.103253097036502,2.8112889856249277,4.559254051455602,0.0,-1.894114962055669,2,0.4793510288488809,2.0807210875765896,0.08293284063706657
ND_donor_03_cell_004,demo,ND_donor_03,ND,beta,6.468890287054971,2.027612649243118,2.560673218481363,4.850429187428828,0.0,-2.9572630775482502,0,0.264655843676735,3.6376533912530946,0.17472510496831734
ND_donor_03_cell_005,demo,ND_donor_03,ND,beta,5.3833570384327025,5.561016302673152,5.260776035624183,4.982878271594015,0.0,3.2048701647364055,18,1.878808319196561,-4.316245551852917,0.8821564957801922
ND_donor_03_cell_006,demo,ND_donor_03,ND,beta,6.175061158456951,3.999188045094127,4.0560931776662725,5.114546658417452,0.0,-0.09283810573080847,20,0.17946432095075426,0.5253159848813359,1.1052191973858674
ND_donor_03_cell_007,demo,ND_donor_03,ND,beta,6.645841176891511,1.6962236388223666,2.0867969826356605,4.580263274576072,0.0,-3.819277457880003,7,0.6960368653791198,5.085788770576524,-0.8299994061193758
ND_donor_03_cell_008,demo,ND_donor_03,ND,beta,6.105001389697545,4.2917807032693975,4.458915653477445,5.031813690398817,0.0,0.5013228549267565,10,0.8063080869212502,-0.7172388251885738,1.9395661357548069
ND_donor_03_cell_009,demo,ND_donor_03,ND,beta,6.060042555288911,4.599014264618262,4.886770036700788,4.766568318385156,0.0,1.0765196121354959,12,0.7231153561981554,-0.5406496952669541,0.6857339363860261
ND_donor_03_cell_010,demo,ND_donor_03,ND,beta,6.533676452757414,2.3579512991502503,3.1790344896716407,4.815067660958795,0.0,-2.438351351433045,7,0.42113839400081154,3.7188756749289134,0.051289585575685415
ND_donor_03_cell_011,demo,ND_donor_03,ND,beta,6.56477178082349,2.6283200024744664,2.495533259480525,4.646026370816542,0.0,-2.76965717619728,7,2.438385642867943,4.346888210527374,-2.0458249657250414
ND_donor_03_cell_012,demo,ND_donor_03,ND,beta,6.393008105468121,1.4440559415446153,3.5587442861678715,5.134537018248679,0.0,-2.5454910777078634,6,1.3708916921197192,2.8797276251184183,1.0274702747283893
ND_donor_03_cell_013,demo,ND_donor_03,ND,beta,6.23363998155362,2.793233106445184,3.008089967120958,4.800621685042662,0.0,-1.7140651154786772,6,0.42743641593522863,1.9243375831927743,0.08289717992709861
ND_donor_03_cell_014,demo,ND_donor_03,ND,beta,6.045851858185353,4.400897415966584,3.5161255944666,4.805040642293158,0.0,0.05165502290147479,17,1.0086214006809708,-0.15543322176159305,0.3607276062134822
ND_donor_03_cell_015,demo,ND_donor_03,ND,beta,6.336583898180123,4.567096247342605,3.86507429312658,4.6327958218787675,0.0,-0.13079697799757473,6,1.3069853087602228,1.2372073756715882,-0.08833608968691149
ND_donor_03_cell_016,demo,ND_donor_03,ND,beta,6.3934429662650905,3.679652996651676,3.40993542582207,4.956394903665696,0.0,-1.1373587709369417,3,0.20050606073506927,1.9108160544749715,0.5418475199322942
ND_donor_03_cell_017,demo,ND_donor_03,ND,beta,6.604872894053367,1.3010254412585027,1.7673197148431172,4.726586030086117,0.0,-4.225259653586075,16,1.1724371915355487,5.656290282596171,-1.5188048789554
ND_donor_03_cell_018,demo,ND_donor_03,ND,beta,6.155395167781305,2.8642607236674884,2.021341985592753,5.049846063510491,0.0,-2.1841596873855535,6,1.1493727379364769,1.852436756884432,1.335336238527714
ND_donor_03_cell_019,demo,ND_donor_03,ND,beta,6.728710783502608,0.4470163382466888,0.8940326764933776,4.615295256842931,0.0,-5.610652066685565,23,2.926435731018084,7.393704815131276,-3.117781317627354
ND_donor_03_cell_020,demo,ND_donor_03,ND,beta,6.388637618912684,3.395176740189475,3.011696671267785,4.755347142482041,0.0,-1.587003145476539,3,0.23716731147482228,2.004233511363366,0.6474731398989816
ND_donor_03_cell_021,demo,ND_donor_03,ND,beta,6.460471300591988,3.3635478702004695,1.9913183304146707,4.719477842837196,0.0,-2.421443673479778,2,1.2404837641343391,3.468912897696576,-0.8385508648952854
ND_donor_03_cell_022,demo,ND_donor_03,ND,beta,6.589998748696976,1.6532480085677093,1.8643078456185722,4.5638097516990515,0.0,-3.8956965605512917,7,1.06107891325881,5.103491721466706,-1.5884927166775313
ND_donor_03_cell_023,demo,ND_donor_03,ND,beta,6.434502152498398,3.406612722505469,2.606486295013995,4.909920990439178,0.0,-1.9336729690888663,3,1.2495021800780535,2.342137577371217,1.3815607052261085
ND_donor_03_cell_024,demo,ND_donor_03,ND,beta,6.599345611557114,1.913126018901616,2.568386645682482,4.484544269847877,0.0,-3.266292018897489,2,0.8848930504791435,4.6945047600542615,-1.3346290985373856
ND_donor_03_cell_025,demo,ND_donor_03,ND,beta,6.571089104943868,2.1209757331812824,1.9100257167999348,4.8279821771065645,0.0,-3.5151663059224845,16,1.7672994359243388,5.036713133184278,-2.031136821353709
ND_donor_03_cell_026,demo,ND_donor_03,ND,beta,6.42164265756645,2.6849555401463094,2.080565917009332,4.9302791499366885,0.0,-2.749096763044743,0,0.4889826923094853,3.178444320946719,0.4965580228473925
ND_donor_03_cell_027,demo,ND_donor_03,ND,beta,6.290764750874322,3.2923100998633847,3.9507813212786234,4.59850340307587,0.0,-0.8504055533704691,10,0.3811285207379429,0.7464652024704383,1.3399725221429333
ND_donor_03_cell_028,demo,ND_donor_03,ND,beta,6.124222304464309,3.444942904301081,4.471654625891654,4.7180010658376865,0.0,-0.09647074245482154,20,2.1602031273611546,0.37741251975385076,-0.4288517287180591
ND_donor_03_cell_029,demo,ND_donor_03,ND,beta,6.134939009881835,3.460480316483128,4.190320139609194,4.782594420493655,0.0,-0.2936632521130319,21,0.4194477674713788,0.31483133655405526,1.072212900008653
ND_donor_03_cell_030,demo,ND_donor_03,ND,beta,6.386496185635822,2.7204003299036237,3.1685982238193544,4.865909342295434,0.0,-1.9334540827556044,3,0.8650889142964537,2.1645717207600614,1.1887664384464836
ND_donor_03_cell_031,demo,ND_donor_03,ND,beta,6.561591690663749,0.5365325048244517,1.0730650096489034,4.7830872103690885,0.0,-5.126949002239648,16,1.9707366700658921,5.9062507892118,-0.7184227026682842
ND_donor_03_cell_032,demo,ND_donor_03,ND,beta,6.382962666962074,2.805568657449048,2.251029968008184,5.024887274521311,0.0,-2.483420213025661,19,0.46281057286106275,3.284642421095382,0.40774669810772807
ND_donor_03_cell_033,demo,ND_donor_03,ND,beta,6.210460148484179,3.8947624286426317,3.8719013665401008,5.099342505502606,0.0,-0.35081683611608167,21,0.694609371956096,0.8047648790305986,1.420294604899093
ND_donor_03_cell_034,demo,ND_donor_03,ND,beta,6.388658507865117,2.182121059511066,2.5327831334549353,4.825408444569427,0.0,-2.7259458309463733,7,1.1183648441567593,3.727589383915716,-0.8745704054280836
ND_donor_03_cell_035,demo,ND_donor_03,ND,beta,6.331193550422749,2.2395652020002608,3.1065772762318025,5.004619434371207,0.0,-2.1989475106426086,3,0.2385369334718801,2.7370083109604666,0.4581282976971864
ND_donor_03_cell_036,demo,ND_donor_03,ND,beta,6.11186513116949,4.578702870733325,4.405899393068377,4.667064331595961,0.0,0.6469903130220095,20,0.8242275823703702,-0.6973322950819586,0.6558906316354126
ND_donor_03_cell_037,demo,ND_donor_03,ND,beta,6.239409376430479,3.736764318166636,2.9499373113869356,4.980317452457139,0.0,-1.126797620772112,6,0.19907383546983848,1.7120253420527254,0.630828853866116
ND_donor_03_cell_038,demo,ND_donor_03,ND,beta,6.318957099750331,3.940264465931011,3.0536008705411,4.949118016057199,0.0,-1.0646129305973449,19,0.5879377331945301,2.109711460300816,0.03141774336286236
ND_donor_03_cell_039,demo,ND_donor_03,ND,beta,6.276546212704231,2.5935553630674875,2.9794593262310456,4.634738554308752,0.0,-1.9458803419860946,6,0.4056443658027984,2.166991627350842,0.48865515541296123
ND_donor_03_cell_040,demo,ND_donor_03,ND,beta,6.272088993561848,3.3782137877650853,3.1402775831842797,5.11519450662997,0.0,-1.3007474965470665,21,2.207358327687806,1.421005431461136,2.089034048513251
ND_donor_03_cell_041,demo,ND_donor_03,ND,beta,6.439102960892133,2.884034429424621,1.6833395683542647,4.7473909960616565,0.0,-2.9122236543205,2,0.5268119664285251,3.5027273748168897,-0.057946737153112535
ND_donor_03_cell_042,demo,ND_donor_03,ND,beta,6.575030271101545,1.730589228203725,1.1975748298515438,4.739244549074337,0.0,-4.262367045517351,23,1.3034543987348899,5.641099510683194,-1.7325761014827106
ND_donor_03_cell_043,demo,ND_donor_03,ND,beta,6.29426908164563,4.339465852605797,3.653741149488554,4.739034747572809,0.0,-0.34891850847011513,10,1.114626599951638,1.3845943386739379,-0.11858913372641738
ND_donor_03_cell_044,demo,ND_donor_03,ND,beta,5.819907469873644,4.846762249609024,4.980876350512338,4.7626066223217185,0.0,1.7427897218171413,5,1.4053536783182619,-1.933809402222427,0.003996879423621666
ND_donor_03_cell_045,demo,ND_donor_03,ND,beta,6.416496453568863,2.6382951878080365,2.1247424537259354,4.852551076449021,0.0,-2.74168016247296,19,1.5307926988055014,3.194065984566537,0.9838564824617881
ND_donor_03_cell_046,demo,ND_donor_03,ND,beta,6.363553719421777,3.435364807676727,3.152527496643015,4.531302088858881,0.0,-1.4201120361496722,0,0.46421312340471044,1.9197790814417872,0.09191601841771238
ND_donor_03_cell_047,demo,ND_donor_03,ND,beta,6.49019121130978,2.3841532634738263,1.78811494760537,4.831349518609001,0.0,-3.2722141173635104,0,0.6515264930857869,4.35589612151313,-0.3393943716496388
ND_donor_03_cell_048,demo,ND_donor_03,ND,beta,6.4229678575625515,3.6027875544258032,3.659381440791287,4.64734541678387,0.0,-1.0759695052591625,3,0.1906862739635624,1.4829437223858206,0.9190755473239473
ND_donor_03_cell_049,demo,ND_donor_03,ND,beta,6.329426232849916,4.044510468935789,3.7510877041658723,4.812219289590858,0.0,-0.5466698261086654,10,0.6878781282744093,1.1738495227758752,1.4621591194673498
ND_donor_03_cell_050,demo,ND_donor_03,ND,beta,6.247635827002958,2.6782504546993526,3.9898980087458695,4.639959364273685,0.0,-1.160242150324373,6,1.252571242624894,1.3274243667129413,-0.14300653289992535
ND_donor_03_cell_051,demo,ND_donor_03,ND,beta,5.93668560531777,3.943439753271335,4.8770643554688125,4.855118097733073,0.0,0.8517225680753593,8,1.1694832994328106,-1.3766747615721946,2.0288832860218187
ND_donor_03_cell_052,demo,ND_donor_03,ND,beta,6.42607525849233,3.031860343196287,1.1595268130972927,4.82124104308649,0.0,-3.139245950554098,6,0.5359989066433535,3.3487623169425538,0.151237007950519
ND_donor_03_cell_053,demo,ND_donor_03,ND,beta,5.852011012638732,4.986498759272332,4.825418356655222,5.220183049604254,0.0,1.6747682399510464,8,0.531652871406596,-1.8230968603352713,1.4534014379717806
ND_donor_03_cell_054,demo,ND_donor_03,ND,beta,6.223681312244297,4.471415568899274,1.8480334209955593,4.677548691986906,0.0,-1.339695334763082,6,1.1442269650344778,1.3448261873238205,-0.08818955967188052
ND_donor_03_cell_055,demo,ND_donor_03,ND,beta,6.637897190412561,0.5078254787268144,1.1462268754665854,4.360425132481931,0.0,-5.23596360774428,23,1.229776370809156,6.23450263455151,-2.0231048324325536
ND_donor_03_cell_056,demo,ND_donor_03,ND,beta,5.873545963433282,4.088879324142065,4.180295496826769,4.74526668991713,0.0,0.598398421357693,5,0.8120982748095171,-1.3342158148719476,1.1773311599184986
ND_donor_03_cell_057,demo,ND_donor_03,ND,beta,6.589728897907041,2.4422397870607027,2.310288878799836,4.967019454257396,0.0,-3.0644717105402073,16,0.6676090956511072,4.834994880265951,-0.9317086594043473
ND_donor_03_cell_058,demo,ND_donor_03,ND,beta,6.425563386169571,1.2906029170700826,2.448190062206451,4.900009498453696,0.0,-3.4511210006768267,7,0.4109741923357415,3.7238385271328247,0.11112320494470947
ND_donor_03_cell_059,demo,ND_donor_03,ND,beta,6.385443040258191,2.251899375540235,2.7315313127585177,4.723829434954745,0.0,-2.5400604917272753,6,1.0892480452028623,3.1189103618382172,-0.3631331170165962
ND_donor_03_cell_060,demo,ND_donor_03,ND,beta,6.1573208554129835,3.812192403549203,3.455164570235939,5.008943524444741,0.0,-0.588813236590835,0,1.049591112814321,0.6921019615618732,1.604652970996119
ND_donor_03_cell_061,demo,ND_donor_03,ND,beta,5.683798326074599,4.775543824208337,5.359171149371503,5.2106110518326,0.0,2.1950211929317778,8,0.5640511717829497,-2.502671376654745,0.939757891454064
ND_donor_03_cell_062,demo,ND_donor_03,ND,beta,6.300584109786916,2.465568870812833,3.323628969080809,4.673732307651491,0.0,-1.8456494758838757,6,0.7209215749966527,2.0943910451852465,-0.09538989668091778
ND_donor_03_cell_063,demo,ND_donor_03,ND,beta,6.487664616486403,1.1505636431128936,3.3543051091028486,4.859285248920268,0.0,-3.0522147747118225,7,1.1449436885295237,3.9841958418942367,-1.0189884215765361
ND_donor_03_cell_064,demo,ND_donor_03,ND,beta,5.879188390603575,4.678347802662314,4.799047039694155,4.482244730988013,0.0,1.3998393902978126,12,2.1388729568597666,-1.7258470359199773,-0.4577564406061788
ND_donor_03_cell_065,demo,ND_donor_03,ND,beta,6.300774912328572,3.792987858578738,2.824002694081515,4.8606869135427155,0.0,-1.284565613564951,21,0.10702494735361778,1.449515482673325,0.7136178597190315
ND_donor_03_cell_066,demo,ND_donor_03,ND,beta,6.299381264537506,3.0178373235832,2.803802145879893,4.967908312809353,0.0,-1.8185833869901393,19,0.8996362958275625,2.3559808542487324,-0.20889201833537394
ND_donor_03_cell_067,demo,ND_donor_03,ND,beta,6.341490267286518,3.6384100517580586,3.1436901079238355,4.767174011791281,0.0,-1.2489462496502557,20,0.11391890730894261,1.6533156824205073,0.7858847127442596
ND_donor_03_cell_068,demo,ND_donor_03,ND,beta,6.38405440271772,3.7182438598034615,3.1781492464995713,4.841433999913849,0.0,-1.2493320518256665,2,1.5243433326157563,2.5085094698538524,-0.6813237642339285
ND_donor_03_cell_069,demo,ND_donor_03,ND,beta,6.529574783414016,2.6237969526107987,1.9347603917529745,4.857384291224666,0.0,-3.083938670292854,7,0.7521841614343918,4.160507128389857,-0.1006743487163241
ND_donor_03_cell_070,demo,ND_donor_03,ND,beta,6.225905050746184,3.865547468066604,3.3064359017008242,4.899532289937608,0.0,-0.7768767846343096,3,0.25873642772604644,1.0252397811150917,1.0807663808316479
ND_donor_03_cell_071,demo,ND_donor_03,ND,beta,5.782170133491732,4.964967124595463,4.770491072290412,5.2143130147605765,0.0,1.7503417319818264,12,1.1416077025928208,-2.2565007649995037,1.7525494756724485
ND_donor_03_cell_072,demo,ND_donor_03,ND,beta,6.36360486835501,2.4909865486185447,2.8368948104544365,5.1888515242974895,0.0,-2.2685843071864054,3,2.050053739732765,2.805168984302713,1.543040031120693
ND_donor_03_cell_073,demo,ND_donor_03,ND,beta,5.40076323375917,5.731443959488741,5.220451798511677,4.532447376968345,0.0,3.2612758889730746,13,1.4814511169979498,-4.3071126657782886,-0.6697950161736126
ND_donor_03_cell_074,demo,ND_donor_03,ND,beta,6.222590963790907,4.739159733846077,4.580768424320059,4.926890101640189,0.0,0.6711406211235853,12,0.9558923872362701,0.20411110538952879,0.42202934696011285
ND_donor_03_cell_075,demo,ND_donor_03,ND,beta,6.685148090165451,0.9624470002955651,1.4436705004433477,4.4430744807556675,0.0,-4.8160366162469295,23,1.4404062506072615,6.472648912752199,-2.4623750193856266
ND_donor_03_cell_076,demo,ND_donor_03,ND,beta,6.176363666592492,3.3920280968827314,4.4840170604112,5.115878399621217,0.0,-0.21860628027169693,21,1.2853841659932081,0.6665721543195524,1.7768508043971547
ND_donor_03_cell_077,demo,ND_donor_03,ND,beta,6.58010429702137,0.5337623181394102,2.266622217295712,4.517049434745824,0.0,-4.363954143941265,7,0.9434425472585231,5.380173016551157,-1.1071349545444167
ND_donor_03_cell_078,demo,ND_donor_03,ND,beta,6.383774762693704,2.0086350092588043,2.1428176696361456,5.055215324267513,0.0,-3.0950220676172697,19,1.9184216509579093,3.497903920017943,1.0610644782863385
ND_donor_03_cell_079,demo,ND_donor_03,ND,beta,6.34527861656067,3.1670643252764137,1.2521373994817535,4.990686339291658,0.0,-2.8393137665337678,19,0.7872074278076289,3.4535985999533967,0.48330259795147373
ND_donor_03_cell_080,demo,ND_donor_03,ND,beta,6.112219875287436,4.090152913413367,4.744742423131886,4.907455618154509,0.0,0.5433809921027004,20,1.2320463551868235,-0.014459381029735737,0.24070878030078527
ND_donor_03_cell_081,demo,ND_donor_03,ND,beta,6.291216873513159,3.59430779091306,2.6871840123278448,5.324062733102151,0.0,-1.492797191535081,0,0.5682744171025913,2.410431588579283,0.7002784298176835
ND_donor_03_cell_082,demo,ND_donor_03,ND,beta,6.222138265802595,2.2543482024224035,3.8719609817827694,4.815708969655872,0.0,-1.478861090498536,3,0.5758478667976039,1.3123422371172508,1.1216185915888208
ND_donor_03_cell_083,demo,ND_donor_03,ND,beta,5.877868366362546,4.972262612063544,5.128703008728602,4.983828793619961,0.0,1.8210958857219224,12,0.8207047100441569,-1.914780767632506,0.5420452622905678
ND_donor_03_cell_084,demo,ND_donor_03,ND,beta,5.947709360285541,4.565801042884918,4.817105284678467,5.003124976226525,0.0,1.2115281143059813,8,0.6413714108202138,-1.3851504808520672,1.4884564627028551
ND_donor_03_cell_085,demo,ND_donor_03,ND,beta,6.415419297337986,2.60717278950692,3.493524276566105,4.57844328222029,0.0,-1.845011255601534,6,0.8198740839675329,2.313219080708195,-0.15779687952912808
ND_donor_03_cell_086,demo,ND_donor_03,ND,beta,6.441040399601464,1.9368421966794476,3.408683015185533,4.425127054296406,0.0,-2.400611464500312,19,1.4160606711687995,3.0728874366910466,-0.8203138917971995
ND_donor_03_cell_087,demo,ND_donor_03,ND,beta,6.527416563015296,1.324843928766498,2.382735265881852,4.560140299933479,0.0,-3.6567964219621745,16,1.0558373121583333,4.806205986351346,-1.5682667600118756
ND_donor_03_cell_088,demo,ND_donor_03,ND,beta,6.501283965782941,2.5744282448205724,2.7077660367003378,4.865095041070936,0.0,-2.54872791892361,2,0.7313225589191124,3.6782212273515973,-0.2841904556785897
ND_donor_03_cell_089,demo,ND_donor_03,ND,beta,6.533573103525773,2.303660852125416,0.8445677559501835,4.814398982735869,0.0,-4.03655008521527,16,1.0814495167322429,5.252728111562894,-0.758457043825864
ND_donor_03_cell_090,demo,ND_donor_03,ND,beta,5.366069703219305,5.146977208415878,5.672792794834443,4.770154574828858,0.0,3.2325326986948717,18,1.4344081262670576,-4.359164721425504,0.351632875800339
ND_donor_03_cell_091,demo,ND_donor_03,ND,beta,6.30888721626774,2.489120772153027,2.842186911632411,4.859634683515774,0.0,-2.16692208266542,0,0.7724968062621134,2.4684917770992683,0.8067578569391027
ND_donor_03_cell_092,demo,ND_donor_03,ND,beta,6.2478830579852405,3.8016656086215916,3.265850311011614,4.729576463225064,0.0,-0.8870504034909878,6,0.3340559784045025,1.114496708372153,0.5796211203784373
ND_donor_03_cell_093,demo,ND_donor_03,ND,beta,6.088360508408327,4.196011697664301,3.6712877064523513,3.9815176464148028,0.0,-0.05999518994560618,10,2.64965590961969,-0.10643898916349621,-0.9675846756594478
ND_donor_03_cell_094,demo,ND_donor_03,ND,beta,6.562204283652368,3.340981886750894,1.1231901645865414,4.8829883615855385,0.0,-3.202218424759021,2,0.7024524527556872,4.655353435469919,-0.8509427780428049
ND_donor_03_cell_095,demo,ND_donor_03,ND,beta,6.221089216730158,3.715863280889505,3.8522993782424124,4.796150040573365,0.0,-0.503948207918776,17,0.3388742897392527,0.6001237841873605,1.1535466210831182
ND_donor_03_cell_096,demo,ND_donor_03,ND,beta,6.749854031531814,0.0,0.4148592213404384,4.162256821949465,0.0,-6.271244999704317,23,4.082833619908661,7.957442224085253,-4.1795244263079745
ND_donor_03_cell_097,demo,ND_donor_03,ND,beta,6.098777102841259,3.546790609525427,3.9747452199272324,5.000321337367061,0.0,-0.31396542331303107,21,0.8290269754002093,-0.05205339543418356,1.7095746191346954
ND_donor_03_cell_098,demo,ND_donor_03,ND,beta,6.391966858014532,4.070145208812057,2.0422943648029657,4.647303350141353,0.0,-1.7861414291557527,6,1.0177790108817666,2.4242511611529913,-0.13758587454589685
ND_donor_03_cell_099,demo,ND_donor_03,ND,beta,6.06781945145994,4.40465366422544,3.905413487845608,4.913014976950731,0.0,0.27472385473098104,17,0.47515286614351737,-0.4038578237121185,1.3435313924448815
ND_donor_03_cell_100,demo,ND_donor_03,ND,beta,6.675490811993977,1.116372674099019,1.9728414792194964,4.533308122176283,0.0,-4.3406204831129385,23,1.8598515454119449,6.328247962426621,-2.665956874258159
ND_donor_03_cell_101,demo,ND_donor_03,ND,beta,6.502976335452532,0.7124736742266706,1.1588790891866259,4.41152392874155,0.0,-4.844362833971638,16,1.0914687831253476,5.163311809985145,-1.6842769023575432
ND_donor_03_cell_102,demo,ND_donor_03,ND,beta,6.443653661245643,2.8661883405965467,2.9434138195195167,5.082503856840213,0.0,-2.0895432583704023,19,0.47509418158164696,3.5314451007217618,0.13166905400575524
ND_donor_03_cell_103,demo,ND_donor_03,ND,beta,6.35731084138919,3.8086929048477187,3.7061997700162834,4.843214889205197,0.0,-0.7864636167726017,3,0.37805843858368515,1.417353881507162,0.9992820802294466
ND_donor_03_cell_104,demo,ND_donor_03,ND,beta,5.895234492241867,4.840336385140928,4.578916052848099,5.255730529081422,0.0,1.3327307179626573,11,0.7536589689895923,-1.4039274779706363,1.0614054223144072
ND_donor_03_cell_105,demo,ND_donor_03,ND,beta,5.596428589706943,4.720263995624185,5.452323894546299,4.697759895835438,0.0,2.378724991376365,11,0.4928042810021882,-3.0770458148034043,0.3419605417931609
ND_donor_03_cell_106,demo,ND_donor_03,ND,beta,6.387618527210289,3.7340708626680863,1.515458640894638,4.327563446491438,0.0,-2.357462933385459,19,1.136524754422128,2.6309588919747187,-0.3629875684012997
ND_donor_03_cell_107,demo,ND_donor_03,ND,beta,6.615796157568711,1.8716857327625285,1.7971584296249339,4.5827628866157095,0.0,-3.840082425588022,16,1.3932821111722333,5.363764013188532,-1.8161913572320625
ND_donor_03_cell_108,demo,ND_donor_03,ND,beta,6.708137957261853,0.4530924700545066,0.0,4.432266761454381,0.0,-6.167293018605807,23,3.273433289758171,7.682481927586739,-3.2459435232479588
ND_donor_03_cell_109,demo,ND_donor_03,ND,beta,6.483837908791244,1.8842418661043538,2.6803254494049162,4.806531600768033,0.0,-3.0011043422102177,16,0.5648508489008615,3.8786262675397176,0.002190560401519403
ND_donor_03_cell_110,demo,ND_donor_03,ND,beta,6.487017286260811,2.324278195822653,3.15434380269912,4.925385329406058,0.0,-2.392845830508258,7,1.0444439920357178,3.821350379106011,-0.9064425895126267
ND_donor_03_cell_111,demo,ND_donor_03,ND,beta,6.318420619464491,3.739106495204407,4.323182259561094,4.72287195696115,0.0,-0.35002287457378867,17,0.3606338749008282,0.9829333222384237,0.999787625344865
ND_donor_03_cell_112,demo,ND_donor_03,ND,beta,6.439313434807454,2.2029511035237093,3.350157716386408,4.607116261025976,0.0,-2.257070502625096,6,1.6000825950790647,2.944901880442592,-0.847329198452106
ND_donor_03_cell_113,demo,ND_donor_03,ND,beta,6.133186366093842,3.0617259734068876,3.6265375434995364,4.820222708181931,0.0,-0.9367100439170308,21,1.5477257107165903,0.8492723091235934,-0.12526385871952325
ND_donor_03_cell_114,demo,ND_donor_03,ND,beta,6.141794826722543,4.158901815264671,4.344374916636381,4.9482877100037195,0.0,0.2682089819460619,17,0.5161783980851142,0.028105436176119783,0.5789337606868852
ND_donor_03_cell_115,demo,ND_donor_03,ND,beta,6.442947655629713,3.610549343954162,2.1495283293090055,4.7507841770898995,0.0,-2.1171093301239376,3,0.5774637666484104,2.7462769282275596,0.23155272865679416
ND_donor_03_cell_116,demo,ND_donor_03,ND,beta,6.154068222348056,2.5026875669030395,4.518083002014848,5.148567467689968,0.0,-0.7554070536302679,3,0.8747765279789421,1.00568794555454,1.4889714348058583
ND_donor_03_cell_117,demo,ND_donor_03,ND,beta,6.685149972140141,1.09147469832724,0.6104347168917885,4.361739883227378,0.0,-5.286411417185906,23,1.687667031443917,6.625779105121797,-2.375046158166409
ND_donor_03_cell_118,demo,ND_donor_03,ND,beta,6.233767737053644,3.0853985656967664,4.251041957733398,4.945035743561591,0.0,-0.6856252164542488,3,0.48504695005403864,1.1903441059953945,1.0717699364974091
ND_donor_03_cell_119,demo,ND_donor_03,ND,beta,6.499283592527109,2.6354742089507255,2.8481716295587205,4.8070644079958305,0.0,-2.4099727479013815,16,1.2820608763492265,3.5714840921125846,-0.857083168698892
ND_donor_04_cell_000,demo,ND_donor_04,ND,beta,6.019122007665465,4.2009177627781185,4.711553609787549,4.968446762836372,0.0,0.7650053082240557,5,1.2903083837729579,-0.9133051850776388,1.9198520597294244
ND_donor_04_cell_001,demo,ND_donor_04,ND,beta,6.073431055153752,4.450326925153908,4.5784865458858395,5.252727171161778,0.0,0.745634550415408,10,0.7497625102740457,-0.4323722409298068,0.7448974479583628
ND_donor_04_cell_002,demo,ND_donor_04,ND,beta,6.710039506235399,0.0,0.4371854033501076,4.236706186862864,0.0,-6.183995825067543,23,3.1535024556305578,7.620171747170757,-2.819219841360451
ND_donor_04_cell_003,demo,ND_donor_04,ND,beta,6.302313935892588,3.491199621349632,0.8719052713086828,4.829538700357802,0.0,-2.796942739270766,3,1.3423486358256715,2.601222112693034,1.2151452753389804
ND_donor_04_cell_004,demo,ND_donor_04,ND,beta,5.955483667668716,4.3686963231816085,4.52651177217207,4.9759589649046445,0.0,0.8700046191592934,5,0.5445532647268907,-1.3825559562046843,1.5696177488966805
ND_donor_04_cell_005,demo,ND_donor_04,ND,beta,6.3012797462263315,3.8501161085881344,3.6908555907185843,4.689782175966287,0.0,-0.6670121353465345,20,0.4214990107872367,0.9025190720903343,0.573030567339692
ND_donor_04_cell_006,demo,ND_donor_04,ND,beta,6.192323658921118,3.7974018703006855,3.9670575196509184,4.868217261059426,0.0,-0.31991150194092377,20,0.4608809085574128,0.27754591370059517,1.1520608118119633
ND_donor_04_cell_007,demo,ND_donor_04,ND,beta,6.610808550632036,1.2026759053799587,1.738195966656367,4.626505233903687,0.0,-4.321885609606463,7,1.3436539666458245,5.491250062831848,-1.7877728549986414
ND_donor_04_cell_008,demo,ND_donor_04,ND,beta,6.315900999139171,3.7846525730796117,3.604116547977713,4.738056333679284,0.0,-0.7957678852599153,6,0.6439894243461568,1.361609349616697,0.19208027095755345
ND_donor_04_cell_009,demo,ND_donor_04,ND,beta,6.641794873354374,1.6126525808893846,1.954799418750358,4.548346879140864,0.0,-3.9566242825563096,23,1.5443702679479578,5.57850711627074,-2.0622149697040157
ND_donor_04_cell_010,demo,ND_donor_04,ND,beta,6.534061374462821,3.14223890455409,3.1450337537940842,4.625222831468103,0.0,-1.9325967766927055,2,1.2703247679948806,3.4623724209390536,-0.8420892305321181
ND_donor_04_cell_011,demo,ND_donor_04,ND,beta,5.861346276524391,5.15487856854026,4.87159080544985,4.673893702690656,0.0,1.802317095421325,12,1.4170009102637886,-1.859457225636957,-0.012125153173424604
ND_donor_04_cell_012,demo,ND_donor_04,ND,beta,6.450910685415368,2.72330222964252,3.069513513255413,4.496640767656723,0.0,-2.114776126159686,19,1.1161725253168653,2.6004113221002574,-0.19503136528960932
ND_donor_04_cell_013,demo,ND_donor_04,ND,beta,6.310235163250072,2.437460224842571,2.8489100759383033,4.678891049362342,0.0,-2.199730592349845,6,0.640109519174068,2.2814852545375506,0.0658132463769961
ND_donor_04_cell_014,demo,ND_donor_04,ND,beta,6.517335469341172,3.3791525820009127,1.7072056470649108,4.740132173651988,0.0,-2.704264560273079,19,0.4743597757357474,3.797572524694693,0.09862527365447861
ND_donor_04_cell_015,demo,ND_donor_04,ND,beta,6.340422945474283,2.0174994137188955,2.1517475242079875,4.729992003155282,0.0,-3.0043291356532595,19,0.5545046798319655,3.1129105779590116,0.1358664545759925
ND_donor_04_cell_016,demo,ND_donor_04,ND,beta,6.515588503038463,1.8606788663276184,3.281161835309156,4.577578343428321,0.0,-2.6727120474694326,2,0.7548303585565863,3.829170853566129,-0.4625663996007165
ND_donor_04_cell_017,demo,ND_donor_04,ND,beta,6.42592518668881,3.062012424573674,1.77548876151278,4.512570117316415,0.0,-2.706550811252077,19,1.0292653810895551,3.1338425625411306,-0.4012122738069204
ND_donor_04_cell_018,demo,ND_donor_04,ND,beta,6.153643767748025,3.6907537577845604,3.420032432586497,4.638926126697675,0.0,-0.6875791158741168,17,0.5183655614263971,0.6049545224151827,0.7401164243490214
ND_donor_04_cell_019,demo,ND_donor_04,ND,beta,5.7711914011800864,4.90482712453889,5.2239373714285815,4.862980044797058,0.0,2.033056910755297,11,0.3280322730794305,-2.4639829227363053,0.716802048529585
ND_donor_04_cell_020,demo,ND_donor_04,ND,beta,6.314168516671247,2.755957330598615,3.2968610811117776,4.900946348847241,0.0,-1.6922894031028606,3,0.9349277490661576,2.089152363582463,1.3022186107005729
ND_donor_04_cell_021,demo,ND_donor_04,ND,beta,6.00954595748562,4.817363454069014,4.571550291433782,4.94363596285996,0.0,1.1046841677305088,5,0.8287096701644421,-0.7269145790144921,0.6082882505961286
ND_donor_04_cell_022,demo,ND_donor_04,ND,beta,6.416782301609976,3.5521988992125735,2.8305642759095675,4.9500358180900745,0.0,-1.6533469494829451,19,0.6047557032448712,2.635924801506139,0.2459445967320186
ND_donor_04_cell_023,demo,ND_donor_04,ND,beta,6.492869671348335,2.1377027138379643,2.7348087200928752,4.571099070375115,0.0,-2.8100356758636966,7,0.7400945291923806,3.9511605029759878,-0.8159287241617001
ND_donor_04_cell_024,demo,ND_donor_04,ND,beta,6.415819236363008,2.6676699441956604,3.016062370879661,4.859614705914869,0.0,-2.1243381399499146,2,0.8725000128279827,3.2393557805143716,-0.512138403778252
ND_donor_04_cell_025,demo,ND_donor_04,ND,beta,6.291611310388239,3.052302452775892,3.8917578491799,4.434168762159433,0.0,-1.0533754936054036,3,1.3032982021839192,1.5143369491635477,-0.27896249710964993
ND_donor_04_cell_026,demo,ND_donor_04,ND,beta,6.146892243522444,4.073913742766602,3.06533416492164,4.8053560928646775,0.0,-0.654070947732065,10,0.48115377576561347,0.5730038055251154,1.339938209535531
ND_donor_04_cell_027,demo,ND_donor_04,ND,beta,6.334935700513524,3.113685777367617,3.9427092971411897,4.667866435376188,0.0,-1.0565582941818497,3,0.40382746416455806,1.2219958042028032,1.0623676578416683
ND_donor_04_cell_028,demo,ND_donor_04,ND,beta,5.937603965405536,4.634962201741609,4.38780388721711,4.853766331669717,0.0,0.9893468564804211,5,0.8621424706711256,-1.6644318345607243,1.8667077554407796
ND_donor_04_cell_029,demo,ND_donor_04,ND,beta,6.481909450856735,3.8810514376147176,2.608532123097321,4.617575704044589,0.0,-1.6982788990497846,6,1.6339516285596138,2.8478261748211753,-0.7924525246107973
ND_donor_04_cell_030,demo,ND_donor_04,ND,beta,6.412968125418656,2.4494900191966953,2.582514969323703,5.034304204320795,0.0,-2.556419684637227,2,0.6243347349243571,3.170020391880666,0.12435871719524594
ND_donor_04_cell_031,demo,ND_donor_04,ND,beta,6.35184845683912,3.738289863742273,2.0869653995097486,4.427223063453126,0.0,-1.9073119398876597,2,0.6730109878218427,2.096090889156182,-0.009524182258603991
ND_donor_04_cell_032,demo,ND_donor_04,ND,beta,6.669415142690444,1.0373919284475757,1.7655854518423055,4.644782120019446,0.0,-4.521531923063976,23,1.3994817681071412,6.330398494611315,-1.7105638338404008
ND_donor_04_cell_033,demo,ND_donor_04,ND,beta,6.386502346477728,0.7523181786692108,2.87749724535133,4.831866893702348,0.0,-3.456179860141664,19,0.816689107994848,4.002665261281602,-0.5525306784622137
ND_donor_04_cell_034,demo,ND_donor_04,ND,beta,6.215912681135329,4.454092733800573,4.650971376597814,4.7197205075966995,0.0,0.5378859674188537,21,1.5299302619671558,0.4799478387114082,0.088717293316321
ND_donor_04_cell_035,demo,ND_donor_04,ND,beta,6.6522669115068025,2.222141180122024,0.5033702172695579,4.6015959869540195,0.0,-4.535393444098634,23,1.2721548503574809,6.0254515171561325,-1.6818397354302108
ND_donor_04_cell_036,demo,ND_donor_04,ND,beta,6.1507748342018145,4.322735901796697,3.896055803904813,4.458232006269003,0.0,0.06252191496221454,17,0.584282347808391,0.031288513188608924,0.5160564538698339
ND_donor_04_cell_037,demo,ND_donor_04,ND,beta,6.413692096976476,2.1060426718698273,2.6568982971717934,5.134981990335507,0.0,-2.7397142871792903,19,0.748220549792852,3.7622897755044176,0.41290605984218004
ND_donor_04_cell_038,demo,ND_donor_04,ND,beta,5.820989348841655,5.080693365336469,4.212779667463638,5.073018836812785,0.0,1.3848151704273362,8,0.6567928110466621,-1.7190613917338247,0.9541453011877412
ND_donor_04_cell_039,demo,ND_donor_04,ND,beta,6.69038077111239,0.9484240124095467,1.6853729532520567,4.481507014023406,0.0,-4.673304020861151,23,1.408235438172789,6.265148977353657,-2.2578346508731046
ND_donor_04_cell_040,demo,ND_donor_04,ND,beta,6.066392593920309,4.587616423300745,4.035097456274236,4.9107794317929025,0.0,0.48752830991524027,21,0.4817544474673392,-0.6009958658250006,1.0153306232920452
ND_donor_04_cell_041,demo,ND_donor_04,ND,beta,6.341213428678044,3.4530974135646786,1.9105246175533943,5.124200679263644,0.0,-2.198469006053521,0,1.6182706708717083,2.971309758265274,1.1182271168683864
ND_donor_04_cell_042,demo,ND_donor_04,ND,beta,6.469406798795975,3.231521692897099,1.8584762443687275,4.771513296825889,0.0,-2.6156288554553453,6,0.7569734323945436,3.502006626280349,0.5038882146762191
ND_donor_04_cell_043,demo,ND_donor_04,ND,beta,6.718859647165975,1.7053781225439764,1.499695645457277,4.351142108372124,0.0,-4.338489685341703,23,2.761219986689464,6.526046643099624,-3.3894197629138425
ND_donor_04_cell_044,demo,ND_donor_04,ND,beta,6.002375875172559,3.828102077234566,4.925422899250806,4.893226712776662,0.0,0.6869402057865271,17,1.8717129445037157,-0.31981463087863493,-0.3337407108122598
ND_donor_04_cell_045,demo,ND_donor_04,ND,beta,6.343006382807874,4.002462743365086,3.0314341762677905,4.8827921493067725,0.0,-1.0811533880876243,6,0.5351256424641653,1.9925527067136977,0.06313379635436059
ND_donor_04_cell_046,demo,ND_donor_04,ND,beta,6.717932358819482,1.045474035860477,1.3758068165121515,4.373046828211218,0.0,-4.864958903102592,23,2.2223334060194633,6.765109341377836,-2.901843419441128
ND_donor_04_cell_047,demo,ND_donor_04,ND,beta,6.6158838761475085,1.3322266663929196,1.8667401318525243,4.5990845693579585,0.0,-4.15769313485612,16,1.5938704607144834,5.673158888745692,-2.0330899520133516
ND_donor_04_cell_048,demo,ND_donor_04,ND,beta,6.526468630397202,1.9321495432780929,2.1434171601756313,4.65337872898868,0.0,-3.4053970479637767,19,0.41816046595358447,3.9710302380954854,-0.3580618702954847
ND_donor_04_cell_049,demo,ND_donor_04,ND,beta,6.471478416024091,2.798707836979699,1.8733160580259756,5.015403331770913,0.0,-2.9015058988456706,2,0.87339570853322,3.8791334436056037,0.4097455792560945
ND_donor_04_cell_050,demo,ND_donor_04,ND,beta,5.872334695958221,4.871179672587758,4.419495060158028,4.092804673899141,0.0,1.2884816449908192,11,2.3420645592639273,-1.857735096000796,-0.8532852326540205
ND_donor_04_cell_051,demo,ND_donor_04,ND,beta,6.280944825829979,3.9609359770353456,3.4874439658808485,4.991459385409911,0.0,-0.6913848978311282,21,0.7404420945595023,1.2303902390681807,1.2620494707266583
ND_donor_04_cell_052,demo,ND_donor_04,ND,beta,6.369420419767215,2.5740416103350015,3.7445458941329974,4.731499170521938,0.0,-1.6158883083710451,3,0.6576816753409318,2.026784857904829,1.0682528766874204
ND_donor_04_cell_053,demo,ND_donor_04,ND,beta,6.5737424831277735,2.759560434481451,1.9990278075192403,4.723651289192733,0.0,-3.029556566038116,16,1.294072822355064,4.435903404096067,-1.3233226423040856
ND_donor_04_cell_054,demo,ND_donor_04,ND,beta,6.343447002077221,3.937275378634415,2.3486744849431114,4.815671604074258,0.0,-1.5827039458549896,3,0.9930312882666126,1.8191227987097416,1.2628642376243366
ND_donor_04_cell_055,demo,ND_donor_04,ND,beta,6.675394214063042,1.126184411958493,1.9920444903873538,4.345451582765694,0.0,-4.320977763550097,23,1.3337632933646475,6.0415322549736254,-2.184252759383604
ND_donor_04_cell_056,demo,ND_donor_04,ND,beta,6.547988822244335,1.7989690275484755,1.6666560562993904,4.649378636456109,0.0,-3.8532992025102204,7,0.5829022126425318,5.004855955891513,-0.8053987653604447
ND_donor_04_cell_057,demo,ND_donor_04,ND,beta,6.383588406380738,2.3218662961505956,2.3683240427403733,4.322394259867706,0.0,-2.7324666313645647,19,1.5867630592781508,2.921278528391733,-0.8858334911184046
ND_donor_04_cell_058,demo,ND_donor_04,ND,beta,6.478488957615364,2.6722875508252466,1.8782553298598477,5.16071222068796,0.0,-2.996236827669553,2,1.1072015664302466,4.1858233165506045,0.26132795554754396
ND_donor_04_cell_059,demo,ND_donor_04,ND,beta,6.561022515285563,1.8871551969740252,1.0823252254815414,4.851160812609917,0.0,-4.2083839743794,2,2.1620799001531728,5.2589800670989515,-0.004042811167923817
ND_donor_04_cell_060,demo,ND_donor_04,ND,beta,6.399344244702212,2.3267769435083068,2.923526351642446,4.808868532957763,0.0,-2.3863403566115906,6,0.48308276644901316,3.1061787536346004,0.3254710708833519
ND_donor_04_cell_061,demo,ND_donor_04,ND,beta,6.208683555967259,3.7836419875827842,2.934642008180532,4.975105770196777,0.0,-1.049593648642253,21,0.2977055868335423,1.090887559971968,0.8932568034955402
ND_donor_04_cell_062,demo,ND_donor_04,ND,beta,6.175652722731579,3.2591634331835615,3.3034114326715454,5.310419575193772,0.0,-1.0967887378280152,3,1.2427312370998758,1.4164409008150047,1.6163153668693218
ND_donor_04_cell_063,demo,ND_donor_04,ND,beta,6.4858269103554225,3.1094244368828563,2.716860567273325,4.955478606193548,0.0,-2.1535797874354166,2,1.016101506549525,3.4955118618166137,-0.6528342688442805
ND_donor_04_cell_064,demo,ND_donor_04,ND,beta,6.417817688856322,1.8165235771890444,2.217702645973926,4.759049069863933,0.0,-3.236382205372126,7,0.5778676394092024,3.801763637257226,0.24939875068165104
ND_donor_04_cell_065,demo,ND_donor_04,ND,beta,5.452030688288474,5.425224254296518,5.163655393459112,5.063509045971158,0.0,2.923542307332165,11,1.685720026768256,-3.8869416865986546,1.0996547280523457
ND_donor_04_cell_066,demo,ND_donor_04,ND,beta,6.23004456009223,3.866323118135459,3.6985745849012615,5.1514569229855285,0.0,-0.5215317471975005,21,0.5901160799782188,1.0356388575975308,1.2914610842145364
ND_donor_04_cell_067,demo,ND_donor_04,ND,beta,6.362150616847568,3.8538584525840798,2.9975281288606523,4.818622287834219,0.0,-1.23887825624294,3,0.0154565611984534,1.825465756410215,0.8436232999550685
ND_donor_04_cell_068,demo,ND_donor_04,ND,beta,6.2163686507555145,3.4601840044388354,3.8087911897493805,4.864019184414804,0.0,-0.6970016523393421,20,0.2972640829739408,0.7885938062088679,0.751392405432729
ND_donor_04_cell_069,demo,ND_donor_04,ND,beta,6.122948375863467,4.096696801028278,4.391188437915553,4.79595952496781,0.0,0.2917839473708804,10,0.6440540264871224,-0.41894465359616834,1.5360476819721802
ND_donor_04_cell_070,demo,ND_donor_04,ND,beta,6.178916511430924,2.8905620903188534,3.7976887923738993,4.8628668230875345,0.0,-1.0207606878317055,20,1.4648150566328297,0.8293944863587921,1.830991516152716
ND_donor_04_cell_071,demo,ND_donor_04,ND,beta,6.30754538914178,3.911223872794775,3.235013967991121,4.561827473236751,0.0,-0.9421166464850739,3,0.8272913106741742,1.7354861715675238,-0.16566198289938244
ND_donor_04_cell_072,demo,ND_donor_04,ND,beta,6.479959714294303,1.3432310065995696,2.1611255992213407,4.825656908268317,0.0,-3.7064527939312346,16,1.093067310544078,4.291619768091064,-0.997112378414563
ND_donor_04_cell_073,demo,ND_donor_04,ND,beta,6.367563159281306,3.725624054947777,2.9836050279926707,4.7312127463806215,0.0,-1.3445497923890173,6,0.25373255524559113,1.7684876207652058,0.5150141047841252
ND_donor_04_cell_074,demo,ND_donor_04,ND,beta,6.0614268744138355,4.85663549744365,4.45178496599209,4.586707675355769,0.0,0.9568317606329616,20,2.319287455437755,-0.9402398387233962,-0.35949403011031855
ND_donor_04_cell_075,demo,ND_donor_04,ND,beta,6.625594973907544,1.0195421497553094,1.5293132246329644,4.867974133412706,0.0,-4.6120535421036735,16,1.5692719448439432,5.854835297822283,-1.1554749069056145
ND_donor_04_cell_076,demo,ND_donor_04,ND,beta,6.242964673007738,3.3234913790197105,3.243774284200785,4.859012493485132,0.0,-1.2155355364885378,21,0.024767636388296488,1.6449652383897198,0.7573379283474242
ND_donor_04_cell_077,demo,ND_donor_04,ND,beta,6.545978171129913,1.4329944039061733,1.8992886774907873,4.542517011785187,0.0,-3.940958916953136,7,1.2650507862049034,4.817009458667399,-1.6505724498945076
ND_donor_04_cell_078,demo,ND_donor_04,ND,beta,6.425868938365106,3.6361642045056484,2.1599879106332933,4.9494650958144355,0.0,-2.0618090315096747,2,0.6815470425845547,2.8323307353011598,0.7380079832480743
ND_donor_04_cell_079,demo,ND_donor_04,ND,beta,6.430560025938203,3.2315462063719735,3.4189731331426465,4.77679281650861,0.0,-1.5010875300515787,6,0.18854229620628704,2.2748175689135985,0.5262328525052842
ND_donor_04_cell_080,demo,ND_donor_04,ND,beta,6.511512686503741,2.6843773511184357,2.4719527225335205,4.691899160938629,0.0,-2.650876012288654,16,0.5976803464573299,3.5270775450213483,-0.10422963948184924
ND_donor_04_cell_081,demo,ND_donor_04,ND,beta,6.60333396390056,2.5498109948471965,1.7870915560041098,4.46639601344102,0.0,-3.36661593027297,7,0.7400945291923806,4.319886084860886,-0.7189050683838045
ND_donor_04_cell_082,demo,ND_donor_04,ND,beta,6.653178901025916,0.9832799607704775,1.6048019543169556,4.602224937062162,0.0,-4.636118949292214,16,1.3315788069666334,6.1268746276295225,-1.5692918677220713
ND_donor_04_cell_083,demo,ND_donor_04,ND,beta,5.700703276997411,5.1510639774434575,4.932682479071369,5.10853568758976,0.0,2.132380725783616,5,0.5810359553327089,-2.1863616212602195,0.7309487186887819
ND_donor_04_cell_084,demo,ND_donor_04,ND,beta,6.2589328137782925,4.171081183533231,3.1707919085415,4.88804000153882,0.0,-0.7214492508697007,0,0.5498416189057949,1.1794031349422032,1.0841157149048248
ND_donor_04_cell_085,demo,ND_donor_04,ND,beta,6.553775793896112,2.0495114745577796,1.6499484674250582,4.829372051695846,0.0,-3.705932943952811,16,0.8048723798835971,4.858080022223984,-1.0216178412115868
ND_donor_04_cell_086,demo,ND_donor_04,ND,beta,6.583113526558499,0.5249930909398863,0.5249930909398863,4.686733281330913,0.0,-5.540483290761003,23,2.546869296674857,6.211976067473815,-0.6066356375225821
ND_donor_04_cell_087,demo,ND_donor_04,ND,beta,6.2849374661432496,4.248770211049334,3.956500964534372,4.4437804671015355,0.0,-0.19062137157112302,17,1.7959409040251773,0.9301679789917381,-0.3022605305531381
ND_donor_04_cell_088,demo,ND_donor_04,ND,beta,5.8506650768095945,4.099438928066311,3.447116851797219,4.945904200207893,0.0,0.15658575327264632,12,1.2233367184054913,-1.0331925548896426,1.9065006321831017
ND_donor_04_cell_089,demo,ND_donor_04,ND,beta,5.881327934992673,3.508844339760313,4.704314403320458,4.79153368787549,0.0,0.5434519717147208,17,1.0144150088198876,-1.136737829929923,1.4709529412792408
ND_donor_04_cell_090,demo,ND_donor_04,ND,beta,6.63647260090846,1.3021178866851701,2.4498145013169697,4.388709785837237,0.0,-3.825327668693986,23,2.2059017073688585,5.089102137175499,-2.322966302967914
ND_donor_04_cell_091,demo,ND_donor_04,ND,beta,6.282460802051626,2.6605443709740593,3.701256847800427,4.866125425703836,0.0,-1.4285405131640712,6,1.593191033284672,1.971436964863337,-0.5495357445101787
ND_donor_04_cell_092,demo,ND_donor_04,ND,beta,5.965246183162021,5.126092060240273,4.635234535626909,4.597290590536193,0.0,1.4360635618501327,5,0.5932358825575177,-1.7159743065141544,0.9754001821148883
ND_donor_04_cell_093,demo,ND_donor_04,ND,beta,6.382337512413018,3.579077641112022,3.4456660175689096,4.908579683122024,0.0,-1.1611483130937634,6,0.0,1.6855551974772387,0.7517436363971568
ND_donor_04_cell_094,demo,ND_donor_04,ND,beta,5.945922510271677,4.717349026224815,3.887631567422349,5.0391246386607245,0.0,0.6952147182216979,10,0.7127241097659365,-0.3055878538749551,1.2628311257079223
ND_donor_04_cell_095,demo,ND_donor_04,ND,beta,6.181535433497468,4.149882094138557,2.885741488896611,4.529203810268302,0.0,-0.7858788439355132,21,1.0694354799180532,0.6111351675113145,0.4634437062329186
ND_donor_04_cell_096,demo,ND_donor_04,ND,beta,6.544476453151984,2.1594564612570326,2.50179351502898,4.527870678032072,0.0,-3.0449746568238494,7,0.6936017476244096,4.017228325575787,-0.46990763068806535
ND_donor_04_cell_097,demo,ND_donor_04,ND,beta,5.370875980761415,5.237391338999162,5.455937420215575,3.9682163815546194,0.0,3.13973464960628,18,1.3607679854768095,-4.6172182525796535,-1.0082612415096226
ND_donor_04_cell_098,demo,ND_donor_04,ND,beta,6.500683271703882,1.9034684614082777,2.7325745235721044,4.7328955408267435,0.0,-2.983771950323984,7,0.7491937551845869,3.883150350881151,-0.44994940441034714
ND_donor_04_cell_099,demo,ND_donor_04,ND,beta,6.193460931992678,2.9576980673800803,3.845666339901971,4.7838833324748515,0.0,-0.9697798793707009,20,1.1665333918208152,0.9553263636861862,0.22657839407986483
ND_donor_04_cell_100,demo,ND_donor_04,ND,beta,6.583275727476258,1.127905095850823,1.9570111580146494,4.476949436489488,0.0,-4.1759440609428555,16,1.102124631242586,5.256789175162012,-1.6441903736656973
ND_donor_04_cell_101,demo,ND_donor_04,ND,beta,5.104183581902928,5.5521638133340305,5.645763906680441,4.359854030505599,0.0,3.9635009566292587,18,2.4980638240149693,-6.293313346590056,-0.2164063568874088
ND_donor_04_cell_102,demo,ND_donor_04,ND,beta,6.568414251546211,1.8575689019352404,2.7891329335207873,4.798736866330805,0.0,-3.09992149954764,7,0.5268189348163137,4.305381159918146,-0.411258528020727
ND_donor_04_cell_103,demo,ND_donor_04,ND,beta,6.515850284831549,2.391983049737782,1.262293578638825,4.801103853705633,0.0,-3.6653076560538094,16,0.9371397217764814,4.5863338489850936,-0.5219349181911878
ND_donor_04_cell_104,demo,ND_donor_04,ND,beta,6.509550316910733,2.4327695992082683,1.1499319316408303,4.933959094343788,0.0,-3.7015142577698703,7,1.178962847152043,4.594362415448997,-0.26942022560030027
ND_donor_04_cell_105,demo,ND_donor_04,ND,beta,6.57551326636005,1.7019184587588279,2.435242369463273,4.791504717767587,0.0,-3.4545927226598474,16,0.6625944572179083,4.909187369957273,-0.9854393618254438
ND_donor_04_cell_106,demo,ND_donor_04,ND,beta,6.492507034733793,2.9623089193572545,1.782912156802793,5.061647294701374,0.0,-2.889788838564598,2,0.3442057400318408,3.658596537860784,0.09491031276996267
ND_donor_04_cell_107,demo,ND_donor_04,ND,beta,6.311633212662733,4.027468818849746,3.756974439807192,4.886183125334053,0.0,-0.5219139944928958,17,0.6815150987428131,0.8446683537421232,1.5026075781304935
ND_donor_04_cell_108,demo,ND_donor_04,ND,beta,6.695494284752113,1.8982578609028617,1.078212408410561,4.335467788720133,0.0,-4.4478778005839095,23,1.8095583268678856,6.245424854718873,-2.5100324757773813
ND_donor_04_cell_109,demo,ND_donor_04,ND,beta,6.019900192245576,4.640536135412924,4.149273685289042,4.457945231817173,0.0,0.6840613773300217,17,1.5710444720783583,-1.0945820651464508,0.19054159832621273
ND_donor_04_cell_110,demo,ND_donor_04,ND,beta,5.986519916008485,4.116863601173745,3.3897296654999054,4.807835432096206,0.0,-0.11679472859491695,17,0.5353736734653411,-0.48508305992967937,0.8968127225432619
ND_donor_04_cell_111,demo,ND_donor_04,ND,beta,6.377743150487578,3.188858922248323,3.5821276327055807,4.725524069295127,0.0,-1.3248123587419582,6,0.40347420757513497,2.007118421838046,0.7722122266956974
ND_donor_04_cell_112,demo,ND_donor_04,ND,beta,6.490908628965613,2.7803196129808763,2.3023929466612882,4.883192329769092,0.0,-2.66215183652422,2,0.5580721923541976,3.8801860399224157,-0.0669452689501761
ND_donor_04_cell_113,demo,ND_donor_04,ND,beta,6.0706399154513155,4.081212353174599,4.07762453996352,4.934916785372089,0.0,0.16656719215192944,10,0.4906284526033664,-0.5941154237747855,1.5223198869262502
ND_donor_04_cell_114,demo,ND_donor_04,ND,beta,6.487520001332361,2.8353281268450425,2.031752459051838,4.774913594313993,0.0,-2.799938087162422,0,0.3510786588709598,3.647104156193563,0.19498846839901848
ND_donor_04_cell_115,demo,ND_donor_04,ND,beta,6.335877268936743,2.8917410810739343,2.8371837351410143,4.707844852726751,0.0,-1.9476206853341997,0,0.3510753605496326,1.977950410979786,0.7487813719042269
ND_donor_04_cell_116,demo,ND_donor_04,ND,beta,6.334815931101568,2.0945568860286405,2.64185995802958,5.005217495135949,0.0,-2.6142663936603205,19,0.522218907491248,3.245340512503893,0.128333982390709
ND_donor_04_cell_117,demo,ND_donor_04,ND,beta,6.430228179139877,3.61158691556192,2.2027632379693847,4.662441675842121,0.0,-2.0576934654483865,3,0.25381973033085714,2.4915379117569834,0.3941007436605139
ND_donor_04_cell_118,demo,ND_donor_04,ND,beta,6.101817913466741,4.088026526942338,4.337939422809276,4.779511024172218,0.0,0.2886883001804804,12,2.3836282757334013,-1.0233601303512316,2.6079093034869203
ND_donor_04_cell_119,demo,ND_donor_04,ND,beta,6.586095631846993,1.0523696791627926,2.314622103593971,4.546181605552198,0.0,-3.992792378429901,7,0.9493090925796679,5.234268896766152,-1.4856451388145124
ND_donor_05_cell_000,demo,ND_donor_05,ND,beta,6.489801938962202,0.7052915176871398,3.127960138350936,4.907492738242571,0.0,-3.507969568652522,16,0.6556130449553779,4.1137997991357125,-0.06655761785413873
ND_donor_05_cell_001,demo,ND_donor_05,ND,beta,5.833132293991282,3.9834397434528035,4.133527594971305,5.086868141280693,0.0,0.5693663452782267,8,0.584993953758639,-1.427650797409346,1.737036286115623
ND_donor_05_cell_002,demo,ND_donor_05,ND,beta,6.5006648061600725,2.687374206110178,2.418916802221947,4.772717563937861,0.0,-2.664632379551384,6,0.8656331259434777,3.3357238407833103,0.5241215777670933
ND_donor_05_cell_003,demo,ND_donor_05,ND,beta,6.741165299439352,1.3273793322039023,1.1396669363463867,3.9961288569692317,0.0,-4.874916450811944,23,3.4417868787924943,6.6941969714804275,-3.9175996826236914
ND_donor_05_cell_004,demo,ND_donor_05,ND,beta,6.629985638228168,1.5513007350877779,1.165148454306902,4.469032968206025,0.0,-4.504848115070567,23,1.3923674892457392,5.979418336848461,-2.107937140192107
ND_donor_05_cell_005,demo,ND_donor_05,ND,beta,6.478157995222006,2.7519100674875783,2.3444943746316946,4.430879597530891,0.0,-2.62999717943869,7,1.4724072129229064,3.551115280505269,-0.9807653348396908
ND_donor_05_cell_006,demo,ND_donor_05,ND,beta,6.4327114086961075,2.736925785103543,2.816159691144813,4.7881971569082955,0.0,-2.242022446489906,6,0.4530341481877773,2.888760110935122,0.337876044144127
ND_donor_05_cell_007,demo,ND_donor_05,ND,beta,6.448739405484257,2.5055722624438563,1.9859049238458322,4.999140497230548,0.0,-2.982678504066641,19,0.4607621886278723,3.8331499374619526,-0.04794339978513465
ND_donor_05_cell_008,demo,ND_donor_05,ND,beta,6.4191875575385975,2.952078673418809,3.1244412351512296,4.824707786440251,0.0,-1.8660450527132713,2,0.8403730764353625,2.4929958889363824,0.8310337155321798
ND_donor_05_cell_009,demo,ND_donor_05,ND,beta,5.97149096984015,4.969180034466355,3.8144339754798837,4.871297097223995,0.0,0.7697306692110847,10,0.5832786633659133,-0.7019318730228983,1.2398262838555771
ND_donor_05_cell_010,demo,ND_donor_05,ND,beta,6.32401841468883,4.017955275001462,3.772665906581964,4.877706061027145,0.0,-0.5403303042061636,3,0.5571791554761756,1.3104343947484713,1.1421339473152452
ND_donor_05_cell_011,demo,ND_donor_05,ND,beta,6.525385996595498,3.2861650808246687,0.7369489408425101,4.613462189416594,0.0,-3.430729761413915,16,2.342099774917645,4.798015268752702,-2.278592333499922
ND_donor_05_cell_012,demo,ND_donor_05,ND,beta,6.678737678421986,0.6149071647391959,1.4559382677123407,4.427147975844455,0.0,-5.030690027925899,23,1.703540231475408,6.623036300652997,-2.6521450269552633
ND_donor_05_cell_013,demo,ND_donor_05,ND,beta,5.996664095465445,4.493471373834384,4.047911202253143,5.2240923933215555,0.0,0.5592202200222406,17,1.5006713712966295,-0.49429184083827254,2.1361455092067003
ND_donor_05_cell_014,demo,ND_donor_05,ND,beta,6.663064896452487,2.190583663002986,1.7468950356843762,4.459722624197016,0.0,-3.744383019616265,7,1.3314655175783257,5.511131778056559,-1.7247233120451626
ND_donor_05_cell_015,demo,ND_donor_05,ND,beta,6.1959129384547085,4.429018663274327,3.1761737932104275,4.649435934062638,0.0,-0.42934514818350006,17,1.1162564706598,0.5269073476601981,0.5015734468442848
ND_donor_05_cell_016,demo,ND_donor_05,ND,beta,6.425958164700882,2.794808755861261,3.0871008374763633,4.414163603473166,0.0,-2.0094410897505393,19,1.3595890251858664,2.5439196186148063,-0.30535992733195133
ND_donor_05_cell_017,demo,ND_donor_05,ND,beta,6.486781446702698,3.071552366302426,3.2800242486473024,4.970544980765304,0.0,-1.8041123043021283,3,0.710966389342321,3.000832960467771,0.6871330387588405
ND_donor_05_cell_018,demo,ND_donor_05,ND,beta,6.380649881015383,3.776095690263889,1.8154030428915753,5.061735290992928,0.0,-2.1157875536605526,3,1.4204453972248388,2.589323281900632,1.3287226879852132
ND_donor_05_cell_019,demo,ND_donor_05,ND,beta,6.251596948058003,2.796777376389714,2.1100552808953283,4.954458255641293,0.0,-2.3450713946458106,6,0.7882603818330445,2.2215202783470924,0.906692510343472
ND_donor_05_cell_020,demo,ND_donor_05,ND,beta,6.464059259210354,2.618784539594321,1.2028818698864912,4.863836493150743,0.0,-3.457953796763255,16,0.6042536483598626,4.253951278202629,-0.2161383161470696
ND_donor_05_cell_021,demo,ND_donor_05,ND,beta,6.447337478743309,3.577292437579433,2.1247424537259354,4.94969136637788,0.0,-2.1641042204242464,2,0.7495757103257716,3.292145597171845,-0.23353499863532168
ND_donor_05_cell_022,demo,ND_donor_05,ND,beta,6.339735181898623,3.1968858153216275,3.935682438931694,4.882242633753616,0.0,-1.0138368478874347,3,0.268294672233206,1.6991085757557354,0.9819765989978135
ND_donor_05_cell_023,demo,ND_donor_05,ND,beta,6.653920294480993,1.1282633683728645,1.6272920256564027,4.380455016117771,0.0,-4.524591753712421,23,1.7834911004595044,6.020852755840387,-2.4718819451907126
ND_donor_05_cell_024,demo,ND_donor_05,ND,beta,6.606577028232555,1.0208491183615203,0.5104245591807601,4.649856190777812,0.0,-5.258264966083947,23,2.2194839149488823,6.153043060598571,-0.8931382042396407
ND_donor_05_cell_025,demo,ND_donor_05,ND,beta,6.448694827982839,2.5930727217917138,1.2965363608958569,4.719119750784709,0.0,-3.38474263827249,19,0.7087306815301977,3.7421890575816796,0.375524961098685
ND_donor_05_cell_026,demo,ND_donor_05,ND,beta,6.336345604781279,3.9610869011160945,3.9042452690526885,4.55220410553944,0.0,-0.5130652629290473,17,0.6117006967592875,1.1488390238242603,0.36081207631835116
ND_donor_05_cell_027,demo,ND_donor_05,ND,beta,6.579001010561521,1.2216609407526646,1.2216609407526646,4.7351612643957415,0.0,-4.596866020092413,23,1.1794699342044819,5.895989655199482,-1.8141383591827063
ND_donor_05_cell_028,demo,ND_donor_05,ND,beta,6.232484790291664,3.4814028360754747,3.6176650319194934,5.032282319004721,0.0,-0.8398181131230289,10,1.5173015938611112,0.6901985017955732,1.9250306463223619
ND_donor_05_cell_029,demo,ND_donor_05,ND,beta,6.458846944321304,1.156299846179346,1.8674471887541493,4.973181802138702,0.0,-3.9907093845498895,19,1.4295745947343246,4.3930049649663125,0.16060332750468695
ND_donor_05_cell_030,demo,ND_donor_05,ND,beta,6.54913216209024,1.3869925092657056,1.1220211623972904,4.849414929397026,0.0,-4.497717735963342,16,1.539348737616974,5.508737071442851,-0.5648152593518876
ND_donor_05_cell_031,demo,ND_donor_05,ND,beta,6.332148071185302,2.75389452028612,4.117001599639016,4.758863820470791,0.0,-1.1776641443403304,3,0.37537282946782646,1.3185084843274153,0.7717754430261968
ND_donor_05_cell_032,demo,ND_donor_05,ND,beta,6.473677623984574,2.577133575885575,3.1376554890126456,4.689455490673708,0.0,-2.2091673330148662,2,0.5014030760987458,3.2406566468303937,-0.05027503051527081
ND_donor_05_cell_033,demo,ND_donor_05,ND,beta,6.537751839324699,1.313789463497479,2.2054348328957887,4.863516429447307,0.0,-3.801640516719185,16,0.9718879928358453,4.74829372164133,-0.5886937850249816
ND_donor_05_cell_034,demo,ND_donor_05,ND,beta,6.511162536518064,2.64868496039782,1.151830426062708,4.835819163442808,0.0,-3.5574829018500846,19,1.022301663097232,4.2345387830433046,0.022326073904344306
ND_donor_05_cell_035,demo,ND_donor_05,ND,beta,6.561647042277502,1.4784175066763598,2.730197223318011,4.6277570631464116,0.0,-3.3828918530453844,16,1.5864855639452395,4.752498878979752,-1.812435382956051
ND_donor_05_cell_036,demo,ND_donor_05,ND,beta,6.575690973953478,1.6843215633435673,1.3759887691119388,4.81368799762811,0.0,-4.175427685717793,7,1.5177367227084453,5.156567236438323,-0.2868616080221569
ND_donor_05_cell_037,demo,ND_donor_05,ND,beta,6.6016343500291015,1.8659897993494976,1.367642390995398,4.675626540979677,0.0,-4.105549850759444,7,0.8589762984677289,5.399391894109739,-1.3937100058026106
ND_donor_05_cell_038,demo,ND_donor_05,ND,beta,6.617364687899081,1.0337469773274552,1.2431484805904767,4.6224970089910995,0.0,-4.778964238871603,16,1.6258142304340328,5.79501312750431,-1.0292819899097883
ND_donor_05_cell_039,demo,ND_donor_05,ND,beta,6.707248077186115,0.9149706130252817,0.45748530651264085,4.2086919974293675,0.0,-5.547966487489168,23,2.3626017981797753,6.929128190303467,-3.0922330983181907
ND_donor_05_cell_040,demo,ND_donor_05,ND,beta,6.5429406508875045,2.6475986242177405,2.4336407636937194,4.68898252576883,0.0,-2.758404119812408,19,0.9113692401513402,3.645984271682424,-0.5367536659985389
ND_donor_05_cell_041,demo,ND_donor_05,ND,beta,6.59474931164401,1.723834605343717,2.123158984795645,4.790927618074263,0.0,-3.6835253424505474,16,1.0046050680677592,5.139517716119205,-1.5438047525410175
ND_donor_05_cell_042,demo,ND_donor_05,ND,beta,6.58575789025492,0.5406420562013142,1.6219261686039428,4.553551852534744,0.0,-4.800880777507765,23,1.3775335130338666,5.739423520873525,-1.850226243040658
ND_donor_05_cell_043,demo,ND_donor_05,ND,beta,6.702721908262895,1.9952986439143394,0.49882466097858486,4.456615638509788,0.0,-4.783135730562699,23,2.305615128612035,6.845571179914258,-3.1284507038707168
ND_donor_05_cell_044,demo,ND_donor_05,ND,beta,6.53863065305668,2.705094301311868,2.2290305709890768,4.783201520728167,0.0,-2.848664572804566,2,0.7527605613157764,3.9095010312979137,0.2817103204668818
ND_donor_05_cell_045,demo,ND_donor_05,ND,beta,6.061995779372504,2.7212598576069373,4.66494133818811,5.12464838573219,0.0,-0.34245060655751947,20,1.5699842990000814,0.2454812145618506,2.021120857543937
ND_donor_05_cell_046,demo,ND_donor_05,ND,beta,6.505763669210731,2.5580314728899047,2.5580314728899047,4.791618722646941,0.0,-2.6681000697871986,7,0.47865179377026834,3.8079573422759596,-0.10610589834640691
ND_donor_05_cell_047,demo,ND_donor_05,ND,beta,6.285923937219162,2.3189655232403075,2.7608020318707105,5.091097586092051,0.0,-2.2944741323497655,2,0.4202560778755622,2.8669611868286013,0.5766093976612099
ND_donor_05_cell_048,demo,ND_donor_05,ND,beta,6.57473998453288,1.05141430972602,2.5002333026361425,4.360490267687891,0.0,-3.8486388188526037,16,0.6264520753352825,4.623138092687431,-1.0982794692610802
ND_donor_05_cell_049,demo,ND_donor_05,ND,beta,6.576238684371293,2.1134104118155097,2.0378032149758067,4.761204585504356,0.0,-3.4441410290004386,16,0.7908805845643894,4.876710778707055,-1.1273873837456305
ND_donor_05_cell_050,demo,ND_donor_05,ND,beta,6.6393423203578,1.9847793100144973,1.7487509769274403,4.6547506212975405,0.0,-3.83892237336799,16,0.9029045708191488,5.125479768895731,-0.712140658709078
ND_donor_05_cell_051,demo,ND_donor_05,ND,beta,6.408369845825983,2.9933570572018886,2.9933570572018886,4.719918738169834,0.0,-1.906239788291961,2,1.0178800331939488,3.0683383662462793,-0.6101396495652638
ND_donor_05_cell_052,demo,ND_donor_05,ND,beta,6.7231341373476114,0.9236726407203053,1.385508961080458,4.388495350423814,0.0,-4.950101710297906,23,2.134134840918306,6.915367394614822,-2.730299437006148
ND_donor_05_cell_053,demo,ND_donor_05,ND,beta,6.087062990487988,4.229241902093434,3.1901099525977363,4.7342632350138345,0.0,-0.35712341514284557,20,0.6986999355727441,-0.1014572045383694,1.3448647141096544
ND_donor_05_cell_054,demo,ND_donor_05,ND,beta,6.453739144155401,2.6037839862939394,3.5337282199706115,4.862301908059057,0.0,-1.8899997938021396,2,0.43267409465335405,3.0461483132883154,0.4772415132762645
ND_donor_05_cell_055,demo,ND_donor_05,ND,beta,6.648990642921426,1.7670310202102186,0.0,4.571562277968947,0.0,-5.1732834253894175,23,1.639855154828581,6.615756792890157,-1.9810643156273602
ND_donor_05_cell_056,demo,ND_donor_05,ND,beta,6.212735787462372,4.673641554445201,4.276419029070968,5.145858797201944,0.0,0.44122232117979837,10,1.927538774527867,0.9618820771701344,-0.3856773565912488
ND_donor_05_cell_057,demo,ND_donor_05,ND,beta,6.604607997754499,1.6955160660492496,1.0429327153174048,4.467701659053006,0.0,-4.4432084842146455,16,0.6616136799743693,5.20208353072866,-0.9104120797177635
ND_donor_05_cell_058,demo,ND_donor_05,ND,beta,6.449099314974288,2.068235439880852,2.0140257236107417,4.796998885597344,0.0,-3.2596135929366934,19,1.1826196797383561,4.145832583060029,-1.0817069184959862
ND_donor_05_cell_059,demo,ND_donor_05,ND,beta,6.58948820420768,2.938315827352905,1.8153660389247304,4.53780013471087,0.0,-3.0604083860638083,16,1.3853258636641295,4.4132122766721205,-1.373217569388861
ND_donor_05_cell_060,demo,ND_donor_05,ND,beta,5.950527512944541,3.8100447124964183,3.6757666134547997,5.168953062315594,0.0,-0.06709231689018906,10,0.6825164820212919,-0.3781326240032915,1.6564654577677955
ND_donor_05_cell_061,demo,ND_donor_05,ND,beta,6.052807118232985,4.495891494021896,4.394836504981528,4.9021603072206466,0.0,0.6909759911823118,12,0.6256625811453889,-0.7541396331654813,1.228493796707072
ND_donor_05_cell_062,demo,ND_donor_05,ND,beta,6.323211395589235,2.8268343642998657,3.8842239414879813,4.883483187878671,0.0,-1.267944397919246,2,1.2462321022463536,2.230886390279864,-0.5184583856116838
ND_donor_05_cell_063,demo,ND_donor_05,ND,beta,6.569398538237015,2.5612219601332304,1.2146896354062329,4.521625257718807,0.0,-3.6802170458046533,7,0.8260945532843165,4.85280076103252,-1.0136641494496519
ND_donor_05_cell_064,demo,ND_donor_05,ND,beta,6.4695131761789595,2.687090981502542,1.1707209998084314,4.816359792779878,0.0,-3.4432850661867263,7,0.6346817394365578,4.055902085672234,-0.46972460546082817
ND_donor_05_cell_065,demo,ND_donor_05,ND,beta,6.155336094706174,4.154096992276469,3.861844328520894,5.170623170916433,0.0,-0.08243941745663666,10,1.0119451080346211,0.21560790012426714,1.7082817817315612
ND_donor_05_cell_066,demo,ND_donor_05,ND,beta,6.651388199031598,0.0,0.6300882913214321,4.451516326241477,0.0,-5.948418913992964,23,2.326617453297131,7.163652446024615,-2.5541827438649767
ND_donor_05_cell_067,demo,ND_donor_05,ND,beta,6.1586210868085685,2.213234950817138,4.08732081686517,5.0319574555339655,0.0,-1.247164174840818,20,0.7617664270504774,1.1959088437840935,1.465610032014597
ND_donor_05_cell_068,demo,ND_donor_05,ND,beta,6.381893763190204,3.5449733939411034,3.4654810341912325,4.3436182022614265,0.0,-1.1700980765370743,2,2.636484306406534,1.7430861135310824,-1.0256653840890637
ND_donor_05_cell_069,demo,ND_donor_05,ND,beta,6.611078027207351,1.0351093133590905,1.6836297055411786,4.761448865484634,0.0,-4.471945767552518,7,1.9588354400288521,5.763449494241342,-0.5103516423618952
ND_donor_05_cell_070,demo,ND_donor_05,ND,beta,6.660930073228883,1.9611326147659587,0.6713852155837742,4.630596080847415,0.0,-4.61484238070327,23,1.6431049990184894,6.417661244455579,-2.3972462784745514
ND_donor_05_cell_071,demo,ND_donor_05,ND,beta,6.300262128379762,1.6271409387929132,3.639929740539313,5.063711418719991,0.0,-2.1991915041416594,3,1.3297823813037049,2.3906303808532745,1.3859108457755527
ND_donor_05_cell_072,demo,ND_donor_05,ND,beta,6.599493328187066,2.228351831393003,2.2022047998690146,4.719309114924592,0.0,-3.29883582715431,7,0.8417966119677454,4.564157679973893,-0.7807706764870656
ND_donor_05_cell_073,demo,ND_donor_05,ND,beta,6.385833624535595,2.9881082442883162,1.9698180755111394,4.832667685649886,0.0,-2.553595739203293,0,0.3333342606578711,2.987357719653585,0.428198033872703
ND_donor_05_cell_074,demo,ND_donor_05,ND,beta,6.398368497916607,3.6133658238784663,2.0599789644202837,4.699108696698661,0.0,-2.094150509089567,3,1.3847849816878295,2.5815940263627395,1.290539566849397
ND_donor_05_cell_075,demo,ND_donor_05,ND,beta,6.503994733700239,1.415331019991403,2.065037193267466,4.8319925538819195,0.0,-3.765739607851833,16,0.7069363451677457,4.515655050069849,-0.4578371635665499
ND_donor_05_cell_076,demo,ND_donor_05,ND,beta,5.706135186448118,5.105528322830475,4.969775890377456,4.979604315466538,0.0,2.116605157705799,11,1.7404295063275095,-3.0125107792099777,1.629463102563795
ND_donor_05_cell_077,demo,ND_donor_05,ND,beta,6.581281288584526,2.3683415289724024,2.2359195369876774,4.458509309029309,0.0,-3.1487447596330966,7,1.051340342951911,4.09307176794935,-0.9553042030098675
ND_donor_05_cell_078,demo,ND_donor_05,ND,beta,6.275104879190005,3.385630487678783,3.9493268568993445,5.042708079255541,0.0,-0.7599682205826229,20,0.7077654373711786,1.1243555355099875,1.3516190218957678
ND_donor_05_cell_079,demo,ND_donor_05,ND,beta,6.307864975176736,2.626462607055802,3.5860105532886912,4.82301197275222,0.0,-1.574777071452157,0,0.04855060543148859,1.834769867652933,0.8678117331576405
ND_donor_05_cell_080,demo,ND_donor_05,ND,beta,6.263921753320284,3.8392877191570975,2.8625395417060964,5.11515963753487,0.0,-1.1606091540197025,20,1.8979435327743266,1.2227393679732288,2.0777874759023893
ND_donor_05_cell_081,demo,ND_donor_05,ND,beta,6.504312356384974,2.2159740645659896,3.1490266857352602,4.631158601379055,0.0,-2.5008935823132115,6,0.5073743041294838,3.3919361135543946,0.15006410258862943
ND_donor_05_cell_082,demo,ND_donor_05,ND,beta,6.652371772774423,0.7074392130861988,0.4990286572835383,4.416569945888404,0.0,-5.560537511904686,23,1.334650457543134,6.479402369587434,-2.097508367082407
ND_donor_05_cell_083,demo,ND_donor_05,ND,beta,6.295159035679946,2.312263198399203,3.2657443021038035,4.9584601532298,0.0,-1.9779643391863337,6,0.6158588485529348,2.334536403079104,0.7745438513387748
ND_donor_05_cell_084,demo,ND_donor_05,ND,beta,6.074840908526828,4.487913325195805,3.6911564813414914,4.834134112432132,0.0,0.17481329932336814,20,1.534419903655099,0.13538089386897095,-0.11925690323410316
ND_donor_05_cell_085,demo,ND_donor_05,ND,beta,6.566344822666073,1.8226392434139989,1.690080713413673,4.623932201597602,0.0,-3.8549956368191847,2,0.7284105066454112,5.0574167306611635,-1.367656905528464
ND_donor_05_cell_086,demo,ND_donor_05,ND,beta,6.5230023904771715,1.2232889485157554,3.1498867365512995,4.844460592406824,0.0,-3.204080804541324,2,0.539519709617517,4.060918806848635,-0.16067494509389424
ND_donor_05_cell_087,demo,ND_donor_05,ND,beta,6.611396420155432,2.4256514016226225,2.2691494276633173,4.690150702167726,0.0,-3.14254054821575,16,1.2358548478164568,4.580153102359918,-1.3913364950025509
ND_donor_05_cell_088,demo,ND_donor_05,ND,beta,6.544662786878102,2.0033075084458263,1.792149948223464,4.719538508252218,0.0,-3.6254252007862147,16,0.788806416930762,4.592006374452501,-1.1011559944508569
ND_donor_05_cell_089,demo,ND_donor_05,ND,beta,6.512658578042888,2.449848608791522,1.7713793960852329,4.760944494603836,0.0,-3.2798883445905043,19,0.8186528736112475,4.1856902575275425,-0.003111415570972207
ND_donor_05_cell_090,demo,ND_donor_05,ND,beta,6.424474018690868,1.8782060992226302,2.305823796093592,5.032170753931234,0.0,-3.147898416971633,2,0.4518842726511201,3.83841605673724,0.188339689483111
ND_donor_05_cell_091,demo,ND_donor_05,ND,beta,6.554538446216182,1.0934479103806856,1.6401718655710282,4.851776583749111,0.0,-4.3589650302011504,7,1.281496401067379,5.224143870712838,-0.6048062831813734
ND_donor_05_cell_092,demo,ND_donor_05,ND,beta,6.620201898960781,1.1642242598955885,0.6475772289415311,4.61731089766581,0.0,-5.094513464636044,23,1.240573158567492,6.250615850801757,-1.8005188483944259
ND_donor_05_cell_093,demo,ND_donor_05,ND,beta,6.5989512296090655,1.850790236486175,1.2686842981636146,4.607309073123017,0.0,-4.177135363467679,7,1.0106450639932403,5.366203246593733,-1.172316522760454
ND_donor_05_cell_094,demo,ND_donor_05,ND,beta,6.516827944939086,0.0,2.1825993423621624,4.855769924892897,0.0,-4.665397342569444,7,1.5532355171883863,5.422683357126898,-0.552688848062075
ND_donor_05_cell_095,demo,ND_donor_05,ND,beta,6.526148130834029,3.263811749556666,2.999058661434165,4.63698858772596,0.0,-1.933849838477241,19,0.6418032094959125,3.0520428275925178,0.09031075391959825
ND_donor_05_cell_096,demo,ND_donor_05,ND,beta,6.171877014944978,3.2271552055746797,4.137534151653989,4.93410298830313,0.0,-0.5535022382830772,21,0.775525849407166,0.8184323656144552,0.4330757427669035
ND_donor_05_cell_097,demo,ND_donor_05,ND,beta,6.53600580628097,1.0870489385046789,2.3060126918457087,4.75437215618169,0.0,-3.884176655869174,7,0.6677941046274372,5.137566804745778,-1.2724483080308
ND_donor_05_cell_098,demo,ND_donor_05,ND,beta,6.61343001128571,0.0,0.5416847228202643,4.674984000094541,0.0,-5.938619299572027,23,2.186061402429048,6.687444343015779,-1.3826298275777242
ND_donor_05_cell_099,demo,ND_donor_05,ND,beta,6.576555860481224,1.7738299923510865,1.8526778196981308,4.694768002111689,0.0,-3.7976984148496316,16,0.7044212533167435,4.927094443784103,-1.108691642546031
ND_donor_05_cell_100,demo,ND_donor_05,ND,beta,6.308985280088779,4.263585527272207,3.679217660017527,5.013606141912384,0.0,-0.4098034666542937,3,0.3980198905566308,1.3954347414237933,0.7907475412368516
ND_donor_05_cell_101,demo,ND_donor_05,ND,beta,6.465219590822234,2.2432631572228923,1.6012091334925393,4.933735402694462,0.0,-3.4469650969253305,19,1.0668665593932838,4.277961431602283,0.10273969733246133
ND_donor_05_cell_102,demo,ND_donor_05,ND,beta,6.4099670357211895,2.3310202628888628,2.3310202628888628,4.640705382262763,0.0,-2.7991562255121063,19,0.6905700098868248,3.159044598681283,-0.15807922580893055
ND_donor_05_cell_103,demo,ND_donor_05,ND,beta,6.285398832931613,0.7690338134825891,3.521637586215207,5.095519567273519,0.0,-2.8303433492304686,19,0.42331315408607395,3.1417103893485328,0.40313959281207806
ND_donor_05_cell_104,demo,ND_donor_05,ND,beta,6.431211501871691,2.158852508367873,2.629181663467624,4.752898922037511,0.0,-2.75444264890581,19,0.3583742293321368,3.304205376783078,0.3297853292251312
ND_donor_05_cell_105,demo,ND_donor_05,ND,beta,6.498235323949601,1.942736493510538,0.5768695286585568,4.833434323364333,0.0,-4.394992221501495,7,0.9375288392560286,5.196135495369758,-0.7703038737059302
ND_donor_05_cell_106,demo,ND_donor_05,ND,beta,6.301282044001737,2.6486553083607385,2.917188953735295,4.811901558776185,0.0,-1.9952866433875818,6,0.27415447823772965,2.418133173395745,0.4372045670555999
ND_donor_05_cell_107,demo,ND_donor_05,ND,beta,6.433905595802149,1.9955901608576738,1.3219848052922525,5.044710933328793,0.0,-3.744009705172471,7,1.1535980276703208,4.626198215781534,-0.21068451007128403
ND_donor_05_cell_108,demo,ND_donor_05,ND,beta,6.516456787336037,1.9736044380151774,1.8408634027511457,5.0586338809069415,0.0,-3.5616491622850193,19,0.7630002189358018,4.9795939980962665,-1.1501931032954866
ND_donor_05_cell_109,demo,ND_donor_05,ND,beta,6.36430931343227,4.072530105863149,3.512453640452037,4.642020247066134,0.0,-0.750765519925161,0,0.35261673428502327,1.0163219586702492,0.9219397043420925
ND_donor_05_cell_110,demo,ND_donor_05,ND,beta,6.400719595710325,2.752654030764132,1.5104256228149016,4.769372277354269,0.0,-3.0468383628473763,7,0.7299540961560425,3.856962378305633,-0.4265440134544125
ND_donor_05_cell_111,demo,ND_donor_05,ND,beta,6.0948041441341125,3.1650738267053704,3.4020360775599663,4.9596442794804965,0.0,-0.947455279547975,17,1.055135481884089,0.3554823630356073,1.837975461219686
ND_donor_05_cell_112,demo,ND_donor_05,ND,beta,6.717850596345097,0.5815551880396548,0.45355749678214774,4.440798284139806,0.0,-5.794823906506362,23,3.405482011309352,7.599547971456299,-3.458974014395423
ND_donor_05_cell_113,demo,ND_donor_05,ND,beta,5.171463524006372,5.506437796450902,5.694609786093255,4.643803045683359,0.0,3.8431280332283437,18,2.25774067827004,-5.370802890377041,0.7958923566116468
ND_donor_05_cell_114,demo,ND_donor_05,ND,beta,6.4569108879314046,3.5502894160311333,1.9955556940028032,4.673373373455983,0.0,-2.2861379504074404,6,0.4284771620128538,2.844756451825416,0.5383017439717345
ND_donor_05_cell_115,demo,ND_donor_05,ND,beta,6.2052300962210465,3.3163914873238567,4.4413753567227,4.702993639903897,0.0,-0.3505980578540259,21,0.1113485774276235,0.744993670664632,0.9844067092535027
ND_donor_05_cell_116,demo,ND_donor_05,ND,beta,6.452205477655947,2.5035718227360633,3.1545401150489605,4.827766225974039,0.0,-2.2085088203022094,6,0.6819870139753847,2.942492399836857,0.6885394092249331
ND_donor_05_cell_117,demo,ND_donor_05,ND,beta,6.727656605771027,1.3365970257132496,0.8910646838088331,4.300426384875416,0.0,-5.010476103098245,23,2.2857276410749217,6.883917005082855,-3.0356433594258254
ND_donor_05_cell_118,demo,ND_donor_05,ND,beta,6.587542889045949,1.6743500016118475,1.6743500016118475,4.555564390021102,0.0,-4.004078926042123,16,1.1529628207099654,5.357110057840676,-1.6890486121286115
ND_donor_05_cell_119,demo,ND_donor_05,ND,beta,6.081509435855862,4.11312734394555,4.486735809411522,5.2260003982249525,0.0,0.4420548487493871,20,1.1335946731188837,-0.3727337144037408,2.0450831364852147
ND_donor_06_cell_000,demo,ND_donor_06,ND,beta,5.995856211193788,4.748929842972737,4.613815333148714,5.04488335976447,0.0,1.1116475991236874,10,1.0563736063696174,-0.5895696657823971,0.5688757782611688
ND_donor_06_cell_001,demo,ND_donor_06,ND,beta,6.2887623990583155,2.834412655005048,3.128372725836795,4.440053697431353,0.0,-1.7059260799416902,3,0.5302763707372398,1.6448985706274075,0.36051826926866587
ND_donor_06_cell_002,demo,ND_donor_06,ND,beta,6.5205040479928345,1.963475772145624,3.184787637786177,4.520407768856482,0.0,-2.676751564002514,2,1.2542716173399322,3.8322609756649744,-1.0129735755274287
ND_donor_06_cell_003,demo,ND_donor_06,ND,beta,6.544477696358575,1.6297813865679138,2.1730418487572187,4.570791978036084,0.0,-3.622310800014467,7,0.6897580147903408,4.435658018429975,-0.4543087375646605
ND_donor_06_cell_004,demo,ND_donor_06,ND,beta,6.552188313815894,1.2260186553319925,1.7730118863323672,4.839006930231466,0.0,-4.176374430526481,7,0.673466031067731,5.138092101830019,-0.8154517944166443
ND_donor_06_cell_005,demo,ND_donor_06,ND,beta,6.311880199818624,2.6759802793111924,3.493645480481006,4.988376536881579,0.0,-1.6104495896870388,3,0.8134481487358078,2.051522916093023,1.108466174766624
ND_donor_06_cell_006,demo,ND_donor_06,ND,beta,6.352467252886808,2.929519045778877,2.2549231601142514,4.989683374997804,0.0,-2.341792629848354,3,1.5278636918262247,2.4716734598101526,1.4187380778325442
ND_donor_06_cell_007,demo,ND_donor_06,ND,beta,6.299240182183176,3.863024386125319,2.1273423425635656,4.404341860456838,0.0,-1.700585289354204,3,0.5121937209686713,1.7571095566119572,0.2329974447346465
ND_donor_06_cell_008,demo,ND_donor_06,ND,beta,6.268941973649382,4.0308001463335,3.3232811127827993,5.04464571636829,0.0,-0.7322683632666913,3,0.447784461226826,1.3874875686158374,0.6880781799571237
ND_donor_06_cell_009,demo,ND_donor_06,ND,beta,6.427126262594908,2.1599879106332933,2.0805659170093325,4.814333325499546,0.0,-3.1132796253502435,2,0.6195165280211841,4.034484215859589,-0.7385456494766915
ND_donor_06_cell_010,demo,ND_donor_06,ND,beta,5.961140606063578,4.589389894784231,4.591952234455702,4.71184136635764,0.0,1.0524233338787778,5,0.6578596349009,-1.4520689987865827,1.3999218967506974
ND_donor_06_cell_011,demo,ND_donor_06,ND,beta,6.2786521079853745,2.550188468530893,4.050133096710628,4.986624187339299,0.0,-1.2626883699028415,3,0.7591853292842963,1.99551081653812,-0.04558032255512645
ND_donor_06_cell_012,demo,ND_donor_06,ND,beta,6.390298676805193,3.043346744207721,3.1799717558152887,4.64087658563185,0.0,-1.7148425348620235,6,1.2062725904880862,2.6873551275838357,-0.5763639810775599
ND_donor_06_cell_013,demo,ND_donor_06,ND,beta,6.487188840042476,2.391983049737782,2.6036307110850365,5.004770820102807,0.0,-2.7158994015280764,19,0.6638070281990913,3.9868901320331047,-0.0770451062775247
ND_donor_06_cell_014,demo,ND_donor_06,ND,beta,5.789300785063359,4.990936619036573,4.622620258561266,5.397419113989433,0.0,1.655988399674452,8,0.957854063836824,-1.420418809036176,1.872134210000902
ND_donor_06_cell_015,demo,ND_donor_06,ND,beta,6.353674177601696,2.883780926697276,3.5474505513893946,4.99097050475099,0.0,-1.5101482435696951,3,1.2427312370998758,1.898489927513077,1.5272104959858404
ND_donor_06_cell_016,demo,ND_donor_06,ND,beta,6.129244524265436,4.038069312505881,4.602473941895829,5.00975175322155,0.0,0.3821391387586772,21,0.7594621453661983,0.04467356559262112,1.4210756253886208
ND_donor_06_cell_017,demo,ND_donor_06,ND,beta,6.398639981283601,2.803065663038668,3.5509220019479897,5.172671939042773,0.0,-1.6439576789176185,6,0.32990399313330077,2.8935404554591964,0.5049962020231892
ND_donor_06_cell_018,demo,ND_donor_06,ND,beta,6.196914220678215,2.3679915806174137,3.5007004413713276,4.910833336758867,0.0,-1.604739431994858,6,0.03373331678193825,1.7605646196752076,0.7491901709849706
ND_donor_06_cell_019,demo,ND_donor_06,ND,beta,6.292198694375045,3.057069145881381,2.0226287430722545,5.10598138444623,0.0,-2.3016698185011073,3,1.5244427572941222,2.274847698960817,1.613846683768506
ND_donor_06_cell_020,demo,ND_donor_06,ND,beta,6.232141134364115,4.14305519326509,3.212614898709925,4.914083727619702,0.0,-0.6637200600346523,3,0.7841679496136615,1.2354129613962361,0.24879620928867582
ND_donor_06_cell_021,demo,ND_donor_06,ND,beta,6.234062507981831,4.143517043989538,2.6272639901242156,4.845171259634617,0.0,-1.058496761981515,20,0.5292550594607288,1.2531388954181195,1.1283168109570658
ND_donor_06_cell_022,demo,ND_donor_06,ND,beta,6.449163087175788,2.60998804105308,1.1985209812704058,4.954702922026377,0.0,-3.439751559728969,16,0.748220549792852,4.0735261140346495,0.1899930817841522
ND_donor_06_cell_023,demo,ND_donor_06,ND,beta,6.456740246714015,3.312672917923547,2.2482778549249516,4.538249669177181,0.0,-2.2770897314900385,2,0.8902514277401048,3.1306475771972164,-0.6114810622426751
ND_donor_06_cell_024,demo,ND_donor_06,ND,beta,6.271831968076048,3.0398836020142754,3.5309251798127086,4.602692812628427,0.0,-1.2672273518701158,10,1.2356848977612627,1.2023152486621378,-0.05607745253018316
ND_donor_06_cell_025,demo,ND_donor_06,ND,beta,5.553158094836603,5.346987906616624,4.858223403126126,4.7047086595678405,0.0,2.482746383266866,11,1.5848859210869124,-3.5899708948823523,1.0596409219875267
ND_donor_06_cell_026,demo,ND_donor_06,ND,beta,6.58353335167003,1.330153254315205,1.732101935591605,4.857822302492806,0.0,-4.190408339051436,16,1.281118227007715,5.632809289698697,-1.6986465706568947
ND_donor_06_cell_027,demo,ND_donor_06,ND,beta,5.0403673422077855,5.594030889679933,5.187308277247378,5.232159657644616,0.0,3.8009509652373623,9,2.0248145407194267,-5.340623441641096,0.5794881260431812
ND_donor_06_cell_028,demo,ND_donor_06,ND,beta,6.265375688644687,4.340420595940197,3.5596225776257606,4.478012730438235,0.0,-0.35876190867215696,17,1.756010331935026,0.7147706462687621,-0.16166571725016735
ND_donor_06_cell_029,demo,ND_donor_06,ND,beta,6.130703830674639,4.2080439782245955,3.9704095619699573,4.816089536523351,0.0,0.07132965686142184,21,0.7663894826475621,-0.17589769722162707,1.0617170383359393
ND_donor_06_cell_030,demo,ND_donor_06,ND,beta,6.29962987004545,3.2312834959412826,2.970800826322217,4.792543993238009,0.0,-1.5632897515344641,3,0.3296931612070111,2.071575431177848,0.362831897482131
ND_donor_06_cell_031,demo,ND_donor_06,ND,beta,6.255823937676967,4.306000163265464,4.29732345340163,4.828945310143497,0.0,0.12888163835033578,21,0.7229598700063136,0.34239395818736473,1.4795102415638146
ND_donor_06_cell_032,demo,ND_donor_06,ND,beta,6.228945282419062,3.8458063165735346,2.23784042019689,4.995600759268651,0.0,-1.5106073408656355,20,1.0617082197239398,1.1700890045154007,1.6792494561978573
ND_donor_06_cell_033,demo,ND_donor_06,ND,beta,6.072818060919841,3.2952796777689564,4.090108447613733,4.8059632083553,0.0,-0.3593472775429455,17,1.0209601794875995,0.010768757986845836,1.8666170947146787
ND_donor_06_cell_034,demo,ND_donor_06,ND,beta,6.519569172651735,1.9184300379064443,1.313789463497479,4.792868989029958,0.0,-3.9571425592329623,16,0.7053198635399696,4.884316582358443,-0.9754551431589538
ND_donor_06_cell_035,demo,ND_donor_06,ND,beta,6.464954095683881,2.2988279377274337,2.879240830137884,4.505626131219201,0.0,-2.5539896283875994,6,0.8280086832963125,3.069859361358038,-0.5161650394140845
ND_donor_06_cell_036,demo,ND_donor_06,ND,beta,6.24190287768138,3.3557522117360157,3.2218975741562743,4.970261760370604,0.0,-1.2064744504099916,10,0.021211532710697867,1.647215597002015,0.7015558912975481
ND_donor_06_cell_037,demo,ND_donor_06,ND,beta,6.004212405960004,4.617926789943025,3.8095691826318623,5.046644900286277,0.0,0.47003688432608326,17,0.710939367527204,-0.07309911412886777,0.8708892276912054
ND_donor_06_cell_038,demo,ND_donor_06,ND,beta,5.696017800003654,5.247844166773179,5.098621136438154,5.014913670164395,0.0,2.317206041461273,12,0.7029776126888292,-2.506922951780979,1.0508611510650645
ND_donor_06_cell_039,demo,ND_donor_06,ND,beta,6.167281585760757,4.185321754340601,3.734469196389404,5.022212282507337,0.0,-0.16828010847621455,20,0.28820006061242864,0.5609774522251532,1.179317054552839
ND_donor_06_cell_040,demo,ND_donor_06,ND,beta,5.4932289376941,5.384257053735515,5.195379968830338,4.663370542587274,0.0,2.8422970767051132,9,0.9179640063775958,-3.837086952447022,0.16153819415253684
ND_donor_06_cell_041,demo,ND_donor_06,ND,beta,6.458140837145182,2.6039525576146865,2.8719818848813254,4.836346806318305,0.0,-2.340587654265595,19,0.3921408287145036,3.4404366784689713,0.3295550148500055
ND_donor_06_cell_042,demo,ND_donor_06,ND,beta,6.162803506035283,3.7097622184727337,4.2979886046725095,4.1122499288902326,0.0,-0.10403843684051114,0,2.098345104671167,0.21746520084366097,-0.5514271089277346
ND_donor_06_cell_043,demo,ND_donor_06,ND,beta,6.368132937419627,3.6538142967327083,3.178934790216362,4.914986385685473,0.0,-1.2633632317479155,0,0.7011424772109232,2.0753702501430635,-0.06831896054318629
ND_donor_06_cell_044,demo,ND_donor_06,ND,beta,6.458396502943233,1.9248312993775323,2.1377027138379643,4.699135682649222,0.0,-3.2905222273955967,16,0.5904875494686479,3.9285080106321364,-0.6696017943393968
ND_donor_06_cell_045,demo,ND_donor_06,ND,beta,6.309486382255235,2.9624052369002714,3.6481004071604857,5.089702350822262,0.0,-1.3095057830456867,20,1.665008863616972,1.5265263084511134,1.7976871504753598
ND_donor_06_cell_046,demo,ND_donor_06,ND,beta,6.521347508297414,2.4652737061625705,2.544501252167085,4.517070234838717,0.0,-2.768044404498079,19,1.546883815367062,4.024690100447436,-1.260200939718815
ND_donor_06_cell_047,demo,ND_donor_06,ND,beta,5.911871705837671,4.448836898055586,5.0504441663243576,4.789328109002256,0.0,1.353799543406564,8,0.5187507553107373,-1.636190693572392,1.4883451511474919
ND_donor_06_cell_048,demo,ND_donor_06,ND,beta,5.868196485047852,4.828759599219259,5.134803610459983,4.911244467415218,0.0,1.7459146658064733,5,0.3855056508586072,-1.96497325903737,0.9234712416046865
ND_donor_06_cell_049,demo,ND_donor_06,ND,beta,6.334236174548659,2.8305642759095675,2.4007099022136535,4.575278038423388,0.0,-2.2779194294526777,2,1.223293610030482,2.5501278791451707,-0.23188786383690663
ND_donor_06_cell_050,demo,ND_donor_06,ND,beta,6.289570248346867,3.330229468376834,3.094361897809017,4.6401716199873375,0.0,-1.395592819946522,0,0.34215012061426453,1.722337785407427,0.3303860749163878
ND_donor_06_cell_051,demo,ND_donor_06,ND,beta,6.305944013254995,3.874419694825322,3.0904618714376553,4.761695305297906,0.0,-1.0607469468460922,2,2.1057116999708034,1.973696503101925,-0.8161497792099321
ND_donor_06_cell_052,demo,ND_donor_06,ND,beta,5.573204210018178,5.169784321371222,5.001795748695554,4.593233593915442,0.0,2.4228187361298708,13,1.2759434674477763,-3.2220731516741234,-0.28719847491509787
ND_donor_06_cell_053,demo,ND_donor_06,ND,beta,6.111633179972175,4.447328303501894,4.488618016934284,4.799728406429679,0.0,0.6141048629682746,10,0.603485162387023,-0.3578254217954632,1.389839946614327
ND_donor_06_cell_054,demo,ND_donor_06,ND,beta,6.259989127509145,3.20393491132954,3.069292704985682,4.97117262941179,0.0,-1.4438550316453405,6,0.03514056960989276,1.8913054328593761,0.8076664697575128
ND_donor_06_cell_055,demo,ND_donor_06,ND,beta,6.296575314349846,3.2268797015522663,3.069361946145351,4.757850713415001,0.0,-1.494776194197775,0,1.09169191220475,1.7956593533627434,-0.3126206740618884
ND_donor_06_cell_056,demo,ND_donor_06,ND,beta,6.616408297743186,2.33029383832908,2.5180295517853057,3.996343585554604,0.0,-3.049485788676604,7,3.2180503901713093,4.4029618798452965,-2.654224921321968
ND_donor_06_cell_057,demo,ND_donor_06,ND,beta,6.348851049894167,4.087685091290036,3.8523697281684606,4.870472093473604,0.0,-0.4850604148777952,3,0.34215012061426453,1.4491992975762062,0.4821811470721168
ND_donor_06_cell_058,demo,ND_donor_06,ND,beta,6.361475023497005,2.7267405405768104,4.218960433507205,4.839074218422856,0.0,-1.1810410777412872,0,0.13709957288867258,1.821494839515116,0.9772939203964562
ND_donor_06_cell_059,demo,ND_donor_06,ND,beta,6.173438589129744,4.084156261459002,4.053562059120751,5.1942183531283845,0.0,-0.034251906533725285,10,0.20882522958554706,0.4636280052302038,1.1009486707760552
ND_donor_06_cell_060,demo,ND_donor_06,ND,beta,6.341548541054199,1.463442147104923,3.6510327892868126,5.073752675748178,0.0,-2.3772060857258053,0,0.5105966092953711,2.775316643401209,0.6604036242556703
ND_donor_06_cell_061,demo,ND_donor_06,ND,beta,6.4524714480483185,2.694040507267605,1.3470202536338025,4.749805129144291,0.0,-3.2897000059109764,2,1.2338927832382796,4.088944547506631,-1.0646196598573767
ND_donor_06_cell_062,demo,ND_donor_06,ND,beta,6.414612561835048,2.7704346134969304,2.770434613496931,4.759096683855089,0.0,-2.217130295727267,3,0.6097148005901287,2.84324155759399,0.18109052134106882
ND_donor_06_cell_063,demo,ND_donor_06,ND,beta,5.2887386566592145,5.562768264739459,5.678837718827656,5.075399228904029,0.0,3.657585105460724,13,1.540847354701297,-4.380105446392,0.4489893753694306
ND_donor_06_cell_064,demo,ND_donor_06,ND,beta,5.804549037604417,4.668133625567306,4.783286904399352,5.038178662068055,0.0,1.5179673273786887,12,1.1288614839959301,-1.7491104485216737,0.2665158982559599
ND_donor_06_cell_065,demo,ND_donor_06,ND,beta,6.533878732406736,0.595683816470463,2.862509527733385,4.809627634966222,0.0,-3.83956793918645,16,2.3439581051064584,5.248379221961744,-2.464793818589282
ND_donor_06_cell_066,demo,ND_donor_06,ND,beta,5.881601418724709,4.6676708936063545,5.0662074099731775,4.725537442406175,0.0,1.566982244882766,12,1.1334256251084307,-1.6471141887308451,0.3590935579296886
ND_donor_06_cell_067,demo,ND_donor_06,ND,beta,6.462346209822617,2.5904190580733326,2.723499104944488,4.5272528076833884,0.0,-2.4566921112212503,6,0.8142999528769534,3.0962518845586575,-0.15340763085583614
ND_donor_06_cell_068,demo,ND_donor_06,ND,beta,6.522930873897666,0.7709845195401216,1.6786731319867763,4.279306940939757,0.0,-4.4933836235578495,7,0.7221942534347141,4.811879565594531,-1.285440974705963
ND_donor_06_cell_069,demo,ND_donor_06,ND,beta,6.4652503212221415,2.431499245106007,1.856848577523646,4.732940738697255,0.0,-3.148985814195224,2,0.7848448439789495,3.813969942629285,-0.4943550071571505
ND_donor_06_cell_070,demo,ND_donor_06,ND,beta,6.109558824264235,4.203015416531964,4.089477168133685,5.331370780713329,0.0,0.18599717318842296,17,1.7406292810191024,0.22472676644340672,2.1144333707557434
ND_donor_06_cell_071,demo,ND_donor_06,ND,beta,5.8972805580559235,4.224967487349192,4.576364031050142,5.10835766930208,0.0,0.9120854847677938,8,2.08729240926949,-1.774958332349854,2.455370624748023
ND_donor_06_cell_072,demo,ND_donor_06,ND,beta,6.420454943412682,2.707766036700338,2.4951306814711076,4.865139536172336,0.0,-2.4542050971496314,2,0.8125670069656792,2.9607300216177115,-0.04214754753617023
ND_donor_06_cell_073,demo,ND_donor_06,ND,beta,6.263017036984861,2.9435215328425097,2.3901894139559756,5.192045603620866,0.0,-2.0793878858872756,3,1.0079002323203747,2.6857740980351927,0.9554876848402887
ND_donor_06_cell_074,demo,ND_donor_06,ND,beta,6.738504674329164,0.41101316923812903,0.41101316923812903,4.307778508124099,0.0,-5.975872556245528,23,3.0513839538005074,7.503827647151528,-3.2089892752619953
ND_donor_06_cell_075,demo,ND_donor_06,ND,beta,6.356666669806496,3.875007620689902,3.504356605820911,4.909222674285224,0.0,-0.8755803083675201,3,0.33958264265950255,1.6128265954802827,0.44691386075576656
ND_donor_06_cell_076,demo,ND_donor_06,ND,beta,6.5428049437438975,2.834651854655726,1.7998274940727559,4.4642827066974515,0.0,-3.0559628611946534,19,0.6151525919473508,4.0227824309280935,-0.7797990649788243
ND_donor_06_cell_077,demo,ND_donor_06,ND,beta,6.08703453443692,4.242850305177541,4.0061456294097955,5.078919259747778,0.0,0.19803689478433714,17,1.2532610153636785,-0.20230485174259397,2.035041044425904
ND_donor_06_cell_078,demo,ND_donor_06,ND,beta,5.489290703262829,5.098328930440649,5.13483818393455,4.877270488333111,0.0,2.6160167928581703,18,2.6043966364652134,-3.9763907692191385,1.8451019716690398
ND_donor_06_cell_079,demo,ND_donor_06,ND,beta,5.300104350358983,5.570458454108155,5.638513084535909,4.068154552339512,0.0,3.6151540729996494,18,1.6112075698754769,-4.690415143615686,-1.2658964905111436
ND_donor_06_cell_080,demo,ND_donor_06,ND,beta,6.323325407102521,3.8517315413442526,3.9634090810149205,4.817373832974368,0.0,-0.523624708817161,3,0.3493003874593734,1.2621186388305194,0.5847279207072137
ND_donor_06_cell_081,demo,ND_donor_06,ND,beta,6.049258898095686,4.62912474878115,4.287021934582408,4.601771341297495,0.0,0.715192178655111,20,0.7105914865121905,-1.031720464938323,0.6932228429309324
ND_donor_06_cell_082,demo,ND_donor_06,ND,beta,5.9282062030070835,4.47268114881537,4.507253375924111,4.869337658087784,0.0,0.9768274278152227,8,0.6482458283854147,-1.4964758868727688,1.7613672907974627
ND_donor_06_cell_083,demo,ND_donor_06,ND,beta,5.894756950833367,4.116166775053649,4.90941378025342,5.140089004848486,0.0,1.066065063574823,5,1.0882201432983534,-1.6207944367202545,1.974865187576321
ND_donor_06_cell_084,demo,ND_donor_06,ND,beta,6.538059726417913,2.2290305709890768,2.2290305709890768,4.7724610806308885,0.0,-3.1688528777639533,19,0.5860204093686407,4.212619816192373,-0.5261662576365943
ND_donor_06_cell_085,demo,ND_donor_06,ND,beta,6.421353077185406,2.1278300213024637,3.098421369579755,4.253008194493517,0.0,-2.4435493477225405,6,2.444299673302596,3.086154609905039,-1.4164641436933623
ND_donor_06_cell_086,demo,ND_donor_06,ND,beta,6.458104010406467,2.4139444622479616,0.7030624575525948,4.743779432688634,0.0,-3.9197322136955712,19,1.2186168253122487,3.869489526132457,0.5427185645863716
ND_donor_06_cell_087,demo,ND_donor_06,ND,beta,6.425502936585124,3.418963504688886,3.1502691039564312,4.890036101346273,0.0,-1.545204781521121,21,0.49219525431440303,2.3021717827163832,0.20052490975659296
ND_donor_06_cell_088,demo,ND_donor_06,ND,beta,5.765842391098895,4.52617527432979,4.749599392172035,4.92969485105689,0.0,1.4699444962989852,12,0.7107884078120374,-2.006846403508828,1.4584491894737837
ND_donor_06_cell_089,demo,ND_donor_06,ND,beta,6.392068211424291,2.3690401501766307,2.3123186149104353,4.685201306440631,0.0,-2.7535048930458665,0,0.7105032933196549,3.1982463033922466,-0.24193561300305527
ND_donor_06_cell_090,demo,ND_donor_06,ND,beta,6.46559944774923,2.6843773511184357,1.966503285073521,4.899216371224454,0.0,-2.9056309584038895,7,1.1078516183056513,3.880106460321364,0.4960613133873353
ND_donor_06_cell_091,demo,ND_donor_06,ND,beta,5.753870369601186,4.943546153242897,5.05476883692195,4.834017776349455,0.0,1.9774685146928923,8,0.9893766420226813,-2.527971994198203,1.3641589461105386
ND_donor_06_cell_092,demo,ND_donor_06,ND,beta,6.286210617103874,2.7614894929735954,3.667220749800415,4.4598274944449345,0.0,-1.390008202132687,3,0.5408955645978244,1.6846372531929306,0.22982229081010966
ND_donor_06_cell_093,demo,ND_donor_06,ND,beta,6.405944639564805,3.648141719758992,1.3073265590439367,4.806594963077596,0.0,-2.5879685573902895,6,0.7534841417493192,2.906621507631334,0.7258013482224971
ND_donor_06_cell_094,demo,ND_donor_06,ND,beta,6.249166820062072,3.316896436142906,3.6054317799104867,5.045151167121454,0.0,-0.9893019415830615,10,1.2060035428423292,1.2960501746188235,1.7131888918563647
ND_donor_06_cell_095,demo,ND_donor_06,ND,beta,6.473234319948172,1.913076478528921,1.7796648549858083,5.156023399466475,0.0,-3.564929609048907,16,1.982676541769771,4.633872525097869,0.25810032634919183
ND_donor_06_cell_096,demo,ND_donor_06,ND,beta,6.325878996062928,2.171370785083666,3.8892134870119484,4.714474530489298,0.0,-1.7117271884381435,17,0.2820263813229733,2.027985349137455,0.3751825367515589
ND_donor_06_cell_097,demo,ND_donor_06,ND,beta,6.454045909816817,1.1727331918733888,1.759099787810083,5.008859982011768,0.0,-4.043385284189628,19,2.3491474568367385,4.826890996088245,0.3710595519189657
ND_donor_06_cell_098,demo,ND_donor_06,ND,beta,6.458022822891681,2.0817004098752094,1.3432310065995696,4.897149141447972,0.0,-3.7154957554892176,19,0.8377779543423847,4.791497778065222,-1.1794409040719025
ND_donor_06_cell_099,demo,ND_donor_06,ND,beta,6.250077978571446,3.72023523722793,3.5609554414282854,4.895731072904588,0.0,-0.7485575042220498,20,0.2972640829739408,0.9233510114281219,1.0256200947034437
ND_donor_06_cell_100,demo,ND_donor_06,ND,beta,6.029077043714921,3.826883889803425,3.7640675383140745,5.051312198612904,0.0,-0.13932221457538962,10,0.584282347808391,0.06279218573452434,0.8673474370968611
ND_donor_06_cell_101,demo,ND_donor_06,ND,beta,6.637497195051753,1.7076750308501782,0.5254688059821759,4.677296765435929,0.0,-4.840921462328991,23,1.5972027395954882,6.33150986443272,-1.4694497944924414
ND_donor_06_cell_102,demo,ND_donor_06,ND,beta,6.212570285966286,4.349477088369763,4.349398612101785,5.107716414439502,0.0,0.27161529315316596,20,0.7366862638139864,0.7821300050884628,0.5655187168809098
ND_donor_06_cell_103,demo,ND_donor_06,ND,beta,6.016484359169344,3.0122695949124285,3.600140035945904,5.107156567307373,0.0,-0.7757811094158873,20,0.166241502410589,0.7389060387660704,0.992195657392785
ND_donor_06_cell_104,demo,ND_donor_06,ND,beta,6.416889912812424,3.086162638925983,3.7260267364971162,4.606687252516854,0.0,-1.3689388960042734,0,1.0862620624647024,2.189471979308442,-0.3780756501322722
ND_donor_06_cell_105,demo,ND_donor_06,ND,beta,6.123595142923486,4.6376482060098905,3.4985820095362192,4.936570754518935,0.0,0.05846562702403035,21,0.7734763771385156,-0.18285503869083264,1.662066493771135
ND_donor_06_cell_106,demo,ND_donor_06,ND,beta,6.5375497863074425,1.524041377833625,2.8029028192873167,4.368430987344353,0.0,-3.2597005583729275,16,2.2869994871244357,4.364551973872526,-1.9583143063738435
ND_donor_06_cell_107,demo,ND_donor_06,ND,beta,6.251024835193811,3.7319522094344535,2.5969237373769567,5.138948217533101,0.0,-1.387306554604932,3,1.866319652966582,1.6580067304986275,1.8815225471985089
ND_donor_06_cell_108,demo,ND_donor_06,ND,beta,6.127412938741517,4.1263041871715584,4.298704234861741,4.8561084136560595,0.0,0.24178110443837708,17,0.5194594022355954,-0.0019782950380794924,1.0585864619455418
ND_donor_06_cell_109,demo,ND_donor_06,ND,beta,5.914277850002931,4.8996197648404465,4.547080904688023,5.031412038208621,0.0,1.3168472436951455,8,0.5794765868181395,-1.6265446112110555,1.458849419617108
ND_donor_06_cell_110,demo,ND_donor_06,ND,beta,6.639862137228458,0.5166470309540573,1.6808712908496457,4.605985352473096,0.0,-4.875903969953706,23,1.5720856822207185,6.241289487644422,-1.4616964309573754
ND_donor_06_cell_111,demo,ND_donor_06,ND,beta,6.4905749201165985,2.4786935868464486,3.815746339300314,4.835961654063445,0.0,-1.8526381385338826,6,0.25444157224275354,2.7582368381673237,0.44825482579384196
ND_donor_06_cell_112,demo,ND_donor_06,ND,beta,6.016624086698766,4.757659985201383,4.41902101301009,5.123147941577093,0.0,0.9495016686082685,5,1.607814210635481,-0.7007304853335418,2.2204675320340046
ND_donor_06_cell_113,demo,ND_donor_06,ND,beta,6.044783788488649,4.24767542419985,4.268381475227615,5.015722263186359,0.0,0.4534657192686078,10,0.8698159680449127,-0.24925081324046505,1.2454509292789078
ND_donor_06_cell_114,demo,ND_donor_06,ND,beta,6.312911350587987,2.332287255366211,3.6695347000784593,4.534012096017679,0.0,-1.7265606272177179,3,0.29450141793080054,1.9065673845845441,0.3643359498619194
ND_donor_06_cell_115,demo,ND_donor_06,ND,beta,6.472228864918935,2.2293151726184215,1.352390897092158,4.726267491530429,0.0,-3.6355660357354007,7,1.0391363949506545,4.387239465577976,-0.8926038940380482
ND_donor_06_cell_116,demo,ND_donor_06,ND,beta,6.453300512338482,2.9418043835055316,3.2889909917952074,4.88864295607535,0.0,-1.824851723867178,3,0.21049727078253344,2.6948031943322404,0.4245807661786807
ND_donor_06_cell_117,demo,ND_donor_06,ND,beta,5.54185848476024,5.201714562785132,5.586291623559158,4.947390711311688,0.0,2.892321953435852,11,0.7769275587921225,-3.467539532777149,0.038207335256706935
ND_donor_06_cell_118,demo,ND_donor_06,ND,beta,6.478785984310801,2.2857212400543374,2.75389452028612,4.4327005795545675,0.0,-2.6718119730993646,2,2.2804399659762007,3.5890302812380512,-1.5556566998056238
ND_donor_06_cell_119,demo,ND_donor_06,ND,beta,6.39017608847983,4.049931241191184,4.127768441433411,4.481414628517025,0.0,-0.40135017289954866,21,1.6294583815162698,1.610977874391282,-0.48824611614712454
T2D_donor_01_cell_000,demo,T2D_donor_01,T2D,beta,5.97859099822825,4.652828914839165,4.776761196632739,4.832501920743145,0.0,1.187171606566743,10,1.1256322267796568,-1.0847718087300409,0.5604864789142402
T2D_donor_01_cell_001,demo,T2D_donor_01,T2D,beta,5.760393006433406,5.030570425038414,4.588979736972478,4.770993142790076,0.0,1.7127296271445407,8,0.7121595039407911,-2.400420175782145,1.1587750538602204
T2D_donor_01_cell_002,demo,T2D_donor_01,T2D,beta,5.171299940759649,5.587741462709647,5.5855560119749414,4.56941451709388,0.0,3.825328234275771,22,1.8748331260507127,-5.531980409259972,-0.18474117959212297
T2D_donor_01_cell_003,demo,T2D_donor_01,T2D,beta,6.085746940630553,4.772231611915099,4.467424759070027,4.68903568014174,0.0,0.8661717691640448,12,0.9494622872142768,-0.8758772810196095,1.4381648670559455
T2D_donor_01_cell_004,demo,T2D_donor_01,T2D,beta,5.779079819552349,5.242120680845074,5.21902680904264,4.887440593481213,0.0,2.243034150103231,11,0.34967553080118563,-2.3592195010034547,0.7116259917779674
T2D_donor_01_cell_005,demo,T2D_donor_01,T2D,beta,5.928590999801819,3.345409374883103,4.5377313484790225,5.261333141476009,0.0,0.2358886665728161,17,1.101047300440074,-0.5884076844533725,2.010092185063903
T2D_donor_01_cell_006,demo,T2D_donor_01,T2D,beta,5.743030467098502,4.8321033386287215,5.466687769048549,4.856804095804127,0.0,2.1975331060011607,12,0.41561595206187274,-2.210594261204667,0.8021365135794866
T2D_donor_01_cell_007,demo,T2D_donor_01,T2D,beta,5.864650035279209,4.951772805425935,4.884898550181755,4.6992614075785655,0.0,1.6681733649151347,5,0.6175438554975212,-2.389587886470839,1.2671997035217464
T2D_donor_01_cell_008,demo,T2D_donor_01,T2D,beta,3.6618214140513565,6.401758367402094,6.12981055579597,4.1602663798582284,0.0,7.48027896148529,15,5.7396115036962145,-10.992832681486474,-6.536521947200384
T2D_donor_01_cell_009,demo,T2D_donor_01,T2D,beta,6.031243724505519,3.9844612746527637,3.666804364044311,4.950645131497679,0.0,-0.10200056766357982,12,0.815709579600485,-0.12923112023352692,1.2136389112766475
T2D_donor_01_cell_010,demo,T2D_donor_01,T2D,beta,5.580730959363184,5.479382998883365,5.316660410187563,4.854461159058732,0.0,2.8286946823636754,11,0.6677891201520749,-3.6352422758390266,0.1655331539503542
T2D_donor_01_cell_011,demo,T2D_donor_01,T2D,beta,5.841431886504521,5.162926520919988,4.995904115659265,5.027653779786577,0.0,1.9270822869338637,12,0.6266419008147883,-1.732389807564006,0.791355430405012
T2D_donor_01_cell_012,demo,T2D_donor_01,T2D,beta,4.815230838065134,6.1146438098775775,6.057244084899041,4.385209517170747,0.0,5.143124741220563,4,3.102474009546923,-6.4934381777506065,-2.8509605475882203
T2D_donor_01_cell_013,demo,T2D_donor_01,T2D,beta,5.887974352528504,4.532325167300644,4.861661356488865,4.880783735755008,0.0,1.3272416194146845,12,1.3011007020097463,-2.0091854808258147,2.091262370379158
T2D_donor_01_cell_014,demo,T2D_donor_01,T2D,beta,4.665280653015669,5.868367632742228,6.07421442924095,4.800710102086979,0.0,5.260648906582135,9,2.647357405353021,-7.084044784213838,-1.3085958069241468
T2D_donor_01_cell_015,demo,T2D_donor_01,T2D,beta,4.468494534549365,5.68870291863298,5.717021995933396,4.919791759156723,0.0,5.257870752662193,9,3.4752760609317095,-7.813645227469311,-0.8665612315608764
T2D_donor_01_cell_016,demo,T2D_donor_01,T2D,beta,5.397053462475223,5.691985092728331,5.502767737978276,3.9865254776998387,0.0,3.4302576036623003,22,2.2268803833606787,-4.530336319333047,-1.8504439260794052
T2D_donor_01_cell_017,demo,T2D_donor_01,T2D,beta,5.089013330324465,5.568597596542301,5.618287961746977,4.549564279244776,0.0,3.983761259548122,9,1.9341701260693425,-5.676627955709741,-0.7052066216469524
T2D_donor_01_cell_018,demo,T2D_donor_01,T2D,beta,5.956937534597264,4.605091590896791,4.859613764956153,4.902617171766381,0.0,1.2497169658211111,12,0.562077690344049,-1.4636180111004764,1.077248676212154
T2D_donor_01_cell_019,demo,T2D_donor_01,T2D,beta,5.802778030577425,5.093666684493852,5.072893295365288,4.900160651731017,0.0,2.002059585498247,5,0.6049582745013113,-2.2729372359165896,1.0722686709870408
T2D_donor_01_cell_020,demo,T2D_donor_01,T2D,beta,6.062494916328594,4.827631876635485,4.645676548687687,4.430595648763416,0.0,1.0650347652455694,5,2.3138297064049107,-0.6909027993316025,-0.36777665697544626
T2D_donor_01_cell_021,demo,T2D_donor_01,T2D,beta,4.143604235987106,6.238391263642852,6.410535796678931,4.217581825328732,0.0,6.682814761884067,15,4.3425876935782,-9.432736973119793,-4.05923364012563
T2D_donor_01_cell_022,demo,T2D_donor_01,T2D,beta,5.179051070763462,5.8425590496748026,5.919389795921061,4.528319215847902,0.0,4.206523272551598,13,2.9750103480004375,-4.925020648116285,-2.3231914937987623
T2D_donor_01_cell_023,demo,T2D_donor_01,T2D,beta,5.858003260657609,5.1469866142111425,4.685881593036977,4.703988985596621,0.0,1.6788246090756633,5,0.5127795653538705,-2.0705187939653595,1.2110246085284706
T2D_donor_01_cell_024,demo,T2D_donor_01,T2D,beta,5.94137275607981,2.6222479967518963,3.866537950594746,4.751703558161407,0.0,-0.7243083009156353,17,0.5037119848059142,0.21591323503288568,0.8189397965158456
T2D_donor_01_cell_025,demo,T2D_donor_01,T2D,beta,3.4667952610254695,6.51860868818834,6.414920487702295,4.596019414389908,0.0,8.104077637243076,15,5.476992947827893,-11.297803612741331,-5.455915706936392
T2D_donor_01_cell_026,demo,T2D_donor_01,T2D,beta,6.050361189541247,4.645413280179232,4.1458102111783255,4.987961698908879,0.0,0.6297104993289696,21,0.5866620179596262,-0.7165106389328064,1.6853337122333445
T2D_donor_01_cell_027,demo,T2D_donor_01,T2D,beta,5.199004761922386,5.80954610137393,5.647963633159938,4.633995559039306,0.0,3.966423284581067,13,1.622379505911728,-4.752796646890725,-1.2685049946645515
T2D_donor_01_cell_028,demo,T2D_donor_01,T2D,beta,5.958862576567798,4.807911621302724,4.776362176996367,3.508215861170361,0.0,1.3273788066890533,5,2.959584196693325,-1.8066417434676056,-1.316840143857014
T2D_donor_01_cell_029,demo,T2D_donor_01,T2D,beta,5.7739419516839305,5.2848221329566405,5.110801391683998,4.657091598783249,0.0,2.2087761033328137,11,1.3375819367232875,-2.5909349930896117,-0.007323883061866583
T2D_donor_01_cell_030,demo,T2D_donor_01,T2D,beta,4.543999277417735,5.9378837245284,6.186240200265242,3.733130450585453,0.0,5.60277700129513,4,3.687472188654266,-8.459767817752457,-3.8383216108694365
T2D_donor_01_cell_031,demo,T2D_donor_01,T2D,beta,5.9743065776503785,3.675591393694757,4.529638894676314,4.8081464896816675,0.0,0.3702352435221501,10,0.4361108540710603,-0.7041105720548707,0.8170280314861225
T2D_donor_01_cell_032,demo,T2D_donor_01,T2D,beta,5.80606207265664,4.888149995405422,4.965029672364518,4.69650746371012,0.0,1.7852614713761583,8,2.0989917711813257,-1.6900272241933822,-0.4194323194268082
T2D_donor_01_cell_033,demo,T2D_donor_01,T2D,beta,4.456477435050067,5.892449827622808,5.736405551663662,3.794376415169662,0.0,5.430143092667496,22,3.2519298760742403,-8.141149040670115,-3.3122708916311683
T2D_donor_01_cell_034,demo,T2D_donor_01,T2D,beta,6.08891000984815,4.176580181537508,4.310045272216186,4.826776070588117,0.0,0.3532229142946883,17,0.726512370756045,-0.18615411133256196,1.3412193379952788
T2D_donor_01_cell_035,demo,T2D_donor_01,T2D,beta,6.285004501883352,3.9590940288979395,1.8912728179961396,4.996658102725194,0.0,-1.7678366031085093,3,0.8724291871631671,1.983881548614842,1.2375530879363694
T2D_donor_01_cell_036,demo,T2D_donor_01,T2D,beta,5.4797532245479115,5.415719138140952,5.153081764399518,4.843743604410698,0.0,2.8597040018193702,11,1.9730853092793383,-3.911321064608833,1.397276013316955
T2D_donor_01_cell_037,demo,T2D_donor_01,T2D,beta,5.878191358761536,4.323938403730084,4.550730665374518,5.218526600277551,0.0,0.9963883924032637,8,1.1915210173209365,-1.6149589727384783,2.0051322808799745
T2D_donor_01_cell_038,demo,T2D_donor_01,T2D,beta,4.562299625201424,6.098660728243549,6.122890580572718,4.603754085715426,0.0,5.635642983305351,4,3.1017570095545635,-7.427559057847521,-3.1478607864181964
T2D_donor_01_cell_039,demo,T2D_donor_01,T2D,beta,5.829294582603811,4.994931851086937,4.828982625998901,4.964087328442129,0.0,1.7241016218313163,5,0.37732679439020433,-2.0188334836514996,0.993352934095108
T2D_donor_01_cell_040,demo,T2D_donor_01,T2D,beta,5.519760802007896,4.869848689861757,5.755893987903201,5.286948340690434,0.0,2.821993090921013,1,0.5239829072362152,-3.101739162617523,0.32223961351996566
T2D_donor_01_cell_041,demo,T2D_donor_01,T2D,beta,3.901774758465412,6.20116515175612,6.417444528487918,3.6982670104061355,0.0,7.101540270525408,15,5.5550605922576475,-9.965537432236118,-6.731527808543235
T2D_donor_01_cell_042,demo,T2D_donor_01,T2D,beta,4.932540436602458,5.72815351505729,5.9600798945694,4.731436985678827,0.0,4.604273569417048,22,2.5082860279805095,-6.302932476526327,-0.36575492252928493
T2D_donor_01_cell_043,demo,T2D_donor_01,T2D,beta,5.842499939036185,4.725883727453071,4.514181226615331,4.900520901832043,0.0,1.307974971011728,5,0.697790217842976,-2.0892293808476006,1.4188267944735307
T2D_donor_01_cell_044,demo,T2D_donor_01,T2D,beta,6.363083675061666,3.0526835046546963,3.954318636983159,4.953700982492786,0.0,-1.1410767776741682,3,0.853378754148788,1.9934402587601945,1.2388013154044444
T2D_donor_01_cell_045,demo,T2D_donor_01,T2D,beta,4.894420719658623,6.044065314231324,6.064367127702889,4.735903148243379,0.0,4.956438655489926,13,2.8690750793323803,-6.1755057022009545,-2.274323432631195
T2D_donor_01_cell_046,demo,T2D_donor_01,T2D,beta,5.3906226513194,5.00883799319656,5.586278742693918,4.958435465158682,0.0,3.0368509530217835,13,1.3242788461230512,-4.16790193342389,0.3430783887774877
T2D_donor_01_cell_047,demo,T2D_donor_01,T2D,beta,5.803512204018633,5.093137219164534,4.993077158335347,4.859920378845444,0.0,1.9469720428800437,8,1.5030333407875522,-1.9983120874006657,-0.05409557870036063
T2D_donor_01_cell_048,demo,T2D_donor_01,T2D,beta,5.402829411201322,5.809494231879616,5.500515253307411,4.3022178429216416,0.0,3.4975497470649124,1,1.6082507854267343,-4.61092402117189,-1.1855045076283373
T2D_donor_01_cell_049,demo,T2D_donor_01,T2D,beta,5.3995495475635344,5.413878636307421,5.478345769676876,4.824114243321264,0.0,3.2217327871039925,1,1.3257825752099839,-4.12293907661575,-0.18887554677022778
T2D_donor_01_cell_050,demo,T2D_donor_01,T2D,beta,6.036652081140601,4.268985728597907,4.33074269269936,4.761673525632308,0.0,0.5243336260950883,21,1.948126013249099,-0.39109577255466416,-0.25893380653760434
T2D_donor_01_cell_051,demo,T2D_donor_01,T2D,beta,5.929469505817119,4.893163781005574,4.7159862315545,4.835895623035516,0.0,1.3978966001102313,5,0.5874163652604985,-1.7194464063821115,1.6758869232163502
T2D_donor_01_cell_052,demo,T2D_donor_01,T2D,beta,5.657287506268194,4.859423790282842,4.99755013160008,4.973700005520072,0.0,2.057845833850511,11,0.5648498156685431,-2.81321347106471,0.621086142993923
T2D_donor_01_cell_053,demo,T2D_donor_01,T2D,beta,5.984669748776797,4.006895611794136,4.915351826919906,4.780951669610757,0.0,0.8330027771802424,20,2.3857829539315523,-0.9662295146109147,-0.5221616989539261
T2D_donor_01_cell_054,demo,T2D_donor_01,T2D,beta,6.604649332788104,2.3265568873215092,1.2293216641842757,4.4565542950704256,0.0,-3.892793258797284,7,0.9858511848849165,5.231036379604442,-1.542282680281353
T2D_donor_01_cell_055,demo,T2D_donor_01,T2D,beta,5.728176736977284,5.195211622669845,5.238851674079632,4.954091343107435,0.0,2.317097494437663,1,0.9569973369791303,-2.173790289672952,0.25129398485198956
T2D_donor_01_cell_056,demo,T2D_donor_01,T2D,beta,5.376338291872372,5.434116794224994,5.495564685935436,4.7068718815931385,0.0,3.2890653266318175,22,1.2306422021347982,-4.21643480370187,-0.3694233532096052
T2D_donor_01_cell_057,demo,T2D_donor_01,T2D,beta,5.165299349987148,6.028183037457282,5.808104646928543,4.364095139512076,0.0,4.282300508436883,13,2.8033827890872525,-5.209937053871915,-2.192110924817225
T2D_donor_01_cell_058,demo,T2D_donor_01,T2D,beta,6.304192141227523,4.0582844158286004,3.407300327684355,4.737314564798752,0.0,-0.7215375863653821,3,1.2703070755145642,1.4079657780709292,-0.22943920827955247
T2D_donor_01_cell_059,demo,T2D_donor_01,T2D,beta,5.797436965326012,4.9162475256707605,4.6267028405497665,4.980765773780514,0.0,1.593545667208097,5,0.5618246167986385,-1.9188869827828883,1.198173755264172
T2D_donor_01_cell_060,demo,T2D_donor_01,T2D,beta,4.12830582910213,5.882756695866173,6.180933211312239,4.168121116044616,0.0,6.3170313930326,15,4.475212937465089,-9.10597556735878,-4.834701033804237
T2D_donor_01_cell_061,demo,T2D_donor_01,T2D,beta,6.127721429349796,3.7196969690010286,4.2529787719033365,4.981473926741509,0.0,-0.06372872382388856,21,0.530544037024514,0.36825108640344945,0.8481596441714165
T2D_donor_01_cell_062,demo,T2D_donor_01,T2D,beta,5.807048151749742,4.581677026209069,4.715715379834857,4.822957602367616,0.0,1.4098862808334285,12,1.2590785254005308,-1.8696607531137823,0.14765957680089456
T2D_donor_01_cell_063,demo,T2D_donor_01,T2D,beta,5.265852123187587,5.792914246548453,5.424430341213886,4.390305288054298,0.0,3.6842462473602016,9,1.5186334390009382,-4.950659544051478,-1.0337220195005667
T2D_donor_01_cell_064,demo,T2D_donor_01,T2D,beta,6.061712277441781,4.628111089622766,4.75069274480501,4.702468845153676,0.0,1.0020846932419818,21,2.4141220319918792,-0.5377433677141121,-0.6219300974649258
T2D_donor_01_cell_065,demo,T2D_donor_01,T2D,beta,5.64706548866864,5.596672706655927,5.201750196403106,4.312954064259666,0.0,2.7104816329538624,13,2.471932468102236,-3.0350907754178675,-1.0730906261947692
T2D_donor_01_cell_066,demo,T2D_donor_01,T2D,beta,3.289048039630226,6.453391279998302,6.431602210838473,3.9601577506738366,0.0,8.394064870244947,15,6.359203191845736,-11.978873023039423,-7.908011592708283
T2D_donor_01_cell_067,demo,T2D_donor_01,T2D,beta,5.640414855313075,4.886196293204269,5.135851496659235,4.739853994234864,0.0,2.1990788984373704,11,1.6490929976845319,-3.230660045728726,1.3642369988608716
T2D_donor_01_cell_068,demo,T2D_donor_01,T2D,beta,4.78745992276647,6.106874960014287,6.060586181790681,4.2610200020373545,0.0,5.190557379888232,13,2.807626844998489,-7.0253818585530645,-2.5972043641304827
T2D_donor_01_cell_069,demo,T2D_donor_01,T2D,beta,4.265534354901478,5.971950849601771,6.238104453199475,4.518838636986242,0.0,6.166221973681643,4,3.675035599991733,-8.538355835089638,-3.5806295107637003
T2D_donor_01_cell_070,demo,T2D_donor_01,T2D,beta,6.197655369523892,2.486944665900851,3.65980602303397,4.70281621985428,0.0,-1.4193803028183516,0,0.39675551037386736,1.1973426286778717,0.7003323005838199
T2D_donor_01_cell_071,demo,T2D_donor_01,T2D,beta,6.095467077557017,4.599370252346026,4.224120693783589,4.909535280061959,0.0,0.5691089887721349,10,0.5933771397009275,-0.39742130710545714,1.8170159907570085
T2D_donor_01_cell_072,demo,T2D_donor_01,T2D,beta,4.922125022111475,5.894010215797405,5.635966411460696,4.75256127725235,0.0,4.518271469108264,22,2.527876393939338,-6.396333783357302,-0.7110912829731383
T2D_donor_01_cell_073,demo,T2D_donor_01,T2D,beta,5.402163409533861,5.594432543866707,5.170266842538203,4.595970969480844,0.0,3.13271037242766,1,1.4318577564563002,-4.216806857446075,0.5113628980222256
T2D_donor_01_cell_074,demo,T2D_donor_01,T2D,beta,5.639531745221857,5.299933768697496,3.8614341532131133,4.835087633848246,0.0,1.627270501918117,5,0.5734050618635944,-2.386720410638184,0.5899053446592728
T2D_donor_01_cell_075,demo,T2D_donor_01,T2D,beta,4.7875937731085205,5.742340787150792,5.99526290862862,4.418984090396145,0.0,4.900642741044567,4,2.749782101832756,-7.176874199939607,-1.4005665879691358
T2D_donor_01_cell_076,demo,T2D_donor_01,T2D,beta,4.83384758057789,5.772675456670308,5.845844925513235,3.833887350513509,0.0,4.73714246488229,4,2.6851301250871353,-7.326709332781145,-2.0251845974655422
T2D_donor_01_cell_077,demo,T2D_donor_01,T2D,beta,5.7563836116300156,4.8822506903612775,4.379918702128158,4.696439544465119,0.0,1.4800711119170458,12,0.5265524992734072,-2.1717312691895936,0.7019504463789027
T2D_donor_01_cell_078,demo,T2D_donor_01,T2D,beta,5.951068306725466,4.930152183230303,4.537587897971876,4.497609656423513,0.0,1.2642777229075723,5,0.4291827418688774,-1.7375984387268946,1.0954771813231585
T2D_donor_01_cell_079,demo,T2D_donor_01,T2D,beta,5.745159837237856,5.203765191115094,5.231216985840051,4.479425231914997,0.0,2.286915944948139,5,0.8306640473636433,-2.9523275815605086,0.7620913614844776
T2D_donor_01_cell_080,demo,T2D_donor_01,T2D,beta,6.116360473447575,3.553329536986645,2.2731342491359277,5.0947276301911515,0.0,-1.4798635184584494,17,1.0077556438638577,1.3496964438846775,1.4853483799421783
T2D_donor_01_cell_081,demo,T2D_donor_01,T2D,beta,5.486979264201626,5.4551450546155,5.417171407710117,4.744690734459922,0.0,3.0498579421675927,1,1.4116951315211121,-4.068764358855491,0.6436316949203138
T2D_donor_01_cell_082,demo,T2D_donor_01,T2D,beta,5.815739642658084,5.240329731486952,5.056465535915361,5.017675842178067,0.0,2.06648923505933,12,0.9213460579589539,-1.8748980026575515,0.48551877823450024
T2D_donor_01_cell_083,demo,T2D_donor_01,T2D,beta,5.4585418450104,5.509810420324958,5.436623308684027,5.006744188689084,0.0,3.1514061951849235,8,0.9167933561178367,-3.6017876182088933,0.5806828206889941
T2D_donor_01_cell_084,demo,T2D_donor_01,T2D,beta,6.243378630892199,3.1082929377742365,4.296578248265304,4.943284025935785,0.0,-0.6571692413499115,3,0.6574332555761506,1.4920264184754044,0.2604217329545357
T2D_donor_01_cell_085,demo,T2D_donor_01,T2D,beta,6.158855311241043,4.576364031050142,3.4427916329350388,4.805261291208197,0.0,-0.08425085194433463,17,0.6498619222576565,0.16974080713581569,1.2626824502032523
T2D_donor_01_cell_086,demo,T2D_donor_01,T2D,beta,5.390795840267969,5.653754465167271,5.9330193068190455,4.755325302883584,0.0,3.703664257522965,9,2.3107788738239377,-3.8788130461733625,-1.4802775771225019
T2D_donor_01_cell_087,demo,T2D_donor_01,T2D,beta,6.270202747209559,3.2762280983329815,2.298303337882768,5.001903980401589,0.0,-1.929415893037926,6,1.1609994605339358,2.6331882805024676,-0.24684647966080528
T2D_donor_01_cell_088,demo,T2D_donor_01,T2D,beta,5.265256078286129,5.468332063839034,5.5141439210336305,4.647984243024779,0.0,3.526334349125901,18,1.2846786766091522,-4.575541899804464,-0.40278315979539314
T2D_donor_01_cell_089,demo,T2D_donor_01,T2D,beta,4.114647751924673,5.815469597745949,5.6033865429183765,4.59018422287085,0.0,5.910058058838702,4,4.029612077550682,-9.307912255780813,-2.088258909976767
T2D_donor_01_cell_090,demo,T2D_donor_01,T2D,beta,6.223047612751137,2.96545720436197,3.8993443537737362,4.7691881354663535,0.0,-0.9823706038738709,6,0.3744521526936113,1.2996045544377541,0.7544245918261225
T2D_donor_01_cell_091,demo,T2D_donor_01,T2D,beta,6.335102995979611,2.8392791727151687,3.4968157055372173,4.8269457733240815,0.0,-1.5403206866937968,3,0.6248028551814047,1.6489699411332421,1.1344834425515316
T2D_donor_01_cell_092,demo,T2D_donor_01,T2D,beta,6.07932728103765,4.540664435494691,4.187590802029613,5.097220556377969,0.0,0.534372509360963,21,0.6790267696189973,0.01748480841843724,0.6876214416992197
T2D_donor_01_cell_093,demo,T2D_donor_01,T2D,beta,5.410700910923087,5.375712735924537,5.3705853367506124,3.942182400748548,0.0,3.1036350933172883,18,1.6906589889234285,-4.379571888670218,-1.25724222791033
T2D_donor_01_cell_094,demo,T2D_donor_01,T2D,beta,5.521106264541063,5.375043527426004,5.072422273237645,4.138143357552529,0.0,2.7031896568047413,1,1.2218968325273751,-4.141971820149454,0.08992879425300679
T2D_donor_01_cell_095,demo,T2D_donor_01,T2D,beta,5.78274214381739,4.993020268107918,4.770549512577583,5.19174597283365,0.0,1.7682708485839227,5,0.45569821148445566,-1.8073095292884158,1.031285337608952
T2D_donor_01_cell_096,demo,T2D_donor_01,T2D,beta,5.025627344589113,6.077447284927439,5.643393933641733,4.353162339085421,0.0,4.459029355831081,9,2.484689336850294,-6.124252077804842,-1.6565862478318332
T2D_donor_01_cell_097,demo,T2D_donor_01,T2D,beta,5.626353915321832,5.347575587294898,4.87764089993519,5.254671195009216,0.0,2.3631915216443202,5,0.4762226412485626,-2.6016075185796277,0.5847484097920779
T2D_donor_01_cell_098,demo,T2D_donor_01,T2D,beta,5.635886139115799,5.029556203941884,5.07913039136824,4.771176777529451,0.0,2.2660903276227455,11,1.2937720746765224,-3.0352142767433965,1.0787514457909169
T2D_donor_01_cell_099,demo,T2D_donor_01,T2D,beta,5.899116456010011,4.62477866979539,3.6931528309690784,5.159628352073349,0.0,0.587658064524571,17,1.1804600850628084,-0.9515540399155669,1.8168706399963737
T2D_donor_01_cell_100,demo,T2D_donor_01,T2D,beta,5.049155880305609,5.868360739906935,5.854680482818226,4.601666282833787,0.0,4.416564337078517,9,2.245878133071945,-5.824689670368896,-1.2739890769992608
T2D_donor_01_cell_101,demo,T2D_donor_01,T2D,beta,4.641085972938276,6.173348760773325,6.040354643813443,4.39671045400367,0.0,5.4877270974928685,4,3.173096953802305,-7.26734449560597,-3.1747337066762684
T2D_donor_01_cell_102,demo,T2D_donor_01,T2D,beta,5.94759244673367,5.128680903489892,4.739193458808115,4.732538145001505,0.0,1.5394222541570541,5,1.1869186492016155,-1.6959186000575717,0.4417864735629596
T2D_donor_01_cell_103,demo,T2D_donor_01,T2D,beta,5.796600790126061,5.319289212829449,4.923446487792856,4.595758167778065,0.0,2.0655387390113087,11,1.7910133366064143,-2.31059112483606,-0.15938168073351466
T2D_donor_01_cell_104,demo,T2D_donor_01,T2D,beta,5.653575462219717,5.421249597669337,5.4253797943898485,4.481456622212483,0.0,2.7298984898736864,11,0.8803808441365071,-3.4681095270789686,-0.046826681099558065
T2D_donor_01_cell_105,demo,T2D_donor_01,T2D,beta,6.120702366437503,4.610228736422229,4.1240828098418305,5.057687294721789,0.0,0.4636771137954401,10,0.766646451590808,-0.0852499960950363,1.7234395167838694
T2D_donor_01_cell_106,demo,T2D_donor_01,T2D,beta,5.235673423370633,5.508991231915234,5.676985004256959,5.16392312763583,0.0,3.716439005399456,18,2.251454310249204,-5.066738181575489,0.836516328261477
T2D_donor_01_cell_107,demo,T2D_donor_01,T2D,beta,5.750645170370548,5.158890205943907,5.065563091092754,4.780117954231629,0.0,2.1358515712487223,8,0.6058624803109058,-2.483479035570205,0.9468035972994756
T2D_donor_01_cell_108,demo,T2D_donor_01,T2D,beta,5.845466649679457,4.893142845209194,4.504329188470821,3.9148315266265037,0.0,1.4088542253456866,1,2.2326968822929834,-2.177519837334894,-0.8569266946322891
T2D_donor_01_cell_109,demo,T2D_donor_01,T2D,beta,5.783542791011859,4.688664775761721,5.095203148626525,5.060053293141256,0.0,1.7786446775104816,12,0.6430175882338656,-1.896972546752646,0.7233305841796792
T2D_donor_01_cell_110,demo,T2D_donor_01,T2D,beta,6.021720290445285,4.282366657133222,4.497783664847011,4.386889881134796,0.0,0.6722323523784872,5,1.6478389842381995,-0.5649860626930974,0.03025989873286368
T2D_donor_01_cell_111,demo,T2D_donor_01,T2D,beta,5.51582343179178,5.260441282523383,5.035624622451251,5.231032372974938,0.0,2.610838861023253,8,0.5131825697717893,-2.8728405570934497,0.40946148702696444
T2D_donor_01_cell_112,demo,T2D_donor_01,T2D,beta,5.379123613899862,5.536141112906712,5.642605408072764,4.624103895336383,0.0,3.451217635213684,22,1.3059292611688313,-4.239250068724771,-0.2990012434269167
T2D_donor_01_cell_113,demo,T2D_donor_01,T2D,beta,5.567274775732857,5.2568261498535565,5.1840435182203475,4.951694990234985,0.0,2.6142431658052954,11,1.3070277893965736,-3.4583898343146546,0.7490280071003804
T2D_donor_01_cell_114,demo,T2D_donor_01,T2D,beta,5.760719822488436,5.176692121241376,4.652265121405863,4.745950125474653,0.0,1.8530698479212795,5,0.5659693656944977,-2.3824536001490104,0.5197534053628023
T2D_donor_01_cell_115,demo,T2D_donor_01,T2D,beta,5.769418393834783,4.985447800881936,5.338281133565745,4.444703279133319,0.0,2.1671719021528157,11,0.8500306956569839,-2.9257559990028965,0.21664100859950883
T2D_donor_01_cell_116,demo,T2D_donor_01,T2D,beta,5.79964139324832,4.313890714510534,4.77136402905967,4.8755859201368,0.0,1.2798781075526429,14,0.7157791561807594,-1.7198447911458226,0.7286747460053051
T2D_donor_01_cell_117,demo,T2D_donor_01,T2D,beta,6.065608632601735,4.0332587575590155,4.54318166237129,4.639386966038271,0.0,0.45480526143544325,5,0.6324484163195399,-0.8414068341730945,0.9875462360304142
T2D_donor_01_cell_118,demo,T2D_donor_01,T2D,beta,5.581560849276436,5.366205499181571,5.382925329119198,4.4702339339582675,0.0,2.795151688419048,1,0.9163355161566464,-3.8637937523929735,0.2789161012397015
T2D_donor_01_cell_119,demo,T2D_donor_01,T2D,beta,5.547381794528624,5.365779158675849,5.38533019720325,5.116237106087403,0.0,2.858550462495751,8,1.1051380763711505,-3.3463171059313854,0.8247438280277466
T2D_donor_02_cell_000,demo,T2D_donor_02,T2D,beta,5.6520108716747375,5.337465302603026,5.303504567636442,4.57430882190641,0.0,2.5946722041439294,11,1.2495404877389689,-2.949361223767811,-0.14545026998151914
T2D_donor_02_cell_001,demo,T2D_donor_02,T2D,beta,5.711634853303403,4.812861249469736,4.87775973756672,4.999536339587941,0.0,1.8475798998710733,14,0.4307209023517684,-2.335826628919448,0.9677067554338181
T2D_donor_02_cell_002,demo,T2D_donor_02,T2D,beta,4.905484729030524,5.95810418523145,5.6618865048593605,4.8129630642606545,0.0,4.609082413984329,13,2.3109950170384534,-6.408137457428003,-1.0712854294874157
T2D_donor_02_cell_003,demo,T2D_donor_02,T2D,beta,5.356296362377771,5.034665183303284,5.774199319814058,4.608312572852795,0.0,3.242341436971385,22,1.6047644082515173,-4.603360741038777,0.5965200544394823
T2D_donor_02_cell_004,demo,T2D_donor_02,T2D,beta,5.512180128166394,5.446914330338769,5.278344220519368,4.829050481544545,0.0,2.9056581276567774,13,0.8805801688121342,-3.585779801618967,0.4851319937336353
T2D_donor_02_cell_005,demo,T2D_donor_02,T2D,beta,5.525278845714523,5.24155480577206,4.912461981817147,4.836954472410535,0.0,2.498526223661771,1,1.4667250555300955,-3.678345566302573,0.9502294216260485
T2D_donor_02_cell_006,demo,T2D_donor_02,T2D,beta,5.3816104400687355,5.229943466467426,5.362589831911002,4.930637670466255,0.0,3.0527633919005623,13,1.1682366056856122,-3.9837420850297423,0.5467447269955216
T2D_donor_02_cell_007,demo,T2D_donor_02,T2D,beta,6.041168600306001,4.485938557418377,4.133367696038269,5.204060839565344,0.0,0.530476503614947,10,1.4321853755012075,-0.4573152477817327,2.1337026463804922
T2D_donor_02_cell_008,demo,T2D_donor_02,T2D,beta,5.695438160841323,4.961890292724002,5.631660915661174,4.513793896877061,0.0,2.481913285909509,5,1.9249554098434976,-2.7902695752002056,-0.48886781632268983
T2D_donor_02_cell_009,demo,T2D_donor_02,T2D,beta,5.617229743809494,5.10705131827104,5.275370787437578,5.104774999585338,0.0,2.4835494288398845,8,1.2160717766200024,-3.1380225126375554,1.0434774497143826
T2D_donor_02_cell_010,demo,T2D_donor_02,T2D,beta,5.430870216294589,5.310262065243409,5.410349717447305,4.8551052999613615,0.0,3.049441942379906,18,2.0570684183598518,-4.190491438982183,1.310010090403164
T2D_donor_02_cell_011,demo,T2D_donor_02,T2D,beta,5.881562493884212,4.575378858199853,4.827125774759375,4.931444590811467,0.0,1.344833488630191,8,0.7793767954095818,-1.8605803236842953,1.6300816695492837
T2D_donor_02_cell_012,demo,T2D_donor_02,T2D,beta,5.41986971188589,5.371952097231601,5.491536964793395,5.0012828404100755,0.0,3.1653611977019316,1,2.8259151562570457,-4.3304949222587945,1.6933539062379046
T2D_donor_02_cell_013,demo,T2D_donor_02,T2D,beta,4.618284348881387,6.102537319606773,6.113560384831464,4.424409323379638,0.0,5.530334769161753,4,2.756937884530335,-7.70705664245396,-2.58557885310742
T2D_donor_02_cell_014,demo,T2D_donor_02,T2D,beta,6.079785331240905,4.35406893548069,4.833347559268111,4.794132270018255,0.0,0.839644821597729,21,0.48571886636513106,-0.7589138500898246,0.9408464334503062
T2D_donor_02_cell_015,demo,T2D_donor_02,T2D,beta,4.860220351204832,6.187263533894965,5.91154860046676,4.540069077196961,0.0,5.012943031302761,22,2.3094876434691693,-6.602322129153459,-1.4360735100225333
T2D_donor_02_cell_016,demo,T2D_donor_02,T2D,beta,5.460258210949725,5.399998965781168,5.342110282867984,4.805927377760211,0.0,3.0109642495415647,18,0.8746468171111061,-3.929351887208611,0.3798035246123711
T2D_donor_02_cell_017,demo,T2D_donor_02,T2D,beta,6.131811819699264,3.494622533963832,3.5227552216777753,5.0424516707365425,0.0,-0.7115456173570273,10,0.9071455099886032,0.6107216553361575,1.591654102719819
T2D_donor_02_cell_018,demo,T2D_donor_02,T2D,beta,5.096605460502862,5.615759702314698,5.458668519843661,4.754992046177489,0.0,3.895009728239968,22,1.9301388651299343,-5.512151568938734,0.11025139905238099
T2D_donor_02_cell_019,demo,T2D_donor_02,T2D,beta,5.794016410851513,5.294749217352637,5.199101371498175,4.787965171381056,0.0,2.2380867779329576,12,2.9941903544454886,-1.6253866026074304,-1.3375092965580206
T2D_donor_02_cell_020,demo,T2D_donor_02,T2D,beta,5.057754251882188,5.73773185441953,5.970530083838487,4.491881806795294,0.0,4.390308553833819,22,2.2311761394684284,-6.140472792419431,-0.5775945113410614
T2D_donor_02_cell_021,demo,T2D_donor_02,T2D,beta,5.256036353415084,5.673778699843885,5.5794578621380495,3.8183934101423467,0.0,3.725400202637865,9,2.71966294597764,-5.092170760160044,-2.0542638879823127
T2D_donor_02_cell_022,demo,T2D_donor_02,T2D,beta,5.156867255499168,5.756966174413585,5.876705058672906,4.701374592474181,0.0,4.160504529358321,1,1.6733564406338308,-5.098870249084176,-0.9057178307387487
T2D_donor_02_cell_023,demo,T2D_donor_02,T2D,beta,5.135799912537067,5.342967471750684,5.537262910690175,4.926653652602342,0.0,3.6923351597214116,18,1.3687405675023383,-5.321582776644044,-0.2324294249193568
T2D_donor_02_cell_024,demo,T2D_donor_02,T2D,beta,5.84458546005055,4.359216872504943,4.739853999739569,4.987162613831203,0.0,1.2077523873019973,8,0.556219611224237,-1.60725862751905,1.3572475291353954
T2D_donor_02_cell_025,demo,T2D_donor_02,T2D,beta,5.001280256754818,5.9498240391114114,5.819627727146363,4.457622448027716,0.0,4.535035628915037,13,2.124771345859558,-5.967864360702779,-1.0750886696514401
T2D_donor_02_cell_026,demo,T2D_donor_02,T2D,beta,6.050938951207578,4.139244725645285,4.346148002659336,4.624041238760369,0.0,0.42114818681971966,17,0.4876007057923939,-0.6273954483999861,1.0954027744151362
T2D_donor_02_cell_027,demo,T2D_donor_02,T2D,beta,6.136320017141509,4.584839608363201,4.642594974550798,5.06662828533382,0.0,0.7650638816303534,21,0.7729694312444879,-0.3833238496972387,0.7876651564833941
T2D_donor_02_cell_028,demo,T2D_donor_02,T2D,beta,5.556564300702286,5.209760878556168,5.14452548756524,4.904202418383547,0.0,2.575501128351343,1,0.7151224029452283,-3.4285287445322403,0.4127270329403907
T2D_donor_02_cell_029,demo,T2D_donor_02,T2D,beta,5.367041691276743,5.377263110992171,5.7706950084854025,4.640576452654572,0.0,3.4516497397025634,18,1.32003191586577,-4.813362734223382,0.0478444374333345
T2D_donor_02_cell_030,demo,T2D_donor_02,T2D,beta,5.111441937773089,6.045527201517623,5.928828689932153,4.528912359629357,0.0,4.472586033071707,9,2.690599221900338,-5.6824255010907105,-1.9290363625712346
T2D_donor_02_cell_031,demo,T2D_donor_02,T2D,beta,4.484415454720721,5.8524730009857375,6.229447749640604,4.523079699398589,0.0,5.682270583430407,4,3.075280768347892,-8.035509033557117,-2.956164311269284
T2D_donor_02_cell_032,demo,T2D_donor_02,T2D,beta,5.583716197569344,5.234815349106657,5.025558641991599,4.783101411539207,0.0,2.4635035599862958,1,0.8817116423597069,-3.2365580788757473,0.569895600265041
T2D_donor_02_cell_033,demo,T2D_donor_02,T2D,beta,5.178663584144635,5.423399376118057,5.403833445545291,5.1065840058975125,0.0,3.5794917353267,18,2.250199012238139,-5.3174258740802385,0.8095749018868666
T2D_donor_02_cell_034,demo,T2D_donor_02,T2D,beta,5.398042937870013,5.274154785766709,5.158890205943907,5.01328329719607,0.0,2.9164749613569927,11,3.0303987202011564,-4.432610798227748,1.8036645892508296
T2D_donor_02_cell_035,demo,T2D_donor_02,T2D,beta,5.4391703014323385,5.141348838180225,5.38042619969237,4.761628133059758,0.0,2.900373521010381,11,1.6130848876937929,-3.7153815273890616,-0.7146516233065151
T2D_donor_02_cell_036,demo,T2D_donor_02,T2D,beta,5.634986131703493,4.954342522805824,5.37818493153397,5.052692871847221,0.0,2.4170412554001177,11,2.243712837022355,-3.205468904883925,1.8907519165932034
T2D_donor_02_cell_037,demo,T2D_donor_02,T2D,beta,5.563217453628144,5.160309536626675,5.435522962768589,4.755762331067906,0.0,2.7247266980479123,13,0.6114427152611865,-3.350991424138972,0.23118061949037458
T2D_donor_02_cell_038,demo,T2D_donor_02,T2D,beta,5.8789551419297315,5.173466439063028,4.923174642660608,4.1999776375938636,0.0,1.8173867549238802,12,1.985587545072403,-2.285501671228253,-0.5670580133182646
T2D_donor_02_cell_039,demo,T2D_donor_02,T2D,beta,5.136769033406929,5.496096894771787,5.714472917666262,4.907579632057757,0.0,3.912452635054226,13,1.2691403456143195,-5.03508252631411,-0.4650711901647371
T2D_donor_02_cell_040,demo,T2D_donor_02,T2D,beta,5.334952493917518,5.7008193691898965,5.797160461846702,4.857333165250188,0.0,3.745957409904124,11,1.2462771697425286,-4.622427713506328,0.1571458838444244
T2D_donor_02_cell_041,demo,T2D_donor_02,T2D,beta,5.951487956350777,4.845830604739972,4.923799743912991,4.656631882641793,0.0,1.4649943226922377,8,0.8012734963320396,-1.556779280994544,0.5960837606009177
T2D_donor_02_cell_042,demo,T2D_donor_02,T2D,beta,6.024942721803856,4.47829144327894,4.716299239369155,4.9438150979745785,0.0,0.944766889641413,17,0.6166325841750844,-0.8105382152530711,1.2365767992004078
T2D_donor_02_cell_043,demo,T2D_donor_02,T2D,beta,5.919981092148767,4.8881499954054215,4.714755118254558,5.11231526447138,0.0,1.4109232229371165,10,0.8693669813783886,-0.6665931378422274,0.613919963667891
T2D_donor_02_cell_044,demo,T2D_donor_02,T2D,beta,5.42278490239233,5.6590852039089885,5.571156830934236,4.235790586537135,0.0,3.407075847612803,1,1.5202516577766545,-4.208560020229439,-0.7206510650319196
T2D_donor_02_cell_045,demo,T2D_donor_02,T2D,beta,5.710874711705364,4.90129565629543,4.134914130789669,3.9591821212563123,0.0,1.4116695491567415,5,3.4982601627048586,-2.1707047694121138,-1.9050813080219169
T2D_donor_02_cell_046,demo,T2D_donor_02,T2D,beta,5.94552522972092,4.031128149516352,4.703618997922962,4.974315162652956,0.0,0.7788009887205343,12,0.6775052910494663,-0.9699362177444546,1.0361949954766778
T2D_donor_02_cell_047,demo,T2D_donor_02,T2D,beta,5.173538882973064,5.492199101813693,5.717854745866144,4.713592105467842,0.0,3.8453019068415566,22,1.6377709381920065,-5.4049731158642205,-0.37409707535085146
T2D_donor_02_cell_048,demo,T2D_donor_02,T2D,beta,4.898631424057327,6.235007819799853,6.068861255903191,3.5979131004627227,0.0,5.080636496273622,4,3.786118083049634,-6.933799160488039,-3.9926422664346317
T2D_donor_02_cell_049,demo,T2D_donor_02,T2D,beta,6.028287300444364,4.282911126069652,4.305865404436905,4.6538463400091326,0.0,0.532279471353696,14,0.6388123151043166,-0.8072441038809347,0.7307348322289396
T2D_donor_02_cell_050,demo,T2D_donor_02,T2D,beta,5.991164180803261,3.4024163400108884,4.6184856799090515,4.986193354671144,0.0,0.2147304251473962,20,0.7501346831360394,-0.30925776575793373,0.5691142350728279
T2D_donor_02_cell_051,demo,T2D_donor_02,T2D,beta,5.491856943612434,5.414374658193518,5.607722177601706,4.720200443746075,0.0,3.140967045063177,11,1.4787992424349596,-3.465158359293209,-0.5124616983749203
T2D_donor_02_cell_052,demo,T2D_donor_02,T2D,beta,5.44951477729939,5.301459912104784,5.277888131219153,4.648760177259627,0.0,2.921022993508145,18,1.0891669576332639,-3.7632419967860855,-0.31132764782332556
T2D_donor_02_cell_053,demo,T2D_donor_02,T2D,beta,6.445379081599657,1.3485468295767604,1.955933859159013,5.113205273396777,0.0,-3.7773318527567947,7,1.0539217175870466,4.7729888276044345,-0.4957475356197022
T2D_donor_02_cell_054,demo,T2D_donor_02,T2D,beta,5.591026053533851,5.261626980806652,5.358305886109231,3.1914444097638093,0.0,2.690925552361484,13,4.896168679987169,-3.444963950450776,-4.163572637010357
T2D_donor_02_cell_055,demo,T2D_donor_02,T2D,beta,6.023487175644758,4.309055706561901,4.139470129168783,5.078298496597304,0.0,0.44732068267319536,17,0.6468598227646183,-0.4467113692129781,1.7655909446081648
T2D_donor_02_cell_056,demo,T2D_donor_02,T2D,beta,5.122735197125195,5.541827303008798,5.726640071111295,4.4848888749801015,0.0,3.9769380595396773,22,2.004151187798482,-5.4391447299872135,-1.0467474160177426
T2D_donor_02_cell_057,demo,T2D_donor_02,T2D,beta,4.504642896136789,6.257009383634092,5.907109847607441,4.04034255809777,0.0,5.702851097146062,4,3.1786664746219655,-8.19106936679245,-2.8868109585482613
T2D_donor_02_cell_058,demo,T2D_donor_02,T2D,beta,5.806255447669977,4.371589137392759,4.576496063330917,5.098155054502435,0.0,1.1764312150632532,14,0.7653979229942252,-1.8375680332434405,1.5762227533414432
T2D_donor_02_cell_059,demo,T2D_donor_02,T2D,beta,6.3566042257131405,3.719615063553435,2.265379200980988,4.820526858694015,0.0,-1.8091919648329742,6,0.8533306275293366,2.188494183594754,1.1449638619767846
T2D_donor_02_cell_060,demo,T2D_donor_02,T2D,beta,6.0516828702014305,4.714453685187433,4.1502833843602,5.314084478398503,0.0,0.6768877395984453,20,0.4541286472220136,-0.5773779483735223,1.2060940122453652
T2D_donor_02_cell_061,demo,T2D_donor_02,T2D,beta,4.999160711609519,5.987058556624078,5.674234305006738,4.564715818289568,0.0,4.4667414101956275,18,2.9423945435584047,-6.535485470829751,-0.0875478700979686
T2D_donor_02_cell_062,demo,T2D_donor_02,T2D,beta,5.93814040589786,4.136327320909801,4.64622679009025,4.1210931806423,0.0,0.8248017889043733,8,2.2352059685554986,-1.1936492017060145,-0.3358656802160156
T2D_donor_02_cell_063,demo,T2D_donor_02,T2D,beta,5.197086813841997,5.384554922549725,5.6166266381811365,4.482336128366678,0.0,3.6621784505140793,13,1.4723553812292929,-5.074401067567034,-0.7212626794180179
T2D_donor_02_cell_064,demo,T2D_donor_02,T2D,beta,6.1181537572722275,4.592048162770668,4.715015924786547,4.863625961917648,0.0,0.8513717610342656,10,0.4843780538133631,-0.47628954002136137,1.2070525942092765
T2D_donor_02_cell_065,demo,T2D_donor_02,T2D,beta,6.068405866143024,3.9166866470814385,4.43961989838164,4.328282040344192,0.0,0.3017848345681008,21,1.889201762775829,-0.36665284749726945,-0.2100958858513875
T2D_donor_02_cell_066,demo,T2D_donor_02,T2D,beta,5.802281027562434,5.23202756276504,4.876122738266554,4.838305770909362,0.0,1.9646825007576114,12,0.6960337928912521,-2.3414672076720464,1.2108020843497986
T2D_donor_02_cell_067,demo,T2D_donor_02,T2D,beta,6.164824575700143,4.681123141280113,3.844886209442931,4.969560130625744,0.0,0.24459448453501825,10,0.7402051286181424,0.172663732528625,0.5208466281057893
T2D_donor_02_cell_068,demo,T2D_donor_02,T2D,beta,5.2763632152209565,5.740762089745055,5.666659668851639,4.577775680693048,0.0,3.7920166675901665,1,1.1162324572226492,-4.882482010025136,-0.17503350858629396
T2D_donor_02_cell_069,demo,T2D_donor_02,T2D,beta,6.229068867302038,3.897742123469313,4.246442269970316,4.707266272691348,0.0,-0.13203714934047622,17,0.775525849407166,0.5044392724327385,0.6611624473071713
T2D_donor_02_cell_070,demo,T2D_donor_02,T2D,beta,5.786297492579481,4.639737740367534,4.543782406811049,4.90251671807765,0.0,1.371728383430578,5,1.681503753546787,-2.5354594026737316,1.9913534106125461
T2D_donor_02_cell_071,demo,T2D_donor_02,T2D,beta,5.397143432621428,5.562608620747127,4.84336698102526,5.003590462010638,0.0,2.901659225842521,18,1.316608583874996,-3.8963530214588014,0.751295987098607
T2D_donor_02_cell_072,demo,T2D_donor_02,T2D,beta,6.0031224029703285,3.807434380943306,4.358931328433654,5.15551439313485,0.0,0.2926569577586407,20,0.5753632724443003,-0.4492095980157376,1.7175251432099512
T2D_donor_02_cell_073,demo,T2D_donor_02,T2D,beta,6.348399836645205,2.784640101334069,3.099516255011829,4.939202893275144,0.0,-1.8671314658696834,6,0.3638166538240366,2.561809654813535,0.5551538084587379
T2D_donor_02_cell_074,demo,T2D_donor_02,T2D,beta,5.095947245326032,5.821787151799836,5.813285058653017,3.687125224780937,0.0,4.27246056275408,4,2.91897520255194,-6.19685216302369,-2.3077335416693017
T2D_donor_02_cell_075,demo,T2D_donor_02,T2D,beta,6.111525702346005,3.551906021285455,2.873991370592306,4.549807390651483,0.0,-1.070070626812654,20,0.6838764112061293,1.1986710355294925,0.3055750266063084
T2D_donor_02_cell_076,demo,T2D_donor_02,T2D,beta,6.131635940952814,4.170125189322553,4.305429584806055,5.141418239868458,0.0,0.26817867281267777,21,0.5024703957231003,0.23191400024267492,1.0178340862430435
T2D_donor_02_cell_077,demo,T2D_donor_02,T2D,beta,4.904581414286069,6.124252739399673,5.942702007863901,3.5862575603189626,0.0,4.910697267674778,4,2.851344936401923,-7.005005739242192,-2.8013650457090953
T2D_donor_02_cell_078,demo,T2D_donor_02,T2D,beta,6.087450549252268,4.164967589688916,4.506286394468303,4.887986755155942,0.0,0.47932296690397425,10,0.8996976184480019,-0.6049807797144392,1.9434976605665224
T2D_donor_02_cell_079,demo,T2D_donor_02,T2D,beta,5.744994228834777,4.9249794886531495,5.312657681885968,4.789985116891113,0.0,2.153589019232673,14,0.8817496020870585,-2.480852466714173,1.1768514298609292
T2D_donor_02_cell_080,demo,T2D_donor_02,T2D,beta,5.346187095323501,5.329082539030067,5.4149970355304315,4.8695070306922945,0.0,3.2190555944886388,11,1.936542734826511,-4.554205498269809,0.8647507862747034
T2D_donor_02_cell_081,demo,T2D_donor_02,T2D,beta,6.400633874641883,2.658163997184027,3.4576205241265385,4.353099101458526,0.0,-1.807770371479699,0,1.1202009802549329,2.248618156854366,-0.3987972323425055
T2D_donor_02_cell_082,demo,T2D_donor_02,T2D,beta,5.738580282290988,4.843934624244793,4.888237737342273,4.821436958921077,0.0,1.8266169556955103,11,1.0340466725219821,-2.5623238984550913,0.13546725838818902
T2D_donor_02_cell_083,demo,T2D_donor_02,T2D,beta,5.708482120280861,4.771047493348853,4.81836782710301,5.17954643889753,0.0,1.785359023937049,8,1.7422139035945596,-2.8244286757925683,1.8691605559655813
T2D_donor_02_cell_084,demo,T2D_donor_02,T2D,beta,3.7918307199829338,6.347250824202229,6.26011274144967,4.079700978839688,0.0,7.294542793061525,15,5.230192348616014,-10.755968232937064,-5.313312190958081
T2D_donor_02_cell_085,demo,T2D_donor_02,T2D,beta,5.455062678660978,5.387623237070967,5.156015987298122,4.737487488399304,0.0,2.8875533316743907,13,1.3501218008449358,-3.8542460303086132,-0.6444381356298379
T2D_donor_02_cell_086,demo,T2D_donor_02,T2D,beta,4.991230613238175,5.835658962547515,5.646288535209377,4.536164801934546,0.0,4.360291485827165,9,2.5715359509893014,-6.365358684220462,-0.6462835232345635
T2D_donor_02_cell_087,demo,T2D_donor_02,T2D,beta,6.572594530584865,1.9773602573233764,2.112998289117976,4.530814995679131,0.0,-3.479017182528077,7,0.8485434975265056,4.875716729250876,-1.06309222125587
T2D_donor_02_cell_088,demo,T2D_donor_02,T2D,beta,6.525134358346835,2.7574346760857384,2.032792222219142,4.879384565685361,0.0,-2.9201182501876755,16,0.611639618977823,4.208658239685233,-0.6101732363947953
T2D_donor_02_cell_089,demo,T2D_donor_02,T2D,beta,4.992226293145339,5.7189559204137375,5.394732805113629,4.975341939933604,0.0,4.111447095547702,22,2.258108874948392,-5.8756880295960805,-0.04174853649539024
T2D_donor_02_cell_090,demo,T2D_donor_02,T2D,beta,5.779352679944893,4.70492279924442,4.8294278771319545,4.9423484396039745,0.0,1.619421944041461,12,0.3440380697124361,-2.395556752376213,0.7043271088130691
T2D_donor_02_cell_091,demo,T2D_donor_02,T2D,beta,4.974163079308887,5.584744005685778,5.562268488530968,4.875673423064324,0.0,4.165775562298023,9,3.5258443598128695,-6.476159056681965,0.8897837855309002
T2D_donor_02_cell_092,demo,T2D_donor_02,T2D,beta,6.2394002712459535,3.604116547977713,3.6608948220444733,4.999267605109844,0.0,-0.740656286673474,21,0.9904419554394384,0.8344449896384113,1.599404289901174
T2D_donor_02_cell_093,demo,T2D_donor_02,T2D,beta,5.418997177803299,5.4435329286915275,5.758477086130296,4.736656933844879,0.0,3.3938277235584335,13,1.2931953600099826,-4.238999166924756,0.1858217726085499
T2D_donor_02_cell_094,demo,T2D_donor_02,T2D,beta,5.985396850669524,3.6299561218720617,4.59549929370966,4.572146344063699,0.0,0.3633605344352161,20,2.014019227070139,-0.4005935377681093,-0.30481644837638994
T2D_donor_02_cell_095,demo,T2D_donor_02,T2D,beta,4.684686567938497,6.150149934123553,6.2766996396206265,4.3773215775354055,0.0,5.550998544810962,4,3.3713672698914765,-7.136104631482777,-3.348201133347089
T2D_donor_02_cell_096,demo,T2D_donor_02,T2D,beta,5.190668938780579,5.819843574334972,5.619487690988126,4.7405223725396,0.0,3.96946109156843,1,1.6257340113833223,-5.082466826906605,-0.7759636436685011
T2D_donor_02_cell_097,demo,T2D_donor_02,T2D,beta,5.095773780004016,5.766704312589289,5.706881338375695,4.948208965643933,0.0,4.164424441394817,18,1.740511859064667,-5.439300957136214,0.10724770486695243
T2D_donor_02_cell_098,demo,T2D_donor_02,T2D,beta,5.426050143455755,5.415464502648297,5.508977320873321,4.75718717027743,0.0,3.1951636837551236,1,1.160450373083207,-3.884745133162405,-0.5633462169584194
T2D_donor_02_cell_099,demo,T2D_donor_02,T2D,beta,6.160715899563372,4.412034550095127,3.381950641191449,5.090271492730802,0.0,-0.23921439511999348,10,1.5051653121438733,0.30359722314428716,2.020631366536083
T2D_donor_02_cell_100,demo,T2D_donor_02,T2D,beta,5.544342890148419,5.371751920142694,5.219095263646916,4.883577666427796,0.0,2.756889143590436,18,1.1084058243673587,-3.4349582658767397,-0.24676709550703177
T2D_donor_02_cell_101,demo,T2D_donor_02,T2D,beta,6.305744076051783,3.658737904440766,1.5071067341442583,4.882885245756064,0.0,-2.2651772501916763,6,0.6814834123227467,2.2735868728412303,0.749333696166915
T2D_donor_02_cell_102,demo,T2D_donor_02,T2D,beta,5.523395227156443,5.2202322555926495,5.15302992407046,4.95897098521604,0.0,2.6484993905372582,8,2.0855818514226128,-3.750748142255248,1.5411559015639453
T2D_donor_02_cell_103,demo,T2D_donor_02,T2D,beta,5.551124424138552,5.144269231286328,5.3126481172964715,5.179651979536817,0.0,2.653664346499232,1,2.1934982715429046,-3.5562805531529507,1.6143513694693585
T2D_donor_02_cell_104,demo,T2D_donor_02,T2D,beta,5.58321652540836,5.422307425938112,5.327126990421234,5.271848492250227,0.0,2.7926705112160857,11,0.3961171755379418,-2.9489260151400893,0.5158133972264533
T2D_donor_02_cell_105,demo,T2D_donor_02,T2D,beta,6.091902901133926,4.309176968778258,4.342751778810781,4.658620885938547,0.0,0.45913770561121925,20,1.5414367891399365,-0.356959272009208,0.05739177323206404
T2D_donor_02_cell_106,demo,T2D_donor_02,T2D,beta,4.5631940380372935,5.936670023663413,5.958121275075372,4.482746228684571,0.0,5.414484503756644,4,2.8508331477025033,-7.742793898171141,-2.0987766583852454
T2D_donor_02_cell_107,demo,T2D_donor_02,T2D,beta,5.699578278512358,4.962613387315039,5.558407866643536,4.741809373366389,0.0,2.425875569764222,1,0.8453139695631036,-2.867673037252709,0.2652770008614842
T2D_donor_02_cell_108,demo,T2D_donor_02,T2D,beta,5.0831807751447196,5.483358851025199,5.874709327523468,4.510779116076939,0.0,4.108384959752869,22,2.253956811388,-5.858379871276981,-1.0554441083937587
T2D_donor_02_cell_109,demo,T2D_donor_02,T2D,beta,5.187703263635097,5.410964052937976,5.056787985836474,4.893827035354179,0.0,3.322509925409096,9,1.3139400565670432,-4.801040196393783,-1.1875801346855734
T2D_donor_02_cell_110,demo,T2D_donor_02,T2D,beta,5.435691936478706,5.54923780581812,5.488168166749858,4.985021323438431,0.0,3.253994410679798,13,1.316649026801712,-3.8256825588076215,-0.6298445589756824
T2D_donor_02_cell_111,demo,T2D_donor_02,T2D,beta,4.208223952500072,6.1462240540460495,6.3630184616446055,4.316906858986643,0.0,6.47147034028977,4,3.897788114092786,-9.123902222678826,-3.5807321022898617
T2D_donor_02_cell_112,demo,T2D_donor_02,T2D,beta,5.149417450328257,5.569444187607449,5.755044993178951,4.78567472041124,0.0,3.9661139087590467,18,1.5625489716465975,-5.380771241632593,-0.3157134393389295
T2D_donor_02_cell_113,demo,T2D_donor_02,T2D,beta,5.765569031471879,5.046192927350844,4.750029456721704,3.8420826625841507,0.0,1.8216119702254139,1,3.737147623000028,-2.3586671402623316,-2.257951002259977
T2D_donor_02_cell_114,demo,T2D_donor_02,T2D,beta,4.876326692804039,5.684236193975277,6.096859982827857,4.4705410165390544,0.0,4.768243889907496,9,2.2101147510539567,-6.387194837191433,-1.4411379815020728
T2D_donor_02_cell_115,demo,T2D_donor_02,T2D,beta,6.353538219705395,4.479233199662538,2.9414583904140654,4.617167616247907,0.0,-0.8387733187639942,2,2.9452508940504876,1.931129802504004,-1.2765739963409968
T2D_donor_02_cell_116,demo,T2D_donor_02,T2D,beta,5.427362878572248,5.403302858152114,5.137165666384595,4.827583830762221,0.0,2.935832039294981,18,0.7627272843757078,-3.8779551785968653,0.3704316596392438
T2D_donor_02_cell_117,demo,T2D_donor_02,T2D,beta,5.806039321265577,4.946215968526525,5.427781025187611,4.713045357333492,0.0,2.134062738880363,14,1.2971383897923134,-2.0054579942309503,0.04654003240399897
T2D_donor_02_cell_118,demo,T2D_donor_02,T2D,beta,5.286439082715805,5.203657570695593,5.611160288123715,4.860037508575695,0.0,3.3741747451080304,13,1.4234978002413357,-4.649704969856302,0.47576999312832313
T2D_donor_02_cell_119,demo,T2D_donor_02,T2D,beta,5.875323852085066,5.170384816021775,4.45900484013684,5.015097315037688,0.0,1.5113740218785183,5,0.6277255535986219,-1.6475845815684507,0.7176360562091696
T2D_donor_03_cell_000,demo,T2D_donor_03,T2D,beta,5.396818838415425,5.650103289806824,5.546868088929715,4.688346903511089,0.0,3.431926933855074,1,1.3195715705922302,-4.194079561245036,-0.37803560201210823
T2D_donor_03_cell_001,demo,T2D_donor_03,T2D,beta,5.718876309007248,5.314756345809535,5.3409110335032794,4.824134316340836,0.0,2.4829299992605565,1,0.6509896156100963,-2.5782544377685084,0.32719314929498444
T2D_donor_03_cell_002,demo,T2D_donor_03,T2D,beta,6.140025417975817,4.52197918993405,4.555183905629937,5.189690019808,0.0,0.657440888133167,17,1.3111625737874828,0.1706693992187823,1.846586749585224
T2D_donor_03_cell_003,demo,T2D_donor_03,T2D,beta,5.266913358950998,5.401242205009753,5.555309834116178,4.782166287810061,0.0,3.50559517845498,22,1.4959568717715586,-5.007019372809266,0.374912741594945
T2D_donor_03_cell_004,demo,T2D_donor_03,T2D,beta,5.687726376565346,4.682440725302138,5.306118206749781,5.135611114189025,0.0,2.0895730062565323,11,1.36831673642659,-2.594831494422735,1.7993590259954833
T2D_donor_03_cell_005,demo,T2D_donor_03,T2D,beta,5.595180988936937,5.601710011808964,5.247953502880844,4.4615998227303155,0.0,2.839025544988441,1,2.3443764624129892,-3.2807638325288173,-1.1234225291589601
T2D_donor_03_cell_006,demo,T2D_donor_03,T2D,beta,5.073911772272323,5.770901658729926,5.762835201921936,4.664240627187665,0.0,4.24439644030433,9,2.1346476561902366,-5.402276328442507,-1.2968070546322792
T2D_donor_03_cell_007,demo,T2D_donor_03,T2D,beta,5.8198036096444445,4.871711045852447,4.459847237287134,4.875598778392664,0.0,1.4112451340031402,8,0.8232520881291983,-1.9531925362511917,0.5353840413921952
T2D_donor_03_cell_008,demo,T2D_donor_03,T2D,beta,5.912172396431049,4.566838809596397,4.6468597247290315,4.813101701114662,0.0,1.1628782874103223,12,0.6925110852528373,-1.4735864274166122,1.009758572176555
T2D_donor_03_cell_009,demo,T2D_donor_03,T2D,beta,5.767994373877262,5.095892413891159,5.0942120489112375,5.187186279326741,0.0,2.0809993105277895,8,2.3106967889538845,-2.6540466451584637,2.273888982078746
T2D_donor_03_cell_010,demo,T2D_donor_03,T2D,beta,4.826356149860123,5.735617523936249,5.7887180264008276,4.780937367527685,0.0,4.687526027013512,22,2.4114229044236763,-6.597183028724438,-1.0532179355874765
T2D_donor_03_cell_011,demo,T2D_donor_03,T2D,beta,5.194324772245685,5.425837536116383,5.640189597348183,5.179905143824004,0.0,3.7108141261425747,1,1.2573849103941583,-4.891648766537177,0.010500718624045403
T2D_donor_03_cell_012,demo,T2D_donor_03,T2D,beta,5.431423670428452,5.399351720859248,5.167538108824289,5.103078216319826,0.0,2.946109705575095,1,0.6058919146851665,-3.6416862785729425,0.26459969315126686
T2D_donor_03_cell_013,demo,T2D_donor_03,T2D,beta,6.142649060533842,3.038367557224333,3.9110366514893586,5.0273192694948605,0.0,-0.7793284201726851,20,0.34310588284358357,0.5653920944408934,1.2674743178098935
T2D_donor_03_cell_014,demo,T2D_donor_03,T2D,beta,5.142261187620688,5.493186816503991,5.80331538033189,5.098931654057068,0.0,3.9599493841521127,18,1.2248872279505054,-4.918012933579692,-0.290644961479301
T2D_donor_03_cell_015,demo,T2D_donor_03,T2D,beta,6.27225825875909,4.224649294193077,4.0673281834480965,4.473431301474906,0.0,-0.10972525509376962,17,1.8296039034522922,0.30624515208140657,-0.13320725631811292
T2D_donor_03_cell_016,demo,T2D_donor_03,T2D,beta,6.181192918222957,4.340327044954162,4.612712739277994,4.434586558778835,0.0,0.4985869708162901,21,3.84881816298189,0.2847717540099328,-1.937307239723715
T2D_donor_03_cell_017,demo,T2D_donor_03,T2D,beta,5.660480631108962,5.032837035732189,4.657311874299468,4.70225788995522,0.0,1.9414386235015868,12,0.39773704122923625,-2.8086612945068237,0.5020276986061475
T2D_donor_03_cell_018,demo,T2D_donor_03,T2D,beta,5.528300302317574,5.463519804479562,5.404661613846505,4.3168346256940895,0.0,2.972090598019698,1,1.08401901554297,-3.79320800476565,-0.3770386342773105
T2D_donor_03_cell_019,demo,T2D_donor_03,T2D,beta,6.252567312536087,4.412501555787857,3.717446539934066,4.932834555262461,0.0,-0.181277989458541,17,0.5356329447176149,0.910042847540302,0.5107283890633818
T2D_donor_03_cell_020,demo,T2D_donor_03,T2D,beta,6.073449858337482,4.936548176630725,4.459594407449503,5.1483240529085,0.0,0.9941408465177497,21,1.2223427683572181,-0.6946933505142939,2.0552474454599934
T2D_donor_03_cell_021,demo,T2D_donor_03,T2D,beta,6.099794458420321,2.980234555686036,4.288809577892587,5.01561837631179,0.0,-0.4879899126815048,17,2.2799333488531,0.2368235062780178,2.443572526853427
T2D_donor_03_cell_022,demo,T2D_donor_03,T2D,beta,5.86146470051804,4.494941711149929,4.82646234827318,4.634733057676527,0.0,1.3266170333604057,12,0.7986030281945942,-1.6581178609143923,0.5935361717889224
T2D_donor_03_cell_023,demo,T2D_donor_03,T2D,beta,6.321703304331349,2.6301159987807194,2.9006387222020806,5.124534727309458,0.0,-2.055958211798405,6,0.34558750246454384,2.6887433866914354,0.4882291870232512
T2D_donor_03_cell_024,demo,T2D_donor_03,T2D,beta,5.4610871483003764,5.652424818479055,5.547496705271579,4.561965682545979,0.0,3.317186827178417,11,1.1952696775145029,-4.647459618039758,0.1875104764735741
T2D_donor_03_cell_025,demo,T2D_donor_03,T2D,beta,5.5615928137491135,5.316298298433159,5.249776678096419,4.481340089553805,0.0,2.70866735800093,13,2.090290593471301,-3.491231153098322,-0.993563950012953
T2D_donor_03_cell_026,demo,T2D_donor_03,T2D,beta,4.717705419574434,5.910222639275853,6.017362401455324,4.780794403897346,0.0,5.155640472417376,22,2.5728202982509076,-7.037295606867483,-1.7831894024243025
T2D_donor_03_cell_027,demo,T2D_donor_03,T2D,beta,5.620958722004909,5.096251665486534,4.559448518750278,4.299994434286959,0.0,1.9905389495896795,1,0.8453139695631036,-3.2114040459386612,0.05706841990483831
T2D_donor_03_cell_028,demo,T2D_donor_03,T2D,beta,5.83988992495497,5.211789009193251,4.892932887159832,4.966779223651337,0.0,1.893965404758215,11,1.7780781092040945,-1.7613914793571182,-0.23899987631378997
T2D_donor_03_cell_029,demo,T2D_donor_03,T2D,beta,5.608022668287851,4.9755092241322645,5.321951874419014,4.860605979020337,0.0,2.4426760360479163,11,0.7322790607239842,-2.866150813877622,0.3254785716760363
T2D_donor_03_cell_030,demo,T2D_donor_03,T2D,beta,5.753805828641129,4.969905608697033,5.0504441663243576,5.122161799639643,0.0,1.9924786521565927,8,0.7107294030115288,-2.286486316267646,1.300213304995192
T2D_donor_03_cell_031,demo,T2D_donor_03,T2D,beta,5.817923309515011,5.069594937497987,5.105828719607701,4.446827861964218,0.0,1.980343284301075,12,0.527052301702243,-2.5448228210744714,0.5088737331493353
T2D_donor_03_cell_032,demo,T2D_donor_03,T2D,beta,5.560194864671569,5.257718109169927,5.083121207534506,4.96058677649069,0.0,2.5601870484055897,11,2.2057219336101648,-3.675433851755544,1.7051951446718425
T2D_donor_03_cell_033,demo,T2D_donor_03,T2D,beta,4.746760847360278,6.073918568255501,5.820179136194968,4.808343288245113,0.0,5.08140767283731,9,2.4497886985777617,-6.858077105458491,-1.954598255594369
T2D_donor_03_cell_034,demo,T2D_donor_03,T2D,beta,5.91501286420065,4.4328540655602495,4.717855184998569,4.981860102129305,0.0,1.1148085686092224,8,0.8522331743210616,-1.2313626113420217,1.247761772241676
T2D_donor_03_cell_035,demo,T2D_donor_03,T2D,beta,5.400908158608781,5.581079927917909,5.59594947931153,4.089466016376548,0.0,3.4107613824129515,22,1.365117379891032,-4.559164750649582,-0.7949955926836428
T2D_donor_03_cell_036,demo,T2D_donor_03,T2D,beta,5.652558356171949,5.402805716661285,5.083785306770698,3.8533579537037963,0.0,2.4907746836255393,1,2.829221417404537,-3.3766570717017275,-1.5442046983981
T2D_donor_03_cell_037,demo,T2D_donor_03,T2D,beta,5.922657628994099,4.805558383096549,4.769869645409613,4.715564125544105,0.0,1.3872045791916727,14,0.7052202561242975,-1.578154070800413,0.950698627247105
T2D_donor_03_cell_038,demo,T2D_donor_03,T2D,beta,4.926364677785428,6.009345541294719,5.973561278988788,4.607786271660198,0.0,4.814244347767774,9,2.8362969452197246,-5.874859912039395,-2.158594149300079
T2D_donor_03_cell_039,demo,T2D_donor_03,T2D,beta,5.9289481505558035,4.547018334920014,4.754727868141379,4.879933649141865,0.0,1.191199045223195,17,0.8934021283164135,-1.5269385775539417,1.8712063128501362
T2D_donor_03_cell_040,demo,T2D_donor_03,T2D,beta,5.225802598389346,5.505845274522519,5.776667623715026,4.867822827477677,0.0,3.7989315994419446,13,1.3999920763017384,-4.866010424342405,0.2365453859999363
T2D_donor_03_cell_041,demo,T2D_donor_03,T2D,beta,5.873358036587057,4.205609109045383,4.823186648258057,4.1590589472835475,0.0,1.1075964326898968,14,2.158626940532147,-1.816208385977226,-0.5419539850304167
T2D_donor_03_cell_042,demo,T2D_donor_03,T2D,beta,5.608170603587972,5.436557673040438,5.422559264041979,4.521192919404604,0.0,2.820807150159482,18,0.6392538985732745,-3.3235551072532004,0.1456781962464263
T2D_donor_03_cell_043,demo,T2D_donor_03,T2D,beta,6.1382445277030335,4.155100815927002,4.551203560888462,4.909374539515773,0.0,0.4104604376473692,21,0.5648621294985956,0.03362972587090272,0.7508007865427175
T2D_donor_03_cell_044,demo,T2D_donor_03,T2D,beta,4.68872806027485,6.052601652264943,5.746988272458625,4.474130956204082,0.0,5.123461338341739,4,2.6241830039193497,-7.236935771456213,-1.7930263846163028
T2D_donor_03_cell_045,demo,T2D_donor_03,T2D,beta,5.890528607301862,4.281709587110802,4.223103354051525,5.02732973305677,0.0,0.7263048502514146,14,1.018731858142119,-1.1760521657760947,1.7542371584162915
T2D_donor_03_cell_046,demo,T2D_donor_03,T2D,beta,5.69223108828136,4.793408431100271,4.949106124536854,5.0618469647951825,0.0,1.9174266820747716,8,1.0548848125430537,-2.512832345463026,1.5848612864277845
T2D_donor_03_cell_047,demo,T2D_donor_03,T2D,beta,3.88779658873739,6.150133591693904,6.217252407710475,4.553200306618318,0.0,6.958566247379146,15,4.659321868109557,-10.235633672485966,-3.7885716964161196
T2D_donor_03_cell_048,demo,T2D_donor_03,T2D,beta,5.636796937407022,4.918792944301002,4.991930690628319,4.879549858569308,0.0,2.131361859215227,8,0.36527539639422013,-2.7233868733803623,0.5465460745411519
T2D_donor_03_cell_049,demo,T2D_donor_03,T2D,beta,5.449731595944037,5.136858575320041,5.526152430089522,4.634769349877406,0.0,2.9756523597477083,1,1.183743021314264,-4.040654835130013,-0.08383821221216549
T2D_donor_03_cell_050,demo,T2D_donor_03,T2D,beta,6.0028141509809085,4.606600507360304,4.676650699582119,4.5537357044320705,0.0,1.0450099129280452,17,1.0514924979195914,-1.160845980964485,0.6880521105157323
T2D_donor_03_cell_051,demo,T2D_donor_03,T2D,beta,5.362009205586736,5.5348894035211424,5.43995110933681,4.415893520503274,0.0,3.3458816873312998,13,1.3195715705922302,-4.703448529174916,-0.3849454508167879
T2D_donor_03_cell_052,demo,T2D_donor_03,T2D,beta,5.673331966412569,5.448690101756736,5.0116187127269916,4.942065191760038,0.0,2.4357259764106396,11,1.096749979778135,-2.9020612270506816,0.9605923757675486
T2D_donor_03_cell_053,demo,T2D_donor_03,T2D,beta,3.4334648844467024,6.414188451771913,6.412936110360175,3.9383594890482434,0.0,8.092828451932116,15,5.939729101622423,-11.88371388680365,-6.4514551714483215
T2D_donor_03_cell_054,demo,T2D_donor_03,T2D,beta,5.42349106439192,5.668531625314737,5.654810764025428,4.8012974768019525,0.0,3.4681316034557197,18,1.271073421896178,-4.2533648518471825,0.2822987530207686
T2D_donor_03_cell_055,demo,T2D_donor_03,T2D,beta,5.4998446309323255,5.502784119455556,5.6101727257071445,4.794664663085426,0.0,3.187753361648393,11,1.0190016917306082,-3.782342414482794,-0.3085963226253161
T2D_donor_03_cell_056,demo,T2D_donor_03,T2D,beta,5.818567529509029,5.018311421840041,4.82929902373166,5.009832017184569,0.0,1.7595716929547711,8,1.0548848125430537,-2.0749074987160925,1.6707542000094657
T2D_donor_03_cell_057,demo,T2D_donor_03,T2D,beta,5.558018295254036,5.055696266893845,5.4251602582560965,5.017795369883407,0.0,2.6566489450616615,11,0.4518619622190254,-3.1519199166494816,0.2555009294168134
T2D_donor_03_cell_058,demo,T2D_donor_03,T2D,beta,4.269379287697366,6.137585632342369,5.687809679492395,4.504069911136667,0.0,5.902854969845711,4,3.7254449664682427,-8.846286658848461,-2.3185601168343286
T2D_donor_03_cell_059,demo,T2D_donor_03,T2D,beta,5.405922459873864,5.324925157448963,5.150791777834866,4.334249322535137,0.0,2.9310034134988463,18,1.3285426484136256,-4.010572704486965,-0.35089542389029693
T2D_donor_03_cell_060,demo,T2D_donor_03,T2D,beta,5.773547355430736,5.223835688482423,5.095718418280478,4.782266678292237,0.0,2.158251543765641,12,0.5805227404125146,-2.4498240702238476,1.020904041859635
T2D_donor_03_cell_061,demo,T2D_donor_03,T2D,beta,5.02188965286121,5.668571695081073,5.424064206099041,4.9076690259915035,0.0,4.043196879295111,18,2.795984876683055,-5.884814151057823,0.7923096339091802
T2D_donor_03_cell_062,demo,T2D_donor_03,T2D,beta,5.487128452794085,5.386258498124929,4.962727526725826,3.7870432263594207,0.0,2.699083499462877,1,2.1340642032790162,-4.138893325630802,-1.4737437030730067
T2D_donor_03_cell_063,demo,T2D_donor_03,T2D,beta,5.992444401986266,4.718390270506156,4.781161112297783,4.726495528578314,0.0,1.2091916390048543,12,1.1762899458261504,-1.2406396873643974,0.5831622162863914
T2D_donor_03_cell_064,demo,T2D_donor_03,T2D,beta,4.574334132141947,6.005685550391197,6.009392057897556,4.697096527502223,0.0,5.475119808226122,4,3.7336038121338353,-8.089678838034883,-0.8003509397103518
T2D_donor_03_cell_065,demo,T2D_donor_03,T2D,beta,5.623698814531447,4.955285024716672,5.051579892453185,5.0241571842174055,0.0,2.219679611773514,8,2.5849471318178834,-3.1183888907390696,2.270173004170472
T2D_donor_03_cell_066,demo,T2D_donor_03,T2D,beta,6.1185437608624635,4.4726458795094,4.389695791377327,4.660614534746009,0.0,0.5524578623569505,21,0.9661610353131405,-0.8554012331912719,1.4968931547178248
T2D_donor_03_cell_067,demo,T2D_donor_03,T2D,beta,5.4253371675944155,5.377806070412101,5.555191888957565,3.924876829845927,0.0,3.201965956524334,9,1.5368692072453003,-4.386130987960783,-1.0912479252032272
T2D_donor_03_cell_068,demo,T2D_donor_03,T2D,beta,6.348717690188183,2.745024900006841,2.7992224822291947,5.105180305214366,0.0,-2.0953351919791263,2,0.29714731568998065,2.6527846852841583,0.5208307704929798
T2D_donor_03_cell_069,demo,T2D_donor_03,T2D,beta,5.397784640934007,5.875873363584963,5.791106247053966,4.275478287336777,0.0,3.7459066115141813,9,1.8708776724372482,-4.535624703596396,-1.561093687574198
T2D_donor_03_cell_070,demo,T2D_donor_03,T2D,beta,5.7211402414082375,3.7362995577491183,5.114760781958978,5.270233519950055,0.0,1.2624561989074858,8,1.1487608591998493,-1.6553222893054818,0.36683901413217035
T2D_donor_03_cell_071,demo,T2D_donor_03,T2D,beta,6.1234720221402155,4.262996828183619,4.591539356013372,4.953910526604911,0.0,0.5370786397811507,20,0.5671058033092429,0.160723412368076,0.8417241561563624
T2D_donor_03_cell_072,demo,T2D_donor_03,T2D,beta,6.008353682172155,4.431060594298105,2.558386396297369,4.794683771095428,0.0,-0.5006120624611032,10,0.7614439139488836,-0.01665823973589099,1.3442241579225656
T2D_donor_03_cell_073,demo,T2D_donor_03,T2D,beta,6.048771939839339,4.364383707134643,4.35406893548069,4.921609706785982,0.0,0.5822962204466704,10,0.6602972119250676,-0.5473244099025132,1.6149868754397043
T2D_donor_03_cell_074,demo,T2D_donor_03,T2D,beta,5.785256231614237,4.940808147458583,4.940808147458583,4.773750114495765,0.0,1.8423770837648612,8,1.1476769670672589,-2.6350294533454686,1.441786783114391
T2D_donor_03_cell_075,demo,T2D_donor_03,T2D,beta,5.345444201109535,5.622345503997529,5.925602698529174,4.374104797338055,0.0,3.7598790479492363,22,1.6525880481490969,-4.636589896094833,-1.290879915430687
T2D_donor_03_cell_076,demo,T2D_donor_03,T2D,beta,5.795798797976346,5.3056684070094375,4.786791241518615,4.9664152959177175,0.0,1.9663825794879615,14,0.9138661030910686,-1.8670506355993401,0.5677454010649493
T2D_donor_03_cell_077,demo,T2D_donor_03,T2D,beta,5.617754772425914,5.269962788048095,5.179799407217745,4.763124851677895,0.0,2.528583715922105,1,1.6546228777753527,-2.8475601904218855,-0.264263997673383
T2D_donor_03_cell_078,demo,T2D_donor_03,T2D,beta,4.839446977421765,6.002865054813755,5.8541802914109,4.769646889779507,0.0,4.887869956781559,22,2.8886334513335425,-6.440886407819287,-2.3150135252825828
T2D_donor_03_cell_079,demo,T2D_donor_03,T2D,beta,5.509230771112276,5.381766419851158,5.241029426110989,4.6653231933406305,0.0,2.8420926378240585,1,0.9813408233190364,-3.769095812536275,0.16959199355282623
T2D_donor_03_cell_080,demo,T2D_donor_03,T2D,beta,6.212113910717976,4.535719394448428,4.248519978622948,4.9608639047447864,0.0,0.33062405230556424,20,0.9071455099886032,0.19654934425494072,1.5753996561075194
T2D_donor_03_cell_081,demo,T2D_donor_03,T2D,beta,5.897258079295267,4.521067535637995,4.599540197405615,4.0620642434636745,0.0,1.1274254060219429,5,2.831571833498429,-1.7422716519259795,-1.1083736971676332
T2D_donor_03_cell_082,demo,T2D_donor_03,T2D,beta,6.2304946052980785,3.4872363870554866,4.108132601011664,4.706208260516999,0.0,-0.5041453682384214,21,0.13365752886884952,0.6809306598132487,1.0112209135157464
T2D_donor_03_cell_083,demo,T2D_donor_03,T2D,beta,4.250873410473178,6.153577559726283,5.883242525150746,4.717913417349255,0.0,6.078001006958753,4,3.476844526405176,-8.506440577374164,-2.948388453996634
T2D_donor_03_cell_084,demo,T2D_donor_03,T2D,beta,6.08396760151031,4.2290596160886285,3.9926729694487,4.846245493221946,0.0,0.18528871411722955,10,0.8577552998619584,-0.114835448986972,0.4777052782141315
T2D_donor_03_cell_085,demo,T2D_donor_03,T2D,beta,5.9177140755295765,4.834189968196205,4.320116056721021,5.160219927953211,0.0,1.1146182306137618,12,0.573109289608813,-1.3477033728878545,1.5571857885038038
T2D_donor_03_cell_086,demo,T2D_donor_03,T2D,beta,5.749391025624859,5.270773974338597,5.5316480562952455,4.487455214005893,0.0,2.5254332315457555,13,1.8416555570015332,-2.5124252323350365,-0.3121441616713896
T2D_donor_03_cell_087,demo,T2D_donor_03,T2D,beta,6.031767951029101,4.3728119070476925,4.329098671448163,5.08013895655337,0.0,0.6021615500904449,17,0.7050715277397508,-0.43728193922591535,1.0069455090247377
T2D_donor_03_cell_088,demo,T2D_donor_03,T2D,beta,4.707443648846899,6.039969884134558,5.992888378172481,4.42706603203184,0.0,5.245452597916502,9,3.048686562617074,-7.547212395414341,-1.3868587126912493
T2D_donor_03_cell_089,demo,T2D_donor_03,T2D,beta,5.4338885480145604,5.234913985015998,5.2744188182380976,5.134314596900716,0.0,2.902181078914439,14,1.5418649786787695,-3.5025416292295417,1.0732421137974306
T2D_donor_03_cell_090,demo,T2D_donor_03,T2D,beta,5.7337223163532425,5.143586250855703,4.996145985722668,4.88101491896484,0.0,2.109821353749398,8,0.7386648405340539,-2.556909032915104,1.0393744727603447
T2D_donor_03_cell_091,demo,T2D_donor_03,T2D,beta,5.592304600575144,5.399572216924993,5.463572414967397,4.6145593507019775,0.0,2.8521054130497587,11,1.182627556349221,-3.459681163961516,-0.2765880453789721
T2D_donor_03_cell_092,demo,T2D_donor_03,T2D,beta,6.10772404996797,4.300771831258044,4.629055194613817,4.667805100493394,0.0,0.6162676498239449,17,0.9402664021634264,-0.5831810007563281,0.6094660259623375
T2D_donor_03_cell_093,demo,T2D_donor_03,T2D,beta,5.967402126194488,4.247216518061207,4.459673073564307,5.333210867626515,0.0,0.721673978609271,10,0.6209376307281165,-0.3811810212719295,1.5795717098128725
T2D_donor_03_cell_094,demo,T2D_donor_03,T2D,beta,5.383910434720194,5.525611295473453,5.593053628784075,4.650397225404804,0.0,3.402268519263517,9,1.8747775822892594,-3.82965382988483,-0.9780091610536265
T2D_donor_03_cell_095,demo,T2D_donor_03,T2D,beta,5.789798022108184,4.917554875803865,4.818784245245461,5.114522621949196,0.0,1.7368041064151252,12,1.1128687051590438,-2.3073477481966145,1.763755856398369
T2D_donor_03_cell_096,demo,T2D_donor_03,T2D,beta,5.114046404838527,5.763714951017685,5.861347541777848,4.826371749350495,0.0,4.232557364135188,18,2.0800649054785962,-5.61293803042276,0.037161005093541435
T2D_donor_03_cell_097,demo,T2D_donor_03,T2D,beta,5.971949123322196,4.86224814477888,3.5461571556308242,4.777877998304906,0.0,0.5172692928872533,12,0.864754442365399,-1.0049560474291919,1.4283282872156495
T2D_donor_03_cell_098,demo,T2D_donor_03,T2D,beta,5.6854157077972385,5.073207116691824,4.715341877807559,5.013902009940154,0.0,1.9622121523163298,8,0.31940547855862444,-2.4953121218521495,0.7306317162251951
T2D_donor_03_cell_099,demo,T2D_donor_03,T2D,beta,4.678485471969813,5.677875925260179,5.950241214039473,4.6978230412986814,0.0,5.025193072981375,9,2.6289796991921834,-7.076343872328039,-1.4226613247377895
T2D_donor_03_cell_100,demo,T2D_donor_03,T2D,beta,5.968822518334621,4.5553141601854,4.736614898815003,4.935049066707382,0.0,1.1122574429935308,12,0.7612089385100145,-1.0812316339243657,1.029763056375062
T2D_donor_03_cell_101,demo,T2D_donor_03,T2D,beta,4.509405891609789,5.958034162704372,6.019904116300543,4.103958261119451,0.0,5.567925161003057,4,3.2850894023193566,-7.562230396813983,-3.4478125155159822
T2D_donor_03_cell_102,demo,T2D_donor_03,T2D,beta,5.776783452215263,4.6159839876166435,3.316465927351645,5.074402505558255,0.0,0.5519079226711081,12,1.374498557470968,-1.5178989672992917,2.1430290898549926
T2D_donor_03_cell_103,demo,T2D_donor_03,T2D,beta,4.851791782138434,5.922215672047123,5.594011716999141,4.752984507234614,0.0,4.636978080272673,18,2.943399547342586,-6.498684706903633,0.030959927539267056
T2D_donor_03_cell_104,demo,T2D_donor_03,T2D,beta,4.917247510143483,6.048910454999984,5.841561485253926,4.92387841216876,0.0,4.769192290942747,22,2.0928702668880517,-6.032672611363847,-0.6438752404281506
T2D_donor_03_cell_105,demo,T2D_donor_03,T2D,beta,6.0703663083951955,3.3133844358393505,3.877704956802585,4.637527376694873,0.0,-0.4847755899048496,17,0.6867060220984564,-0.0340396303952666,0.7766026514907602
T2D_donor_03_cell_106,demo,T2D_donor_03,T2D,beta,5.665391776089971,4.997201460080452,4.845982554559719,4.828600863096052,0.0,2.0346939020251074,5,1.2143041442484357,-2.784483115855463,1.3730008625760408
T2D_donor_03_cell_107,demo,T2D_donor_03,T2D,beta,5.712858027465178,5.1724956669784925,5.039518299973421,4.511442514143134,0.0,2.1962387503727894,1,0.715926902010291,-2.9223128769006297,0.38562560798555434
T2D_donor_03_cell_108,demo,T2D_donor_03,T2D,beta,5.00500170118454,5.707501516179734,5.692239125981573,5.070304624306998,0.0,4.279546078060425,18,3.202268481604105,-6.069417824623703,1.0011420710911805
T2D_donor_03_cell_109,demo,T2D_donor_03,T2D,beta,6.116650489984582,4.391208615703843,4.4371331810616725,3.888061040582448,0.0,0.5326820261822988,17,3.685754743401424,-0.040075280392784775,-1.7954557940687625
T2D_donor_03_cell_110,demo,T2D_donor_03,T2D,beta,6.326731495365375,3.143336023864579,3.5609554414282854,5.019806881537418,0.0,-1.2770434578953465,21,0.38427466068312643,2.15854112271518,0.6332169432157235
T2D_donor_03_cell_111,demo,T2D_donor_03,T2D,beta,5.848593118542832,4.855761397181418,4.719231469360493,4.96961983632571,0.0,1.5217217751689733,8,0.45595637235744135,-1.908706735317986,1.2442317179890867
T2D_donor_03_cell_112,demo,T2D_donor_03,T2D,beta,6.269655882367113,3.9656479292874116,4.09912916505092,4.937896494061996,0.0,-0.2584857502353158,3,0.3340559784045025,0.8377564003702932,0.7220079377868983
T2D_donor_03_cell_113,demo,T2D_donor_03,T2D,beta,5.869944707705495,4.323476901959774,4.37986185935331,4.893761524926277,0.0,0.8967440384806958,8,2.1686278228828355,-1.764162497383504,2.4964025418057227
T2D_donor_03_cell_114,demo,T2D_donor_03,T2D,beta,5.125317336333766,5.793835536792108,5.713445114271311,4.7180520030844475,0.0,4.133464072164313,22,1.6609383177375907,-5.423734581815306,-0.3686467814151334
T2D_donor_03_cell_115,demo,T2D_donor_03,T2D,beta,4.855647899100962,6.124187747016696,5.560747275293368,4.85996831518755,0.0,4.744001758459223,9,2.658250898427018,-6.572445830688798,-0.6423708013241419
T2D_donor_03_cell_116,demo,T2D_donor_03,T2D,beta,6.283570734597746,4.026962102068175,3.812788353855416,4.923571260515749,0.0,-0.43394811636845004,21,0.24041417477446636,1.039574452921236,0.6329785392991254
T2D_donor_03_cell_117,demo,T2D_donor_03,T2D,beta,6.110981267443233,3.3241244657257534,4.40540287991147,4.824176892527184,0.0,-0.19826660260454784,17,0.7248317654544207,-0.005987064029514353,1.1938979825892664
T2D_donor_03_cell_118,demo,T2D_donor_03,T2D,beta,5.184075006151593,4.594219602530616,5.7268679413079635,4.486132250246695,0.0,3.226281499808324,1,1.506758280242022,-4.612376032780698,-1.1385576351396565
T2D_donor_03_cell_119,demo,T2D_donor_03,T2D,beta,5.638164239686107,4.846101898694487,4.884295651905245,5.181226659627454,0.0,2.0078223906672505,11,1.222615505409884,-2.4223715213879764,1.782938261276944
T2D_donor_04_cell_000,demo,T2D_donor_04,T2D,beta,5.8611996460670515,5.121897938408582,5.114128942665113,4.393914068609827,0.0,1.9425872000680737,1,3.10772041163579,-2.017824063663331,-1.47266339989742
T2D_donor_04_cell_001,demo,T2D_donor_04,T2D,beta,6.180968320764893,2.925250787744875,3.511820419794989,5.00200920780373,0.0,-1.1923263898265757,21,0.6053794074113235,1.0113428950272703,1.330511958796698
T2D_donor_04_cell_002,demo,T2D_donor_04,T2D,beta,6.07714507211614,3.4683532100524914,4.216455985234496,4.958392543834415,0.0,-0.16589811516723565,10,0.5729909120463894,0.17169822880960797,1.08561141707269
T2D_donor_04_cell_003,demo,T2D_donor_04,T2D,beta,4.722755557432876,6.04739703881813,6.0207515144198736,4.518750263892791,0.0,5.241294271498628,4,2.596280776623387,-6.919308541509895,-2.328653980735314
T2D_donor_04_cell_004,demo,T2D_donor_04,T2D,beta,5.268163590151204,5.46172773236568,5.458515493198744,4.8579192175819825,0.0,3.479381987481816,18,1.4279892518240302,-5.118416986185192,0.24851404523360987
T2D_donor_04_cell_005,demo,T2D_donor_04,T2D,beta,4.531964817205236,6.001464839313867,6.0948543648221944,4.286982665674652,0.0,5.6063991232318475,4,3.077590918552967,-8.084718796773718,-2.184002420356206
T2D_donor_04_cell_006,demo,T2D_donor_04,T2D,beta,6.544889464098217,2.473165990497463,2.2109897972865054,4.708771060224534,0.0,-3.028595596297222,16,0.4400459684069089,4.022989055649403,-0.36240491511333445
T2D_donor_04_cell_007,demo,T2D_donor_04,T2D,beta,6.193545914217616,4.3851983720172285,3.315471617854508,5.12499883933031,0.0,-0.36142392376544574,20,0.4531477204942913,1.0474573463542969,0.5715998664082449
T2D_donor_04_cell_008,demo,T2D_donor_04,T2D,beta,4.136962168192959,6.394689310597859,6.293086373489359,3.995510272225895,0.0,6.721767470705613,15,5.164540064882883,-8.78163742893597,-6.420847831132154
T2D_donor_04_cell_009,demo,T2D_donor_04,T2D,beta,5.556996227628451,5.258263540924981,5.368442289870911,4.595234499716315,0.0,2.7572438572614524,13,0.7842042679697805,-3.5973952339714703,0.11127912142308434
T2D_donor_04_cell_010,demo,T2D_donor_04,T2D,beta,5.952602442297027,4.866954122970768,4.6948781269823145,4.851196386705873,0.0,1.3240751626426406,21,1.4050941068495941,-1.3200440294414024,0.37819794372660964
T2D_donor_04_cell_011,demo,T2D_donor_04,T2D,beta,6.088525264771683,4.658135956045008,4.390472828726129,4.894343286714445,0.0,0.7326586089374718,21,0.6577311901671123,-0.7777549688937498,1.5936252032678677
T2D_donor_04_cell_012,demo,T2D_donor_04,T2D,beta,6.467231257739158,1.9547923953116566,2.9882177402351453,4.442047254466504,0.0,-2.717359053303542,7,2.3490144284031986,3.5669006113505706,-1.5767366076518121
T2D_donor_04_cell_013,demo,T2D_donor_04,T2D,beta,5.675108706242734,5.495063239509642,5.21646649995809,5.059048077518094,0.0,2.6008321560348566,8,0.31697204190621786,-2.653867687109936,0.7772389229929149
T2D_donor_04_cell_014,demo,T2D_donor_04,T2D,beta,5.1567742569573,5.070356028369427,5.790429597146543,5.010127375430225,0.0,3.6396633235011833,18,1.5354068959736518,-5.097087103110082,0.4164910643153986
T2D_donor_04_cell_015,demo,T2D_donor_04,T2D,beta,5.81670319339797,4.926156225558853,4.562803864853458,5.130054471055449,0.0,1.5224910711298745,8,0.5013436311947519,-1.7108499578087975,1.262472474914906
T2D_donor_04_cell_016,demo,T2D_donor_04,T2D,beta,6.1937152686766765,4.3564042697273875,4.28879664539959,5.131999111798959,0.0,0.2699921894593663,17,1.2916960665118413,0.3509153642317642,1.9383493188115275
T2D_donor_04_cell_017,demo,T2D_donor_04,T2D,beta,6.302695095228396,2.742078762182211,3.722428806124866,4.829591896664892,0.0,-1.3961114379307427,3,0.10702494735361778,1.7227255057250461,0.7640460321022895
T2D_donor_04_cell_018,demo,T2D_donor_04,T2D,beta,5.903905712612432,5.0092574311791775,4.351917870542608,4.6687989043326565,0.0,1.2791002067722332,8,0.5074951628615132,-1.856935783443315,1.1564339882206613
T2D_donor_04_cell_019,demo,T2D_donor_04,T2D,beta,5.700753463090855,4.7447578374953405,5.02360479342087,4.862413738717862,0.0,1.918960299591312,14,0.9145539674674259,-2.6519717439795425,1.2406328601839949
T2D_donor_04_cell_020,demo,T2D_donor_04,T2D,beta,5.751763080148196,4.830843476515971,5.260717903686097,4.842185749520421,0.0,2.043028981347157,8,0.7396328644626546,-2.255600974093427,0.45971690226473794
T2D_donor_04_cell_021,demo,T2D_donor_04,T2D,beta,5.537652843096825,5.257923532597346,5.010030580179942,4.802231107965736,0.0,2.5523700401007257,13,0.7939058786858659,-3.508545607824422,-0.05169806347125588
T2D_donor_04_cell_022,demo,T2D_donor_04,T2D,beta,5.818265421887502,4.8040505857333216,4.551032119337565,4.814186812362405,0.0,1.4293873031100723,12,0.4420283897880122,-2.03236635050519,1.2356109106619768
T2D_donor_04_cell_023,demo,T2D_donor_04,T2D,beta,5.9995237775281,4.203698494302018,3.8541380383627333,4.919678537684966,0.0,0.22886744324020422,12,2.6253133176771994,-0.9230890945691475,2.714953964030705
T2D_donor_04_cell_024,demo,T2D_donor_04,T2D,beta,5.188279071481682,5.540698013865001,5.581432552589419,4.715809407034742,0.0,3.7599886669000386,18,1.3537806191021877,-5.28101151084203,-0.08594434203590774
T2D_donor_04_cell_025,demo,T2D_donor_04,T2D,beta,5.815543483140732,5.121175938071465,5.110604982784353,5.208967035442012,0.0,2.022665362373181,12,0.9149642985446151,-1.8475799209804828,0.5662044902012089
T2D_donor_04_cell_026,demo,T2D_donor_04,T2D,beta,5.890747699993787,4.578545996933887,4.661724172551772,4.918695859404664,0.0,1.2196345648856626,12,0.9355795315685782,-1.9391943721449936,1.7374954420952122
T2D_donor_04_cell_027,demo,T2D_donor_04,T2D,beta,5.461724409935286,5.255659483518541,4.917884168686988,5.3479103374687655,0.0,2.6271013605044944,8,1.9200511186889289,-3.6373730071525467,1.3382555013578739
T2D_donor_04_cell_028,demo,T2D_donor_04,T2D,beta,4.838201594006554,5.700971267069871,6.040624695339206,3.8268761688290893,0.0,4.811159209397099,22,3.015283464876343,-6.901611207923329,-2.9395188044595484
T2D_donor_04_cell_029,demo,T2D_donor_04,T2D,beta,5.908698705753527,4.698349862185884,4.2886324546664465,4.8092356226416415,0.0,1.018271429120411,8,0.8950321860549675,-1.3097455782018874,0.6892666841323669
T2D_donor_04_cell_030,demo,T2D_donor_04,T2D,beta,6.2255649682976575,3.310776650694037,2.9952616204081273,4.789704219354275,0.0,-1.3587671770743883,0,0.5240273167630525,1.782278600842552,0.04500033937892183
T2D_donor_04_cell_031,demo,T2D_donor_04,T2D,beta,6.209503451378053,3.334992534841656,3.279866634621963,5.034930524685573,0.0,-1.1228555532494398,3,0.16469279936204995,1.48605178912504,0.9223967445681154
T2D_donor_04_cell_032,demo,T2D_donor_04,T2D,beta,5.753724134387494,4.67933306192476,4.554364714142485,5.148438599888159,0.0,1.4646862290260296,5,1.7913855374889254,-2.413265907929279,2.151568088778454
T2D_donor_04_cell_033,demo,T2D_donor_04,T2D,beta,5.741937271081213,4.542458592077055,4.888554941133853,4.744116562792963,0.0,1.6173103024204227,8,0.28342528842814296,-2.3842405005290734,0.6972733903972168
T2D_donor_04_cell_034,demo,T2D_donor_04,T2D,beta,4.625828315406447,5.8627614516788835,5.856688311628767,4.661613259574295,0.0,5.182996739826146,9,2.6648950543283556,-7.2320127854053196,-1.7076937600555646
T2D_donor_04_cell_035,demo,T2D_donor_04,T2D,beta,6.486867341731522,3.522910434044351,2.3268758758559627,4.624020428814867,0.0,-2.1373677276222853,19,0.9490660381454479,3.0853147039632423,-0.33165020428815367
T2D_donor_04_cell_036,demo,T2D_donor_04,T2D,beta,5.280913212573728,5.176896264102789,5.942040976638298,4.5038140467325105,0.0,3.5875123804377678,22,1.5682950721775457,-4.84203867540594,-0.53210541884365
T2D_donor_04_cell_037,demo,T2D_donor_04,T2D,beta,5.938037524819857,4.847936082508568,4.340907532917865,4.908229704661812,0.0,1.1008905171881709,5,0.5341475266443201,-1.5957970408827111,1.7573247804264527
T2D_donor_04_cell_038,demo,T2D_donor_04,T2D,beta,5.9930257621657095,4.145661486892055,4.818087341969394,4.681818308446901,0.0,0.8463890767234228,12,0.7884752262949606,-1.1415621571801413,1.0193227755264673
T2D_donor_04_cell_039,demo,T2D_donor_04,T2D,beta,6.070016563179598,4.335076438211752,4.075989098598984,4.753049545049042,0.0,0.3379007026172103,12,0.5629907955431515,-0.6685821697422051,1.3016811613478636
T2D_donor_04_cell_040,demo,T2D_donor_04,T2D,beta,5.2141489395085845,5.539018237550337,5.644289757986291,4.786662006093714,0.0,3.753920521619035,18,2.36249945044431,-5.3713421659728064,0.9132835458955723
T2D_donor_04_cell_041,demo,T2D_donor_04,T2D,beta,6.137526058938442,4.274132290273701,4.320104231026735,4.503525928148822,0.0,0.33747713952460096,17,2.5810155197433344,-0.16297597475602352,-0.918104422299863
T2D_donor_04_cell_042,demo,T2D_donor_04,T2D,beta,5.976994019279586,4.576060001272886,4.042416427248604,5.0674645233280415,0.0,0.6469968300381228,10,1.5585313506497034,-1.0600054031163568,2.097615093877209
T2D_donor_04_cell_043,demo,T2D_donor_04,T2D,beta,5.381480943871235,5.615525197083628,5.3656099631980725,4.138393902749814,0.0,3.3151913334223497,13,1.818689075571272,-4.491513798409991,-1.4518149834526977
T2D_donor_04_cell_044,demo,T2D_donor_04,T2D,beta,6.508234707154406,2.2873510643675816,2.1167988131890674,4.812026382997996,0.0,-3.150414211825172,19,1.5600142069812613,3.8933855020979915,0.665071028921382
T2D_donor_04_cell_045,demo,T2D_donor_04,T2D,beta,5.6969508418976496,5.126331403231419,5.265353457970045,5.358835432880998,0.0,2.3450639588850546,12,0.8735497909693102,-2.452169088465139,1.3827654033728922
T2D_donor_04_cell_046,demo,T2D_donor_04,T2D,beta,6.314201189753287,2.2338120171813167,3.1209940056869523,4.743238597900165,0.0,-2.162322403062387,3,0.2150179952844482,2.2789022662352023,0.544778614033536
T2D_donor_04_cell_047,demo,T2D_donor_04,T2D,beta,5.944347110955183,4.3896490459628525,4.754792759665063,4.953422174066515,0.0,1.0570888063395534,5,1.35762871864212,-1.1075871803573376,0.4902598384588182
T2D_donor_04_cell_048,demo,T2D_donor_04,T2D,beta,5.436315181902682,5.328825190560609,5.254240735877697,4.920183221649046,0.0,2.9476414460529474,1,1.044390708123415,-3.712894691553147,-0.20047801685500277
T2D_donor_04_cell_049,demo,T2D_donor_04,T2D,beta,6.6206426200908925,2.4125802207842733,1.611887140906409,4.488243972182744,0.0,-3.607860966156814,16,1.4202157246734552,5.105749685268873,-1.794509970396467
T2D_donor_04_cell_050,demo,T2D_donor_04,T2D,beta,5.582845330918733,5.127113656710749,5.352414521752357,4.773508947065601,0.0,2.611079233779401,18,0.9945873237716283,-3.672419386605263,0.5969493214296989
T2D_donor_04_cell_051,demo,T2D_donor_04,T2D,beta,5.410888888002363,5.562705007353877,5.831831484324505,4.9934371824727615,0.0,3.5380400038425925,18,1.3404362377313497,-4.275912485860154,-0.1559833817807008
T2D_donor_04_cell_052,demo,T2D_donor_04,T2D,beta,6.201108068275515,3.746837486235589,4.062139212492575,4.923989962015317,0.0,-0.30637513491733037,21,0.9709283136647207,0.27253332914928446,1.6887966730337687
T2D_donor_04_cell_053,demo,T2D_donor_04,T2D,beta,6.157362114388983,4.462817008824103,4.496685577061371,4.5310896128942595,0.0,0.5468980624898694,17,1.4546656806736467,-0.23739187019180108,0.10008261316957266
T2D_donor_04_cell_054,demo,T2D_donor_04,T2D,beta,6.322637209154024,3.518370389511965,3.107119661422536,5.000265892615034,0.0,-1.3201670803722307,6,0.9648395864240475,1.8417579020180792,1.251989716021972
T2D_donor_04_cell_055,demo,T2D_donor_04,T2D,beta,6.208530629122853,3.6944356065653863,2.570290881059748,4.832267611661113,0.0,-1.353258348404381,6,0.7988073803430824,1.4630907161883315,0.035506684904659386
T2D_donor_04_cell_056,demo,T2D_donor_04,T2D,beta,5.656629529021527,5.00642307156088,5.214737342920486,4.800130099531805,0.0,2.303526865551453,12,0.8221620366353957,-3.1168343251847235,0.6467952692725433
T2D_donor_04_cell_057,demo,T2D_donor_04,T2D,beta,5.771039390750907,4.7184886055589015,4.660957421375749,4.175552323488506,0.0,1.5309680760606588,14,2.855727217780175,-1.912050897705087,-1.182613441180379
T2D_donor_04_cell_058,demo,T2D_donor_04,T2D,beta,5.890426539357911,4.656357468106196,4.648306857433232,4.947775470487858,0.0,1.2637452073763402,12,0.554077454657306,-1.6625808750055948,1.4346953372237197
T2D_donor_04_cell_059,demo,T2D_donor_04,T2D,beta,6.0552822866597555,4.743544504466725,4.769166571909989,4.92555383935951,0.0,1.104011097187841,12,0.5492993744263464,-0.8209042169442959,0.8884000448186324
T2D_donor_04_cell_060,demo,T2D_donor_04,T2D,beta,5.651083158317611,5.311126058113716,5.481917148428484,5.216304014089286,0.0,2.6979423646961824,1,0.29532706310456636,-2.6607430430482792,0.7591992797965009
T2D_donor_04_cell_061,demo,T2D_donor_04,T2D,beta,5.42101296931892,5.194103605679432,5.683163073996669,4.862207012867866,0.0,3.171478528621869,11,1.226792071779192,-4.131155551279132,-0.0626738559107961
T2D_donor_04_cell_062,demo,T2D_donor_04,T2D,beta,4.6255025883697485,5.589271000464633,5.802810459468288,4.771150541259814,0.0,4.9630057614272385,22,2.750783598568149,-7.368512703657326,-1.4754954140244911
T2D_donor_04_cell_063,demo,T2D_donor_04,T2D,beta,5.067670792966383,5.745962264102639,5.937663662317826,4.633563387033855,0.0,4.355863585344763,13,2.177511122529874,-5.945742262296731,-0.9814927064986314
T2D_donor_04_cell_064,demo,T2D_donor_04,T2D,beta,5.766754147759562,5.153630718994004,4.985381117395268,4.697022532283067,0.0,2.0494032527972266,8,1.1311786238022306,-2.2882716171608704,0.21496748554243122
T2D_donor_04_cell_065,demo,T2D_donor_04,T2D,beta,5.882884456652931,5.1446234928292345,4.8901103139668285,4.095003110371063,0.0,1.7686683232021572,1,3.081944688165861,-2.0416734796407576,-1.4548277014929962
T2D_donor_04_cell_066,demo,T2D_donor_04,T2D,beta,5.042780195069495,5.906895282403646,5.47350931489931,3.9833744162207467,0.0,4.199142649081593,9,2.7125701543437275,-5.9921238454509975,-2.062935497790298
T2D_donor_04_cell_067,demo,T2D_donor_04,T2D,beta,5.712323328288848,4.957533111031664,4.820812778377884,4.938756209274231,0.0,1.9058497690800649,14,0.4824613199452594,-2.266599880337141,0.8407471778019125
T2D_donor_04_cell_068,demo,T2D_donor_04,T2D,beta,5.418624522315742,5.374666199082862,5.5225848086480465,4.556498633807731,0.0,3.190225065203851,1,1.2449014403281042,-4.179965354041453,-0.3510702752800475
T2D_donor_04_cell_069,demo,T2D_donor_04,T2D,beta,6.23117919825526,3.9649091127175273,4.09912916505092,5.003223601659048,0.0,-0.18910111713230973,21,0.844083982569348,0.6280012309532759,1.4934962076930214
T2D_donor_04_cell_070,demo,T2D_donor_04,T2D,beta,5.333051441104546,5.337644436749721,5.304733990271033,4.666278731271628,0.0,3.1749245780637834,1,1.678909075798824,-4.424971692875375,-1.2906291981400781
T2D_donor_04_cell_071,demo,T2D_donor_04,T2D,beta,5.456502591073553,5.324176667021951,5.431992435078355,5.2690091066209375,0.0,3.026755076685751,1,0.994717978063667,-3.651750861296262,0.6564930589722262
T2D_donor_04_cell_072,demo,T2D_donor_04,T2D,beta,4.418149223659421,6.189360176084039,6.094969223786552,4.3543057847000854,0.0,5.939976033211018,4,3.4129197815428993,-8.511832496180315,-2.4856639018074693
T2D_donor_04_cell_073,demo,T2D_donor_04,T2D,beta,5.720247187604324,5.070583172519929,5.067285250760021,5.023121927794995,0.0,2.1326285274237344,8,0.805396385605385,-2.323145772626532,0.4000450800959838
T2D_donor_04_cell_074,demo,T2D_donor_04,T2D,beta,5.824716581658447,4.853878931510093,5.059295878548815,4.843475674373927,0.0,1.7913197036569826,8,1.6497401927249848,-2.284303558442387,2.1323870860804313
T2D_donor_04_cell_075,demo,T2D_donor_04,T2D,beta,6.467160883435628,2.673621154983354,1.7461409408373458,4.679647937353094,0.0,-3.0631466729903956,19,0.6018174468973916,3.5416386713049195,0.05717139063938479
T2D_donor_04_cell_076,demo,T2D_donor_04,T2D,beta,6.0274433333506385,4.859531344117508,4.4609317955313275,3.983373690168396,0.0,1.02662744755378,14,3.5128967816584877,-0.8512412710744224,-1.7627376444624852
T2D_donor_04_cell_077,demo,T2D_donor_04,T2D,beta,6.294290033737887,3.9135780302872023,3.9030694981910763,4.75550253568283,0.0,-0.46952529321195813,20,0.28580050231950604,0.8830254107234189,0.8762074042741764
T2D_donor_04_cell_078,demo,T2D_donor_04,T2D,beta,6.144095116766155,4.379433680399377,4.2756832239445,4.9292345297613105,0.0,0.3668809289293232,10,1.4322753233729086,0.10180578906344628,0.0661750779984782
T2D_donor_04_cell_079,demo,T2D_donor_04,T2D,beta,4.47104877368305,5.930031750402107,5.9677713410402875,3.4936028954405423,0.0,5.583819721965791,4,4.300894560468385,-8.160689876720053,-4.779626628858428
T2D_donor_04_cell_080,demo,T2D_donor_04,T2D,beta,5.62365945592204,5.3094457529051935,5.069057939844742,4.9398921640307565,0.0,2.4704147560037386,5,0.8763691667167608,-3.0983805578068337,0.6611351329014241
T2D_donor_04_cell_081,demo,T2D_donor_04,T2D,beta,6.264314026190428,3.6041165479777133,4.462836639857407,4.877928763064932,0.0,-0.24940825636013036,17,0.5786400218882601,0.5287172301846891,1.4872356412328929
T2D_donor_04_cell_082,demo,T2D_donor_04,T2D,beta,6.2475267543514885,4.0252650198558495,3.868317453340758,4.995183739287312,0.0,-0.3324796036384766,3,0.21722718136101005,0.8323727529065663,0.8457420387446792
T2D_donor_04_cell_083,demo,T2D_donor_04,T2D,beta,5.6511727761039685,4.737758097383891,4.948090730660293,4.940538622482159,0.0,1.953769202139679,12,0.4476512872536409,-2.416244743872844,0.5966735018283134
T2D_donor_04_cell_084,demo,T2D_donor_04,T2D,beta,5.693247645208443,4.965637303088782,4.733846246762759,4.99485732887316,0.0,1.8877837960013166,1,1.2344364813105475,-2.651561108026008,1.4126053349559666
T2D_donor_04_cell_085,demo,T2D_donor_04,T2D,beta,5.249814499410048,5.189731628417426,5.508683840821759,5.003304769563054,0.0,3.3627409095702805,1,2.0922980859840363,-4.702337158497228,0.9681260851791312
T2D_donor_04_cell_086,demo,T2D_donor_04,T2D,beta,6.08251501772854,3.893529300226632,4.028972509418294,5.140452835538558,0.0,-0.01418867111351163,20,1.3409994018090607,-0.031962602907293074,2.096020123071212
T2D_donor_04_cell_087,demo,T2D_donor_04,T2D,beta,6.189132952459032,4.103754626223003,3.7562612940934725,4.355280978586733,0.0,-0.24842634290398263,20,0.8469344282573941,0.061045821191616195,0.4121461103030398
T2D_donor_04_cell_088,demo,T2D_donor_04,T2D,beta,5.990336626439894,4.661018189207743,4.511010600609086,3.9605136766796654,0.0,0.9935777370685799,12,3.3620858356434704,-0.7826304032763308,-1.633012635800307
T2D_donor_04_cell_089,demo,T2D_donor_04,T2D,beta,6.215596506979782,3.711534725505563,4.27599598224705,4.662539275256332,0.0,-0.21344057088106194,10,1.4512956618078166,0.5431407010693088,0.16321789507752682
T2D_donor_04_cell_090,demo,T2D_donor_04,T2D,beta,5.881845713239143,4.786127172992478,4.708447516798964,4.998140050108609,0.0,1.4071265400131676,8,0.5888942813208304,-1.6477810677511502,1.3477886435847597
T2D_donor_04_cell_091,demo,T2D_donor_04,T2D,beta,5.34688905266581,5.506868423691091,5.595194326950438,5.249602357190374,0.0,3.458293804388404,18,1.364153214929586,-4.122669959642859,0.5765626455292796
T2D_donor_04_cell_092,demo,T2D_donor_04,T2D,beta,5.920464485257429,4.379748313574893,4.244813683563526,4.999326059430814,0.0,0.7526099666343888,17,0.6941945303741539,-1.4711993682887963,1.7871512364958808
T2D_donor_04_cell_093,demo,T2D_donor_04,T2D,beta,6.169628342389014,4.048442048155861,3.913564119091042,4.852588744533173,0.0,-0.1450881738444284,17,0.508639275282464,0.16944430961448398,0.7652964585598391
T2D_donor_04_cell_094,demo,T2D_donor_04,T2D,beta,6.1760656970656935,3.5137078588821224,4.305554205852642,4.67541906890578,0.0,-0.2553526675173736,21,2.048203847560436,0.8777929975832216,-0.5022700248608518
T2D_donor_04_cell_095,demo,T2D_donor_04,T2D,beta,5.579470567537817,5.195646918282676,5.148859214747899,4.90796851633309,0.0,2.527273519842313,12,0.929754638102704,-2.9088014616081335,0.8312518082158539
T2D_donor_04_cell_096,demo,T2D_donor_04,T2D,beta,6.114809333105127,4.608871523089062,3.802538577285624,4.630860892996677,0.0,0.2583520508999837,17,0.6704564097937835,0.011957339295359012,0.5048832378001968
T2D_donor_04_cell_097,demo,T2D_donor_04,T2D,beta,5.935595325384675,3.781930922944025,4.207650326959969,5.239199895671914,0.0,0.2968875629731792,10,0.8228800371690923,-0.7599480066386614,1.7666292013845026
T2D_donor_04_cell_098,demo,T2D_donor_04,T2D,beta,6.309637364515398,2.989923332011303,3.7532235493693475,4.884940754372688,0.0,-1.2208849144584057,3,0.4690675738624961,1.7086088399713095,0.18748587883494078
T2D_donor_04_cell_099,demo,T2D_donor_04,T2D,beta,6.501737279740006,3.5799973636734728,1.4778388728955456,4.6518386431841305,0.0,-2.693859794334421,7,0.71038489680795,3.852172355725587,-0.6378465902748474
T2D_donor_04_cell_100,demo,T2D_donor_04,T2D,beta,6.06976173524024,4.622006437782565,4.31692399010493,4.9175790063708105,0.0,0.6931552873160732,17,0.5910767691521475,-0.3899467032500133,1.4712119063436568
T2D_donor_04_cell_101,demo,T2D_donor_04,T2D,beta,5.862180230809312,4.646471303836671,4.312640080097632,4.9384921224666325,0.0,1.083816319724584,12,0.573109289608813,-1.647516753412238,1.7391956914641324
T2D_donor_04_cell_102,demo,T2D_donor_04,T2D,beta,5.162680764214043,5.849695014864059,5.985769927886961,4.577238528693541,0.0,4.285478981881493,22,1.5661124510352176,-4.9838804574692555,-1.1757268562385643
T2D_donor_04_cell_103,demo,T2D_donor_04,T2D,beta,5.262838258550193,5.778707611444758,5.436728118427149,4.133422519261479,0.0,3.6883613945492786,13,2.4231117686139827,-4.572271006533824,-1.9559509281793395
T2D_donor_04_cell_104,demo,T2D_donor_04,T2D,beta,6.289406866966668,3.175089658862511,3.9110366514893578,4.863965974064391,0.0,-0.9536232094327232,17,0.8729697734232218,1.4709297010882183,-0.0837131629308291
T2D_donor_04_cell_105,demo,T2D_donor_04,T2D,beta,5.70645673309023,4.637397237409944,5.329308742496894,5.139146418198199,0.0,2.0406752706144453,8,0.9462175576464995,-2.4633113408949905,1.5696965511324297
T2D_donor_04_cell_106,demo,T2D_donor_04,T2D,beta,5.156144849405136,5.603694561658498,5.369694038497502,4.625066897840586,0.0,3.719206763488842,22,1.9961157859672634,-5.261442078378385,-1.3605992924731352
T2D_donor_04_cell_107,demo,T2D_donor_04,T2D,beta,5.211445621591636,5.604552821462917,5.662042577972869,4.474833637682022,0.0,3.814926648951927,22,1.9217688583460353,-5.377182543522574,-0.9651287200749461
T2D_donor_04_cell_108,demo,T2D_donor_04,T2D,beta,5.900740895580381,4.24964515848248,4.386649633502739,4.770327233747097,0.0,0.7955334089041809,5,0.5737043987712491,-1.5097719619495609,1.4165267126626602
T2D_donor_04_cell_109,demo,T2D_donor_04,T2D,beta,5.953166233818229,4.61199737164468,4.622053751726916,4.911064741940454,0.0,1.102299073565515,5,0.4092969081325224,-1.4867820086843244,1.576498765350642
T2D_donor_04_cell_110,demo,T2D_donor_04,T2D,beta,6.168561971829119,4.03582387914808,4.03582387914808,4.980151625907539,0.0,-0.06987397663395017,17,0.5485256240246139,0.3029344429041047,0.9754083651745659
T2D_donor_04_cell_111,demo,T2D_donor_04,T2D,beta,6.503874034059265,1.9125659865153655,1.1338882013387148,4.666684221061642,0.0,-4.052946702598447,7,0.796742872573053,4.843529477799128,-1.0151307664431561
T2D_donor_04_cell_112,demo,T2D_donor_04,T2D,beta,5.33788242625635,5.738912186282507,5.581716159106106,4.449988381999945,0.0,3.6222073277785576,11,1.4535874735587564,-4.805653941676732,-0.30482083572825935
T2D_donor_04_cell_113,demo,T2D_donor_04,T2D,beta,6.497921556754681,1.948897324213873,1.816402548247964,4.652063899378735,0.0,-3.5610200654720416,7,0.5009367530232174,4.14989084448606,-0.5344458891044368
T2D_donor_04_cell_114,demo,T2D_donor_04,T2D,beta,5.949313668602432,4.28349974889152,5.059526537371125,5.271468877478216,0.0,1.1803101158325462,10,0.8967332301516429,-0.9521383001912828,1.346950887040324
T2D_donor_04_cell_115,demo,T2D_donor_04,T2D,beta,5.831511971640785,4.48256007344416,4.76595616906626,4.664739813582048,0.0,1.3321855174259194,5,0.699324926319786,-1.9719776840749268,1.0895851171158992
T2D_donor_04_cell_116,demo,T2D_donor_04,T2D,beta,6.25785010014908,4.365495731680855,4.104985919054721,4.832653309958073,0.0,0.03667297204293812,20,0.992289323078599,0.6096918312301383,0.5722822564869885
T2D_donor_04_cell_117,demo,T2D_donor_04,T2D,beta,6.104042226392383,4.26506467127536,4.005702891783082,5.016905149010136,0.0,0.18183974102470993,17,0.751034749822006,-0.13123301482525998,1.5054041028840317
T2D_donor_04_cell_118,demo,T2D_donor_04,T2D,beta,6.326762063142786,3.1173311625456246,3.7225107437439093,4.8616499642055455,0.0,-1.1865656337458885,3,0.05831448123614358,1.7433504497973538,0.836872377019678
T2D_donor_04_cell_119,demo,T2D_donor_04,T2D,beta,5.773249584756603,5.196959840382765,5.111135216994305,5.1583588589301925,0.0,2.1509716290174947,8,1.6037727016755348,-2.147415918950989,-0.13294861590455018
T2D_donor_05_cell_000,demo,T2D_donor_05,T2D,beta,4.907956978894736,5.836972145428349,5.3784316526189375,4.153918277697428,0.0,4.333227278326745,22,2.281432224429179,-6.449789478480555,-1.78832553593171
T2D_donor_05_cell_001,demo,T2D_donor_05,T2D,beta,5.774296928982201,4.670668182996448,4.602930732702694,4.7745308190306455,0.0,1.453964882834231,14,0.5855305304219742,-2.134798086591438,1.2461303620024653
T2D_donor_05_cell_002,demo,T2D_donor_05,T2D,beta,5.731810791415517,5.398622405283182,5.332855387676153,4.540994443245211,0.0,2.5106374193844885,1,0.8024531932185699,-2.902820003276606,0.21192753107767257
T2D_donor_05_cell_003,demo,T2D_donor_05,T2D,beta,5.9989243448281595,4.307890441405986,4.558683952634207,4.650119776828379,0.0,0.7715998313284175,10,0.7169212442690212,-0.9181275622194959,0.7065940040756302
T2D_donor_05_cell_004,demo,T2D_donor_05,T2D,beta,6.021153385590686,4.487096808591887,3.4058157516707452,4.914476045930115,0.0,0.08087973300303507,10,0.925034339200308,-0.017404364082695824,0.3587184747907572
T2D_donor_05_cell_005,demo,T2D_donor_05,T2D,beta,4.498991449633474,6.019679143684516,6.187837910111797,4.394229275582652,0.0,5.740782859234792,4,3.3223163907887416,-7.712555304587441,-3.5116549591338173
T2D_donor_05_cell_006,demo,T2D_donor_05,T2D,beta,6.1861037822839675,4.267475075694233,4.174873854794709,4.627872867906716,0.0,0.14759718917213804,21,2.037416413972644,0.3406033703223177,-0.5374714262349638
T2D_donor_05_cell_007,demo,T2D_donor_05,T2D,beta,5.475966883591264,5.2918717238146,5.751982361767155,4.902817393497657,0.0,3.1836779285791703,1,1.176775410727302,-3.9367582869992335,0.5489973730755087
T2D_donor_05_cell_008,demo,T2D_donor_05,T2D,beta,5.806581222986153,5.102928961739824,5.347839620192188,4.553257178502082,0.0,2.185340365751101,12,1.4828722867609097,-2.386987841964622,0.013293808976702385
T2D_donor_05_cell_009,demo,T2D_donor_05,T2D,beta,5.512758818124094,5.19772127182119,5.47604654279243,4.72631400529847,0.0,2.8687258940579983,11,0.6979779543788549,-3.6540033813311004,0.16817971211224853
T2D_donor_05_cell_010,demo,T2D_donor_05,T2D,beta,5.69653113599273,5.012841796941191,4.60021774864886,4.668898470294433,0.0,1.824274310483986,8,1.070535316582637,-2.803607883573857,1.2013557038845208
T2D_donor_05_cell_011,demo,T2D_donor_05,T2D,beta,4.531171455395368,5.723103374548989,5.6657070526909665,4.622576656441694,0.0,5.1329161983618885,4,3.3871158766282123,-7.851372404676675,-1.2872196476438733
T2D_donor_05_cell_012,demo,T2D_donor_05,T2D,beta,6.21404875675657,4.357333237763632,3.520348032233353,4.902502321534919,0.0,-0.28040228378352416,17,0.15321658930220572,0.5544512376939567,1.1441586302944726
T2D_donor_05_cell_013,demo,T2D_donor_05,T2D,beta,5.372622824788242,5.395253264370651,5.230584636183909,4.913507700341018,0.0,3.092319111973442,1,2.6229292005136697,-4.3994173607279565,1.5140125653521597
T2D_donor_05_cell_014,demo,T2D_donor_05,T2D,beta,6.0023122133442675,4.8132810658431,4.403416784992064,4.9579195748654294,0.0,1.0025868325582803,5,0.8132408014985648,-1.0456933627392875,0.7265572154535509
T2D_donor_05_cell_015,demo,T2D_donor_05,T2D,beta,5.839684423754119,4.525357605863063,4.979979566436572,4.9547740831797515,0.0,1.4894013222902043,12,0.5304069522089936,-1.9414802696361142,0.9715860272996611
T2D_donor_05_cell_016,demo,T2D_donor_05,T2D,beta,6.029739481568042,4.431838385589659,4.51157480333705,4.745077321833446,0.0,0.7677502084372639,10,1.1194729887965522,-1.0624123782893389,1.7563703317351105
T2D_donor_05_cell_017,demo,T2D_donor_05,T2D,beta,5.754912275900717,4.518530540183821,4.803365796802952,5.148591155833404,0.0,1.5206076006433653,12,1.3572478142858468,-2.436210848182612,1.8873046101059794
T2D_donor_05_cell_018,demo,T2D_donor_05,T2D,beta,5.522696435177911,4.11548161624823,5.223750316009324,4.699901309266103,0.0,1.9516469906839555,11,2.4448062755019118,-2.876877402106328,-0.9512806362085593
T2D_donor_05_cell_019,demo,T2D_donor_05,T2D,beta,6.018486696213543,4.800017134420952,4.220811615758292,4.701127818503745,0.0,0.8420975964410404,8,0.9781371622710235,-1.2250570590183645,1.0153514442423015
T2D_donor_05_cell_020,demo,T2D_donor_05,T2D,beta,5.584750910856927,5.250643844486847,5.66453452815942,4.744370917009433,0.0,2.899778240825376,1,0.6961722988847994,-3.4491849785466484,0.240333437449184
T2D_donor_05_cell_021,demo,T2D_donor_05,T2D,beta,5.174163487082214,5.78959788769479,5.568439437126536,4.925192023045136,0.0,3.944879522828459,13,1.378969341237302,-5.077546209939132,0.12542224083857792
T2D_donor_05_cell_022,demo,T2D_donor_05,T2D,beta,5.188350857042783,5.686628846328153,5.674249171147542,4.719236887718133,0.0,3.9204196398250533,13,1.7258962133792055,-4.747863319506217,-1.4218433934932326
T2D_donor_05_cell_023,demo,T2D_donor_05,T2D,beta,4.335735851871818,6.199243089587248,6.294726190452073,4.018328832610688,0.0,6.229964603691947,4,3.6785443540524847,-8.810002327012153,-3.668658693237132
T2D_donor_05_cell_024,demo,T2D_donor_05,T2D,beta,5.656580738635027,5.520297557754752,5.388800944924592,4.591561832067334,0.0,2.7668018558862193,11,0.7029521708810682,-3.3681596425185667,0.10744081721094739
T2D_donor_05_cell_025,demo,T2D_donor_05,T2D,beta,5.750768027809509,4.892946681134191,4.6445445240881575,4.846784121478628,0.0,1.6745217187520653,8,0.6519762407477883,-2.1581182590101227,0.8860111316139531
T2D_donor_05_cell_026,demo,T2D_donor_05,T2D,beta,5.8401258636413935,4.742291894307181,4.477213003910853,4.938310955375633,0.0,1.2986266603012424,14,0.7454947039401052,-1.670371237493219,0.8360844821168133
T2D_donor_05_cell_027,demo,T2D_donor_05,T2D,beta,5.576170540341645,5.271867112369154,5.325188967866984,4.450962920028087,0.0,2.702661229599184,1,1.0631875794263212,-3.546462634233482,-0.24050834973385846
T2D_donor_05_cell_028,demo,T2D_donor_05,T2D,beta,6.356634306211622,2.110303922028479,3.6419592301241415,4.992925902590065,0.0,-1.9742040747509648,19,0.6416461938048625,2.783934668197547,0.179050623359547
T2D_donor_05_cell_029,demo,T2D_donor_05,T2D,beta,5.515971416089514,5.380862247338738,5.2808700997801346,5.117244270333519,0.0,2.85589320585962,14,0.8978357688564635,-3.230357749710985,0.602441924642049
T2D_donor_05_cell_030,demo,T2D_donor_05,T2D,beta,5.864612264218441,4.687322298094432,4.901585348482414,4.910594977432535,0.0,1.5009667306365517,12,1.1039559153679983,-1.4599143224913302,0.4240280306838444
T2D_donor_05_cell_031,demo,T2D_donor_05,T2D,beta,5.77101973999451,5.0451118378889355,5.07551583643213,4.703203549801487,0.0,2.0287324418868375,11,0.5129310501578663,-2.5497432474738506,0.8478247299686811
T2D_donor_05_cell_032,demo,T2D_donor_05,T2D,beta,5.186880956722298,5.546226145751961,5.759516767826708,4.654768929346171,0.0,3.88539611217885,9,2.0569396194044254,-5.663159793582473,0.1198727756213618
T2D_donor_05_cell_033,demo,T2D_donor_05,T2D,beta,5.577317665498551,5.187322533064215,5.151742767552497,4.641813295636265,0.0,2.5274959117585216,1,1.8853873291264938,-2.9952452764241184,-0.5298966740353767
T2D_donor_05_cell_034,demo,T2D_donor_05,T2D,beta,5.287786230295153,5.83532740389063,5.897139518791487,4.473519328006755,0.0,3.9892684299723467,22,1.3139400565670432,-4.658832696443398,-0.6999078856139598
T2D_donor_05_cell_035,demo,T2D_donor_05,T2D,beta,3.55884147139806,6.359890344797198,6.379129425622095,3.9869608935879453,0.0,7.805859238580484,15,5.750396908043364,-10.859463513582936,-6.674207901730873
T2D_donor_05_cell_036,demo,T2D_donor_05,T2D,beta,5.612933284999149,5.295845914077793,5.212031199058458,4.844430403152462,0.0,2.576368441385393,1,1.5474220078514316,-3.1785791553060005,-0.393780675376811
T2D_donor_05_cell_037,demo,T2D_donor_05,T2D,beta,6.223735187351325,4.218336402753488,4.2783173324755985,4.121960767213062,0.0,0.115296315220834,10,2.5686478894961917,0.26389143486513333,-0.8750989499852707
T2D_donor_05_cell_038,demo,T2D_donor_05,T2D,beta,5.702529885131141,4.698505934522405,4.89322094887539,4.846297072982201,0.0,1.7972987413611692,8,1.8238793000626385,-2.7527397429359746,1.9799325040207205
T2D_donor_05_cell_039,demo,T2D_donor_05,T2D,beta,5.262909333009078,5.632388972798005,5.40326356919722,4.519537311391994,0.0,3.567115701229781,18,1.140759773944371,-5.250381127945524,0.06374500291567582
T2D_donor_05_cell_040,demo,T2D_donor_05,T2D,beta,4.958887254493881,5.812977882215663,5.6640107972722475,4.518626367001524,0.0,4.415587046617443,18,2.498219431555916,-6.30793108256097,-0.7405142555358223
T2D_donor_05_cell_041,demo,T2D_donor_05,T2D,beta,5.331139831413391,5.477457269696024,5.323435932234475,4.706337921208573,0.0,3.2852471717592078,11,1.1875025527513152,-4.578717297453372,-0.2272557884034726
T2D_donor_05_cell_042,demo,T2D_donor_05,T2D,beta,5.928039935675153,4.746189623101586,4.429381369934868,5.070303049803967,0.0,1.1095837451016761,8,0.46490247123107853,-1.441016218659735,1.625104326821421
T2D_donor_05_cell_043,demo,T2D_donor_05,T2D,beta,5.582601787833275,5.481684411084495,5.529109269843753,4.299895326649206,0.0,2.9689775646324565,11,1.8923492895490588,-3.5530428540460717,-0.8969674964544899
T2D_donor_05_cell_044,demo,T2D_donor_05,T2D,beta,4.362478220649655,6.074498239398972,5.9754401169503275,4.459577929051889,0.0,5.883620171657023,4,3.552811431328853,-8.64973553318201,-2.1848066124081345
T2D_donor_05_cell_045,demo,T2D_donor_05,T2D,beta,5.745152649876237,4.762814740832625,5.030729255916668,4.740434653102545,0.0,1.8552706167015636,5,1.815447465725165,-2.347671187410079,-0.23054592670998675
T2D_donor_05_cell_046,demo,T2D_donor_05,T2D,beta,6.087951162030672,4.493814834085192,4.542378999719196,5.041975630696999,0.0,0.7244501543242832,10,0.294528297786365,-0.6341790240352577,0.954415219449775
T2D_donor_05_cell_047,demo,T2D_donor_05,T2D,beta,6.00654890358855,4.6603886054435435,4.77189634328227,4.686953454280133,0.0,1.1382394958695572,14,1.8433045575262978,-0.8855837910829674,0.015485384355566052
T2D_donor_05_cell_048,demo,T2D_donor_05,T2D,beta,5.747449923621561,4.8788149703281825,5.12587793001394,4.056577062573457,0.0,1.9930239420104205,5,2.530781407857879,-2.631592028387147,-1.100996751677423
T2D_donor_05_cell_049,demo,T2D_donor_05,T2D,beta,5.232569992774794,5.617124289947793,5.457391854981528,4.724271567947638,0.0,3.648131264451248,9,1.211496656190583,-5.098928673055525,0.028301391045955027
T2D_donor_05_cell_050,demo,T2D_donor_05,T2D,beta,6.304648072192745,3.4106536779381487,2.2605418658290364,4.761233712647492,0.0,-1.9265354431434467,2,0.480511323267077,2.237268701077622,0.31167866407414585
T2D_donor_05_cell_051,demo,T2D_donor_05,T2D,beta,4.624586096468948,6.232804166379358,6.108696366193817,3.703383282930363,0.0,5.603533117453344,4,3.832651957882491,-7.794318408712824,-4.213302344965788
T2D_donor_05_cell_052,demo,T2D_donor_05,T2D,beta,6.307701821011912,2.862988265404659,1.8441312314391225,4.891327880117108,0.0,-2.5801984007500773,3,1.0940504498848576,2.4789493221287,1.0166981992073216
T2D_donor_05_cell_053,demo,T2D_donor_05,T2D,beta,5.683149162120441,5.160398804119087,5.102722908923849,4.98014396299648,0.0,2.2843187534696074,1,1.7737733746083828,-3.0416108969726414,1.624066245584926
T2D_donor_05_cell_054,demo,T2D_donor_05,T2D,beta,5.993587852345568,4.071368522363921,4.536600614079914,4.925880219300455,0.0,0.6069247224866379,10,0.7429284988599871,-0.9026053637294679,1.2882588183006614
T2D_donor_05_cell_055,demo,T2D_donor_05,T2D,beta,4.799256184269504,6.06645982797872,5.8800772220110575,4.975770549407319,0.0,5.021102090433052,22,2.3580432658405206,-6.637672378416994,-1.0913879999155331
T2D_donor_05_cell_056,demo,T2D_donor_05,T2D,beta,5.057005656089033,5.678050777958497,5.936007190723103,4.497430893263421,0.0,4.328302475815296,22,2.0977239392554,-6.035809496425475,-0.7828785957568469
T2D_donor_05_cell_057,demo,T2D_donor_05,T2D,beta,5.190218513337573,5.661303311905601,5.643633178125386,4.660777337818515,0.0,3.8794570032263227,13,1.757719037032314,-4.984963261180885,-1.4461602657711121
T2D_donor_05_cell_058,demo,T2D_donor_05,T2D,beta,5.351780049310322,5.5206951656969165,5.675189353213903,4.449060419380993,0.0,3.5122566990734896,22,1.3326163319884872,-4.685909332481514,-0.6017850704867844
T2D_donor_05_cell_059,demo,T2D_donor_05,T2D,beta,6.097263878708473,3.7568411963977995,4.1860477979678645,5.087024508582845,0.0,-0.028123827218316716,20,0.647078468277714,0.1862005937812472,1.2373584317840614
T2D_donor_05_cell_060,demo,T2D_donor_05,T2D,beta,5.827057505884836,4.873713200826274,4.6223446040709195,4.893594009591611,0.0,1.5081316584089663,5,1.730578811148857,-2.3315687194394394,2.1813042038407557
T2D_donor_05_cell_061,demo,T2D_donor_05,T2D,beta,5.749922693432758,5.016943941672561,4.6780716823773405,5.240392637745605,0.0,1.7821541361272273,8,0.6115923105454861,-1.9293387649902267,1.1966151407289025
T2D_donor_05_cell_062,demo,T2D_donor_05,T2D,beta,5.783258686730967,4.977805380569166,5.021803560151641,4.981637576833211,0.0,1.9251548756114372,8,0.7757062825452374,-2.1624386474490525,1.506948559132319
T2D_donor_05_cell_063,demo,T2D_donor_05,T2D,beta,5.344667717571598,5.541521837220943,5.730912086768011,4.1826669053621535,0.0,3.5765057025809996,1,1.919155864373054,-4.636450562472014,-1.5395109473016149
T2D_donor_05_cell_064,demo,T2D_donor_05,T2D,beta,5.540488944882739,4.959384385509831,4.821739523040073,4.931064387975868,0.0,2.2198125479575186,12,1.4878285950427212,-3.3332296074364236,1.1210838660458617
T2D_donor_05_cell_065,demo,T2D_donor_05,T2D,beta,5.198240619092863,5.505425874637799,5.593705345832331,4.6622806367035174,0.0,3.7263065457876805,18,1.1475969988704922,-4.8600777672533955,-0.15815924579135301
T2D_donor_05_cell_066,demo,T2D_donor_05,T2D,beta,5.54878549954144,5.573527865893373,5.354652010508902,5.029376002678995,0.0,2.9756563232910604,14,1.2458761535121052,-3.4662887500702944,0.9634223052278212
T2D_donor_05_cell_067,demo,T2D_donor_05,T2D,beta,5.324383049637769,5.39037328953049,5.4306400798289385,5.293481647194974,0.0,3.3104783824384465,11,2.6763509713081772,-4.359977110177505,1.5745653564432918
T2D_donor_05_cell_068,demo,T2D_donor_05,T2D,beta,5.6261802668448775,4.263246562264686,5.197710094109342,4.57003333210124,0.0,1.845978745446895,14,0.43664292678526984,-2.5985179092934807,0.4520355970559168
T2D_donor_05_cell_069,demo,T2D_donor_05,T2D,beta,5.8431897246024835,4.633131025866428,4.792070102524944,4.126158338480445,0.0,1.4300441532525419,12,2.18484303944789,-1.8281777707194,-0.6257880024068248
T2D_donor_05_cell_070,demo,T2D_donor_05,T2D,beta,5.154046555307041,5.773498275054218,5.268809171801929,4.950337707840884,0.0,3.770101498908269,9,1.3901069519039364,-5.09627424271796,0.19461945982905082
T2D_donor_05_cell_071,demo,T2D_donor_05,T2D,beta,4.884272497324363,5.9886731507846,5.831556221517153,4.305773253974134,0.0,4.781744268766173,4,2.619897803580181,-6.473158750150462,-2.0869568220946264
T2D_donor_05_cell_072,demo,T2D_donor_05,T2D,beta,5.939876004515139,4.158624300131439,4.703041827679031,4.873971557970359,0.0,0.874703611175028,8,0.6778401678476982,-1.6644392886655244,1.8086571348527007
T2D_donor_05_cell_073,demo,T2D_donor_05,T2D,beta,4.527222582975699,6.197026124348585,6.323542174330816,4.05657279399079,0.0,5.8999593908866,4,3.1162912314349667,-8.021126592320618,-3.211320168226617
T2D_donor_05_cell_074,demo,T2D_donor_05,T2D,beta,5.22018352058377,5.4572904248594964,5.489062458177711,4.87121289134114,0.0,3.5839674085273288,1,1.350225159732645,-5.044986532377241,0.20469404658533216
T2D_donor_05_cell_075,demo,T2D_donor_05,T2D,beta,5.421874999671417,5.149820574130284,5.607280194833447,4.93352247908761,0.0,3.0892672749905605,22,1.1934168427592153,-3.517459274806975,-0.3469348378328872
T2D_donor_05_cell_076,demo,T2D_donor_05,T2D,beta,5.806152007427696,4.252987009385437,4.434783952783763,5.029531568560778,0.0,1.001786858274492,5,0.9694242664510595,-2.0447178458104704,1.6282452638298301
T2D_donor_05_cell_077,demo,T2D_donor_05,T2D,beta,5.630619892420387,4.836916452019669,5.300319270301149,5.081670970998861,0.0,2.293645894678361,11,1.2333102826499163,-2.967409566664968,1.0839912938913256
T2D_donor_05_cell_078,demo,T2D_donor_05,T2D,beta,5.348433421141423,5.696987538452052,5.3583198391485185,4.594041936598796,0.0,3.425303637333191,13,1.1959997994233085,-4.835901029388599,-0.13816923492584943
T2D_donor_05_cell_079,demo,T2D_donor_05,T2D,beta,6.113212649711409,3.4866053089519626,4.120668328591884,4.876093386365737,0.0,-0.28317184408011464,10,0.4023872087224918,0.48105614108266964,1.361406718880609
T2D_donor_05_cell_080,demo,T2D_donor_05,T2D,beta,6.309848637935714,3.3407581640744732,3.046813927453726,5.263534854299063,0.0,-1.4571286156872727,3,1.2199723247831686,2.406898843828265,1.3518865827993256
T2D_donor_05_cell_081,demo,T2D_donor_05,T2D,beta,5.3970553145519355,5.8848080307465285,5.552015516542194,4.831655305370613,0.0,3.5933086926811595,11,1.3505832860813083,-4.26594785223059,-0.5621829076412479
T2D_donor_05_cell_082,demo,T2D_donor_05,T2D,beta,5.697985639067251,5.032714999427315,4.719983109934882,4.836075078880028,0.0,1.915164869154506,14,0.5219118346027622,-2.3363472607159284,0.6410734864915921
T2D_donor_05_cell_083,demo,T2D_donor_05,T2D,beta,6.058622404753968,4.325992808278412,4.598480427290398,4.446757482428324,0.0,0.7020118110461232,10,2.100350775734497,-0.9562358042758006,-0.12309115798850387
T2D_donor_05_cell_084,demo,T2D_donor_05,T2D,beta,5.562791840046078,5.473941976907541,4.886305010120366,4.443433823813165,0.0,2.56969825828736,1,0.8035281137086052,-3.6152275380355707,-0.026018216863612914
T2D_donor_05_cell_085,demo,T2D_donor_05,T2D,beta,5.369469511020833,5.629773593234502,5.542250126020092,4.674002801724675,0.0,3.464793135745495,11,1.2715875984603002,-4.609233589663064,-0.5452919982540371
T2D_donor_05_cell_086,demo,T2D_donor_05,T2D,beta,5.555175470468632,5.2747270617916175,5.473310775677303,5.134900802920867,0.0,2.8418164235452523,13,0.5801383093995209,-3.0149800889645673,0.33596504664551746
T2D_donor_05_cell_087,demo,T2D_donor_05,T2D,beta,6.092861428132295,3.694617364695648,3.3241733769973956,5.308812716982037,0.0,-0.6387059382130414,21,2.637675131392032,0.25647826184186684,2.646919859309351
T2D_donor_05_cell_088,demo,T2D_donor_05,T2D,beta,5.90081414360381,4.665018189750376,4.255102498381315,4.780083319777764,0.0,0.9876696288477674,8,1.2593090378486282,-1.5617354486657078,2.0633914550994796
T2D_donor_05_cell_089,demo,T2D_donor_05,T2D,beta,5.9104649459835885,4.425135526164139,4.879191205397837,5.187801193661002,0.0,1.2257940973662558,12,0.8117799268457917,-1.3863378907901485,1.8836455327031283
T2D_donor_05_cell_090,demo,T2D_donor_05,T2D,beta,5.803343559666762,5.26620828648862,5.215881863380863,4.873555474010691,0.0,2.2131144238710982,5,1.0556818031523747,-2.2361169442797846,0.20602356267707572
T2D_donor_05_cell_091,demo,T2D_donor_05,T2D,beta,5.187647971820175,5.901891099573016,5.741629400221932,4.53328463581876,0.0,4.112022267385953,9,1.880862416139105,-5.475580386648825,-0.5662342919043727
T2D_donor_05_cell_092,demo,T2D_donor_05,T2D,beta,4.517811895352075,6.210787155134581,6.085729747436875,4.565442282663741,0.0,5.767240750170382,4,3.0340741303533454,-7.692818455468307,-3.0625052578850034
T2D_donor_05_cell_093,demo,T2D_donor_05,T2D,beta,5.710522989786288,5.287994000213715,5.200933792376498,4.50844376922961,0.0,2.3863992161674252,11,0.5033367804213418,-2.8694117699448514,0.6039835423788006
T2D_donor_05_cell_094,demo,T2D_donor_05,T2D,beta,5.821109430998381,4.724185646461447,5.053618046821905,4.869007140057565,0.0,1.706561836881689,5,0.8701783260739351,-2.2215740682986467,1.5357647341912821
T2D_donor_05_cell_095,demo,T2D_donor_05,T2D,beta,5.673895448141585,5.221428531484893,5.411262840136034,4.463603939123707,0.0,2.5487183787112366,1,0.9473526397929888,-3.096780701935974,-0.02900868681729597
T2D_donor_05_cell_096,demo,T2D_donor_05,T2D,beta,5.691820453089482,5.090224575750328,4.814834362394831,4.612036893095206,0.0,2.02862241332704,1,0.523006933274111,-2.7314319160732854,0.500922352541387
T2D_donor_05_cell_097,demo,T2D_donor_05,T2D,beta,5.634661843147883,5.485260859379265,5.201546244828863,4.5355385165522994,0.0,2.6576978346166356,14,0.6856003793653187,-3.2904453743957385,0.14505044902583442
T2D_donor_05_cell_098,demo,T2D_donor_05,T2D,beta,5.614837089427644,5.649130988249934,5.331602546168282,3.9429606782226796,0.0,2.8912836962785367,14,3.282530145863311,-3.3714898317804214,-2.135346006544465
T2D_donor_05_cell_099,demo,T2D_donor_05,T2D,beta,5.988537748960882,4.384715615534107,5.019970402873547,4.837677517530098,0.0,1.1509022003719673,11,0.6277255535986219,-1.4765912562279793,1.0349410626115474
T2D_donor_05_cell_100,demo,T2D_donor_05,T2D,beta,5.1907724729065565,5.94202447114999,5.734684630678928,4.662537148713397,0.0,4.128781462418133,9,1.3808154084537732,-4.885818987835637,-1.2010671836925235
T2D_donor_05_cell_101,demo,T2D_donor_05,T2D,beta,5.951796777428661,4.424544357792995,3.299393849931275,5.213388770564099,0.0,0.09344496493013899,12,1.0519968490972476,-0.3978672513293457,2.0263963389961126
T2D_donor_05_cell_102,demo,T2D_donor_05,T2D,beta,4.687907103418347,5.704499188245523,5.373550830401712,4.478219052286893,0.0,4.640240408511914,4,2.825712672643518,-6.86382993996476,-2.596910160661852
T2D_donor_05_cell_103,demo,T2D_donor_05,T2D,beta,5.465660697151048,4.949128266919489,5.643254107966937,4.566850143778248,0.0,2.8983904652326284,18,1.3664608278245511,-4.242659087534592,0.31869648603748507
T2D_donor_05_cell_104,demo,T2D_donor_05,T2D,beta,5.575998503186211,5.393435684847439,5.305976609707196,4.922497431902485,0.0,2.7721493729291495,11,1.4876865074025387,-3.513708271143759,1.034511956289719
T2D_donor_05_cell_105,demo,T2D_donor_05,T2D,beta,5.432823038746268,5.388900622900381,5.446483952149002,5.021179940959647,0.0,3.1231304422172403,11,1.6476142966714802,-3.4475199816242834,-0.6488015206832303
T2D_donor_05_cell_106,demo,T2D_donor_05,T2D,beta,5.958236152454922,3.2738781156659877,4.391992983433443,4.915231446875574,0.0,0.03628116069784093,10,0.45281803973026413,-0.5332313552688124,1.4140581338299858
T2D_donor_05_cell_107,demo,T2D_donor_05,T2D,beta,5.964232918911508,4.342347505785705,4.907299860225198,4.72293490181264,0.0,1.0910813958850112,5,1.4628846706297765,-0.8781802141048284,0.2860726482916202
T2D_donor_05_cell_108,demo,T2D_donor_05,T2D,beta,5.124937637823675,5.379878991661022,5.736025020992285,4.801591708951716,0.0,3.8699413503760076,13,1.3766384508409564,-5.358200804215879,-0.09404149589492296
T2D_donor_05_cell_109,demo,T2D_donor_05,T2D,beta,3.8102713479429626,6.2919294615605965,6.376638553928487,2.7161446768300137,0.0,7.3016773763062774,15,6.446945184696932,-10.913685645027297,-9.108814022368264
T2D_donor_05_cell_110,demo,T2D_donor_05,T2D,beta,5.764548539150059,5.087964501455926,4.885399862470723,4.880555142222604,0.0,1.9422134599384433,5,0.4396718596360163,-2.414297983053364,0.5850347323412711
T2D_donor_05_cell_111,demo,T2D_donor_05,T2D,beta,5.363382337717295,5.567938298191299,5.2574727485664425,4.548685836015339,0.0,3.2436098913196414,13,1.2803807448430184,-4.632790052474895,-0.22312862387108878
T2D_donor_05_cell_112,demo,T2D_donor_05,T2D,beta,5.552166611147299,5.005809081281522,5.120964929379681,4.435417602930897,0.0,2.430109439579856,13,1.4383509837329473,-3.4599805898729676,-0.48181190711305244
T2D_donor_05_cell_113,demo,T2D_donor_05,T2D,beta,5.317037812414858,5.406398434608692,5.359284099255364,4.398182821655749,0.0,3.2868951383357965,13,1.1480978700537205,-4.86612988577391,-0.2123768268895867
T2D_donor_05_cell_114,demo,T2D_donor_05,T2D,beta,5.058798017008666,5.821683690932845,5.9665127972310374,4.557560878842619,0.0,4.442371983228064,22,2.3169088806982865,-5.777238069596095,-1.2851865960532975
T2D_donor_05_cell_115,demo,T2D_donor_05,T2D,beta,5.359071028422949,5.417649947072145,5.562300146496328,4.812382289908367,0.0,3.3539617857193775,9,1.1838367679456603,-3.9453161932091367,-0.2409019643322158
T2D_donor_05_cell_116,demo,T2D_donor_05,T2D,beta,5.8164100006045825,5.029499231506759,5.212031199058458,4.937472003288628,0.0,2.0270864015070003,8,1.1672060660171875,-2.6103040866746685,1.4322217978998864
T2D_donor_05_cell_117,demo,T2D_donor_05,T2D,beta,5.464056986524143,5.246788366080333,5.533512462027752,4.521814345985813,0.0,3.0287331775990376,1,1.5435309292325927,-4.015077969393293,-0.6258361145070822
T2D_donor_05_cell_118,demo,T2D_donor_05,T2D,beta,5.392146178191714,5.651346367491447,5.392353248539147,4.104399088907753,0.0,3.3378822722478887,1,1.379020208962971,-4.481044845038128,-1.0501124000634614
T2D_donor_05_cell_119,demo,T2D_donor_05,T2D,beta,5.734112837266668,5.074976317979133,4.888762953830321,4.939041502901937,0.0,1.9909782947510684,11,0.4354949688407439,-2.6128244528956683,0.6084382440139793
T2D_donor_06_cell_000,demo,T2D_donor_06,T2D,beta,4.4234767771618335,6.2832926373552045,6.382443885094966,3.6583253942437195,0.0,6.18600105935766,4,4.283542285793145,-8.430163259620995,-4.708066042678497
T2D_donor_06_cell_001,demo,T2D_donor_06,T2D,beta,5.725159365080793,5.290280663914702,5.470224850984643,4.799862483633547,0.0,2.541514087593006,11,2.7846072745729584,-2.488833239353143,-1.3374468296874653
T2D_donor_06_cell_002,demo,T2D_donor_06,T2D,beta,6.49896915891698,2.515564818178272,2.9419532714395666,4.71518427525753,0.0,-2.4275710936223893,2,0.5844049033145335,3.45062929404479,-0.08935072780145244
T2D_donor_06_cell_003,demo,T2D_donor_06,T2D,beta,5.88137270226743,5.195384724607207,5.009097203992523,4.4701240235415325,0.0,1.8852673201174133,5,2.129717402180945,-1.7241721875107165,-0.42755619695543634
T2D_donor_06_cell_004,demo,T2D_donor_06,T2D,beta,6.390344057298082,2.8817968997532772,3.095417539867018,4.829028754342819,0.0,-1.8804977478023275,0,0.890024723716528,2.709927197180696,-0.16602625733485454
T2D_donor_06_cell_005,demo,T2D_donor_06,T2D,beta,5.865059989404807,4.997509210106182,5.007141097636031,4.855150549620753,0.0,1.7800695784476286,12,0.44518935803501414,-1.8037114105890892,0.9997725779119122
T2D_donor_06_cell_006,demo,T2D_donor_06,T2D,beta,5.557432762681714,5.164363331523143,5.466687266802957,4.789178254512575,0.0,2.7588172930886525,11,0.8778537092811991,-3.4718745348906705,0.494991718413375
T2D_donor_06_cell_007,demo,T2D_donor_06,T2D,beta,5.385655105077262,5.087155708721358,5.364017719096838,5.273676837436973,0.0,2.950026122719218,11,0.6065535618309017,-3.549289100902308,0.2319469388198652
T2D_donor_06_cell_008,demo,T2D_donor_06,T2D,beta,6.236593184048251,3.4443058940194717,3.881217846235637,4.777977613686562,0.0,-0.6959948953702116,20,0.6574594863536296,1.1407176324249564,0.3625216574880455
T2D_donor_06_cell_009,demo,T2D_donor_06,T2D,beta,6.069602557133917,4.799538673514472,4.46837986309408,4.951799306461563,0.0,0.9145584269205346,17,0.47330636359703426,-0.5761210282121773,1.108491876892944
T2D_donor_06_cell_010,demo,T2D_donor_06,T2D,beta,6.039595375452573,5.057271893801856,4.345169089848647,4.6354656065150985,0.0,1.0605372638699035,5,2.1798993885585913,-0.6906202800155553,-0.20261260982135962
T2D_donor_06_cell_011,demo,T2D_donor_06,T2D,beta,6.547441107630808,3.373149360827945,0.7011725974210238,4.627714088127656,0.0,-3.436028719848899,2,0.6047547898396637,4.269175497308794,-0.2590201743515797
T2D_donor_06_cell_012,demo,T2D_donor_06,T2D,beta,6.252892670747159,2.981033283323714,3.8881570619089296,5.0130951156491514,0.0,-1.0335508697137166,0,0.27719198322204264,1.8327161706950812,0.6611238696356361
T2D_donor_06_cell_013,demo,T2D_donor_06,T2D,beta,6.2982537727079855,2.807845621877703,1.4436785971592083,5.290719909445332,0.0,-2.8681481103973816,2,0.5779410996480268,3.4864907322324026,0.09378869343770305
T2D_donor_06_cell_014,demo,T2D_donor_06,T2D,beta,6.223913812014022,4.041844034633573,3.838352913255315,5.015864600927275,0.0,-0.29845216133406005,20,0.9706461004982545,0.710149895991665,1.5670204214613284
T2D_donor_06_cell_015,demo,T2D_donor_06,T2D,beta,6.052749291226038,4.536600614079914,4.366142001651129,5.0289390874870525,0.0,0.6993530363078378,21,0.6141080096922336,-0.5815034203723574,1.7687887024746842
T2D_donor_06_cell_016,demo,T2D_donor_06,T2D,beta,6.164660015809515,4.402450426476628,4.347588042328278,4.903882252406185,0.0,0.3931647952833922,10,0.5356326736574202,0.03890774731855331,0.7510910323478124
T2D_donor_06_cell_017,demo,T2D_donor_06,T2D,beta,6.654886873432116,0.4853127559041136,1.4559382677123407,4.553915571969932,0.0,-5.074815248169059,23,1.236545612746096,6.328008387044962,-2.1992593875754416
T2D_donor_06_cell_018,demo,T2D_donor_06,T2D,beta,6.041682286410848,4.291078497410388,4.507956158524808,4.690598815120975,0.0,0.6486601586044636,12,0.5778826112619955,-0.6441458177369236,1.0499251697778564
T2D_donor_06_cell_019,demo,T2D_donor_06,T2D,beta,4.68990148534741,6.042955753289963,6.059196083616678,4.012164594101643,0.0,5.323687947222951,4,3.655424077640732,-6.837134064425385,-3.614967287098436
T2D_donor_06_cell_020,demo,T2D_donor_06,T2D,beta,5.473386655528637,5.402251562445155,5.203667848559468,5.004926988408875,0.0,2.896021974410675,11,0.7892849173445056,-3.448917364547072,0.4727430570498067
T2D_donor_06_cell_021,demo,T2D_donor_06,T2D,beta,6.200734099154692,4.414631729739236,3.369420135131977,5.246589230172526,0.0,-0.31852775011807644,21,0.3894586399936939,1.2684237758546055,0.6558952054567028
T2D_donor_06_cell_022,demo,T2D_donor_06,T2D,beta,5.856202182992038,4.439634496322894,4.144529375640689,5.000044952205634,0.0,0.8426445093780338,12,0.9204114614068706,-1.2244661502683247,1.1840326419739586
T2D_donor_06_cell_023,demo,T2D_donor_06,T2D,beta,6.26613523201508,4.23391672804147,3.876480107466148,4.750020904861548,0.0,-0.2200281036708538,20,0.7270433930605673,0.7725204229361061,0.558345161527827
T2D_donor_06_cell_024,demo,T2D_donor_06,T2D,beta,5.84272098385088,4.709292494278434,5.077504016815112,4.977294589150325,0.0,1.6732404000049375,5,1.453157999436482,-1.9245392305982527,2.177491913579501
T2D_donor_06_cell_025,demo,T2D_donor_06,T2D,beta,6.378097071220769,3.995467582392279,2.7983160239154485,4.486489093693669,0.0,-1.305562341268896,0,1.5473641577600326,1.9933789350746265,-0.5120739349541923
T2D_donor_06_cell_026,demo,T2D_donor_06,T2D,beta,6.371025315731662,2.955677745791091,2.0818572769765575,4.7466770651894565,0.0,-2.473628747185229,3,1.32999711657407,2.5956546476023745,1.1921098982375253
T2D_donor_06_cell_027,demo,T2D_donor_06,T2D,beta,5.889186091485698,4.644877743492928,5.083827142859253,4.6622604981580915,0.0,1.5496144380008445,8,1.449367820852899,-1.6878286043603123,0.15731053145155227
T2D_donor_06_cell_028,demo,T2D_donor_06,T2D,beta,5.718912914459075,5.158566861940566,5.415819922945504,4.6766138433215305,0.0,2.4275881565666246,1,0.8449364678750406,-2.8883258736903454,0.8132856098655805
T2D_donor_06_cell_029,demo,T2D_donor_06,T2D,beta,6.078682608303304,4.429664795188582,4.473950178169348,4.823858942031472,0.0,0.652219976039478,20,0.8307070744278073,-0.8441140816177659,0.6270640260690843
T2D_donor_06_cell_030,demo,T2D_donor_06,T2D,beta,5.258736766925862,5.2946025618047035,5.565769358625936,4.723513278640643,0.0,3.4554879105309793,18,2.2834604956821165,-5.159944098153003,0.8338443406725692
T2D_donor_06_cell_031,demo,T2D_donor_06,T2D,beta,5.999395621012521,3.456631169293081,4.32557039106531,4.77085306904178,0.0,0.040401923785765875,17,0.6986999355727441,-0.40754708098215625,1.130887241506374
T2D_donor_06_cell_032,demo,T2D_donor_06,T2D,beta,6.244760510476963,3.498956507192692,2.932761184672599,4.8389258008021505,0.0,-1.3084688398265625,17,0.2240617562923406,1.2792102645949042,0.8069716741375185
T2D_donor_06_cell_033,demo,T2D_donor_06,T2D,beta,6.30921352037333,2.7983160239154485,3.6811970074997555,5.068206190507384,0.0,-1.3975882617747324,20,1.565997518952483,1.744153200230003,1.7289674290871029
T2D_donor_06_cell_034,demo,T2D_donor_06,T2D,beta,5.5884875643558924,5.227504177448885,5.36924626395989,4.647238620521482,0.0,2.679830716148791,13,0.8817116423597069,-3.629868681767765,0.45677987448555135
T2D_donor_06_cell_035,demo,T2D_donor_06,T2D,beta,5.805607492162212,4.864340766137074,5.064530273591261,4.9184857310297945,0.0,1.8365874755487144,12,0.5207870893002928,-2.068458584425748,1.07786643104316
T2D_donor_06_cell_036,demo,T2D_donor_06,T2D,beta,6.317973539233854,3.6125737517759346,2.283010415754289,4.753116215203554,0.0,-1.7994602631606686,3,2.0396003705735604,2.351744932590285,-0.920596910595041
T2D_donor_06_cell_037,demo,T2D_donor_06,T2D,beta,5.815547807765174,4.347743929760238,4.792840362150498,4.902371426120683,0.0,1.2881983060412572,12,2.3338516120070887,-2.2553415789658082,2.522099028793547
T2D_donor_06_cell_038,demo,T2D_donor_06,T2D,beta,6.344036663439939,3.7803715022325064,2.967974650264419,4.987982699948373,0.0,-1.2753355810242561,6,0.6366536487907108,1.8638733370905045,1.136057307567686
T2D_donor_06_cell_039,demo,T2D_donor_06,T2D,beta,6.06913794717563,3.6600993304518115,4.171081183533231,5.065012224230613,0.0,-0.05232966022915028,10,0.509526512633883,0.3627904258628122,0.8676705585366112
T2D_donor_06_cell_040,demo,T2D_donor_06,T2D,beta,6.150224211534283,3.9769868287820636,4.5113156177511256,4.7360298355914,0.0,0.24183453854863096,17,0.8068017564360055,-0.3071597658876802,0.48032949426147864
T2D_donor_06_cell_041,demo,T2D_donor_06,T2D,beta,5.4700497237868255,5.464058183307543,5.188653005231925,4.960900868668948,0.0,2.9337419432978424,8,0.719867342894907,-3.335282493641402,0.04419566674740507
T2D_donor_06_cell_042,demo,T2D_donor_06,T2D,beta,5.840867525749712,4.618017405147138,4.906092428577144,5.255401774355238,0.0,1.500344604174549,8,0.6419394498628437,-1.3195771359703252,1.3158277960120521
T2D_donor_06_cell_043,demo,T2D_donor_06,T2D,beta,6.008021238314276,3.955151096793942,4.689229679309316,5.03092269045032,0.0,0.6044006756210648,10,0.4956193549001906,-0.6612874109313351,1.4311027956263396
T2D_donor_06_cell_044,demo,T2D_donor_06,T2D,beta,6.037035746443726,4.501005999109587,3.4451384034038086,5.076037162690831,0.0,0.08772548931528525,17,0.8121406620950777,-0.39666723563056844,1.9175671220542765
T2D_donor_06_cell_045,demo,T2D_donor_06,T2D,beta,5.897999400901328,5.143930296099979,5.036195720445347,4.585917358343971,0.0,1.8384789789491378,11,0.7073562122266814,-2.0360141525251367,0.59746698735456
T2D_donor_06_cell_046,demo,T2D_donor_06,T2D,beta,5.549427715139837,5.222425651501932,5.306274027188005,4.08353422680871,0.0,2.705217983651866,1,3.3773032166180412,-3.0897236587562427,-1.9520517248436327
T2D_donor_06_cell_047,demo,T2D_donor_06,T2D,beta,5.894720280563471,4.8270891378657215,5.020148469636661,4.931247108873244,0.0,1.6199096889889721,5,0.43831510385196104,-1.8143957739255376,1.3157380326750558
T2D_donor_06_cell_048,demo,T2D_donor_06,T2D,beta,6.414401487049811,1.6141507757706954,3.069002473082505,4.607806286696863,0.0,-2.797211146880449,7,0.8626118418437763,3.2729447878711917,-0.292602761304986
T2D_donor_06_cell_049,demo,T2D_donor_06,T2D,beta,5.813203682412757,5.134646946200073,4.5761984567983705,5.210407725932118,0.0,1.678487662801315,10,0.8037423730616844,-1.3452956154736244,0.83075682858148
T2D_donor_06_cell_050,demo,T2D_donor_06,T2D,beta,5.641531274515399,5.236170820252669,4.9018400096009,4.743111781196679,0.0,2.276644192938125,1,0.7867387390282436,-2.83827721891247,0.2633771749239698
T2D_donor_06_cell_051,demo,T2D_donor_06,T2D,beta,5.943139982582358,5.018901935906663,4.94220155779742,4.913509854446423,0.0,1.6092474152105825,12,0.5610552059877589,-1.5463907074365608,1.3178470941224556
T2D_donor_06_cell_052,demo,T2D_donor_06,T2D,beta,6.288210596385736,4.076465706706665,4.086649172562076,4.199496658459281,0.0,-0.22576019464373298,17,2.094332371340294,0.7668675720791248,-0.5000206116467267
T2D_donor_06_cell_053,demo,T2D_donor_06,T2D,beta,5.770742285696613,4.701662816878764,5.074405432051711,3.846852920148803,0.0,1.7967503826808118,1,3.5030741490292803,-2.540947542399433,-2.028061717950723
T2D_donor_06_cell_054,demo,T2D_donor_06,T2D,beta,5.401431233008623,5.483316331127072,5.375762308927224,4.872060550243179,0.0,3.1965403076683163,11,1.739626147055449,-4.20226956201411,0.9458695898125007
T2D_donor_06_cell_055,demo,T2D_donor_06,T2D,beta,6.290171793036107,3.0536008705411,2.9171889537352946,4.73468293336147,0.0,-1.7018696080321165,6,0.4999596925249321,1.9333997865182015,0.10089737758403626
T2D_donor_06_cell_056,demo,T2D_donor_06,T2D,beta,6.110876048304736,4.275824754918827,3.545163592131039,4.794851311779566,0.0,-0.13141168960934155,21,1.6700300343653192,0.20617811745480194,-0.15082657626822613
T2D_donor_06_cell_057,demo,T2D_donor_06,T2D,beta,5.461048940070734,5.738723005836813,5.591916492686922,4.649797939041612,0.0,3.405202904229122,22,1.3123069728683658,-4.219410372377232,0.2065624780373113
T2D_donor_06_cell_058,demo,T2D_donor_06,T2D,beta,6.219003373417715,1.6747793432986036,4.125895107447709,5.024109569737156,0.0,-1.6943515089796564,6,0.2569567296981541,1.8407025013661382,1.0149299490050927
T2D_donor_06_cell_059,demo,T2D_donor_06,T2D,beta,6.030289934800862,4.679773614913853,4.030731618367822,4.6009551498552925,0.0,0.6123622153830669,21,1.186069058109073,-0.6865378207244036,0.4649690388285932
T2D_donor_06_cell_060,demo,T2D_donor_06,T2D,beta,6.785175769628177,0.3821173515718038,0.0,3.9563110833574906,0.0,-6.355103340082477,23,4.982054704263965,8.433001961271028,-5.2570228288128
T2D_donor_06_cell_061,demo,T2D_donor_06,T2D,beta,6.269945601523693,3.2187646745838543,3.882296991105131,5.0148564116393155,0.0,-0.908033696906887,0,0.6838764112061293,1.5549067196594584,0.2030020715774747
T2D_donor_06_cell_062,demo,T2D_donor_06,T2D,beta,4.919367810011001,5.910217069587774,6.048934779021919,4.331271117737816,0.0,4.81048991876244,4,2.5476528899052537,-6.522088018301269,-2.063795919621866
T2D_donor_06_cell_063,demo,T2D_donor_06,T2D,beta,6.575856920233517,1.388197924174367,0.0,4.580132150898732,0.0,-5.296073164565447,23,1.382988194863584,6.32106453314772,-1.7382123761084975
T2D_donor_06_cell_064,demo,T2D_donor_06,T2D,beta,6.024793351264475,4.6223446040709195,3.591371539483616,4.729663012040638,0.0,0.2896639317618358,20,0.9214897227637806,-0.23059487634247813,0.4128302322749484
T2D_donor_06_cell_065,demo,T2D_donor_06,T2D,beta,5.903239689945643,4.309917628128369,3.675789168491977,4.825306628699217,0.0,0.3560996847832987,10,0.5127226332555104,-0.8086139620228131,0.9655115824923143
T2D_donor_06_cell_066,demo,T2D_donor_06,T2D,beta,5.793077262647101,4.712447175944662,4.916390235804947,5.149356244380869,0.0,1.6577494616605057,5,1.856498818100877,-2.2410094369028535,2.218337178781559
T2D_donor_06_cell_067,demo,T2D_donor_06,T2D,beta,5.775582009530225,4.696318873831794,4.950401071690754,5.0789022245304425,0.0,1.7013957285045922,5,1.1755667879699168,-2.2035038850656763,1.7669194236037802
T2D_donor_06_cell_068,demo,T2D_donor_06,T2D,beta,4.396017382266353,5.904233205123521,6.0310402017144025,4.636975262926463,0.0,5.745014352814083,4,3.171928775396382,-8.24849450752402,-1.952151231308004
T2D_donor_06_cell_069,demo,T2D_donor_06,T2D,beta,6.332005711129971,1.8548546108377095,2.3033701290567237,5.186265711137103,0.0,-2.9973511327013336,19,2.069741515584913,3.1391928258248627,1.2592433279575432
T2D_donor_06_cell_070,demo,T2D_donor_06,T2D,beta,5.067925751055229,5.631354182596755,5.810750271131749,4.348750650356547,0.0,4.193163597299521,22,2.276242366647888,-5.971964204937666,-1.435574914750003
T2D_donor_06_cell_071,demo,T2D_donor_06,T2D,beta,5.704113119222796,5.169260912783537,5.74116588144249,4.764190291524655,0.0,2.679339904593626,8,1.600462730821758,-3.231222555304093,1.3251018527700922
T2D_donor_06_cell_072,demo,T2D_donor_06,T2D,beta,6.140610781569262,4.242390232962834,4.421042455270278,4.923342341171087,0.0,0.3779839665659227,17,0.7163109181369469,-0.2282286008138653,0.6789548730512558
T2D_donor_06_cell_073,demo,T2D_donor_06,T2D,beta,6.040671454186196,3.8969587555857688,3.949396176137868,4.898311025784616,0.0,0.010887181989643654,17,0.7567795364844354,0.20316481455374719,1.4849635743318983
T2D_donor_06_cell_074,demo,T2D_donor_06,T2D,beta,6.583655680019281,1.1338882013387148,0.5669441006693574,4.619498432617296,0.0,-5.10254925909243,23,1.3087957646169937,6.3700604352242305,-2.053279942772691
T2D_donor_06_cell_075,demo,T2D_donor_06,T2D,beta,6.130130987767682,4.012931145234681,3.7633781969814413,4.5914007093852875,0.0,-0.19778640482090182,10,1.6889815226348555,0.5154418397809672,-0.06843583121411344
T2D_donor_06_cell_076,demo,T2D_donor_06,T2D,beta,5.719921396322453,5.352155534695191,5.096500507021081,4.474062974911026,0.0,2.3427568845063163,11,0.7826705585440443,-2.9143876810901417,0.3526627951319539
T2D_donor_06_cell_077,demo,T2D_donor_06,T2D,beta,4.667508460174785,5.911259511359762,6.066379645520006,4.614389234723665,0.0,5.2803026110738625,4,3.3116641593004355,-7.763753863186277,-1.3546746944552415
T2D_donor_06_cell_078,demo,T2D_donor_06,T2D,beta,6.255621701416944,3.5009889544351025,3.339951653736736,4.690214209597685,0.0,-1.0544143911752029,17,0.48290612853452686,1.1744018884697616,1.0502508241751927
T2D_donor_06_cell_079,demo,T2D_donor_06,T2D,beta,5.521343553508489,4.792223876388605,4.865062857056797,4.687452932798265,0.0,2.1707765394535388,18,1.5319429167579566,-3.612657236904557,1.0150477015391781
T2D_donor_06_cell_080,demo,T2D_donor_06,T2D,beta,6.349620114910465,3.1997034788235688,2.504892797858557,5.099294295688778,0.0,-1.987084657285934,6,1.221836293041818,2.2824043642477316,1.454899671467541
T2D_donor_06_cell_081,demo,T2D_donor_06,T2D,beta,5.0640130872408715,5.9632578118014425,5.215973988579502,4.5463134558237455,0.0,4.026318597317117,9,2.4031428930761303,-5.730051048610115,-1.454263686124694
T2D_donor_06_cell_082,demo,T2D_donor_06,T2D,beta,5.87442548022406,4.597817037243886,4.934299634708481,4.92825576226902,0.0,1.4446353955551743,5,1.1004972520048923,-1.462101790997992,0.4233955280973354
T2D_donor_06_cell_083,demo,T2D_donor_06,T2D,beta,6.321408844626248,3.5901921563325545,3.006008741013614,5.040058845340043,0.0,-1.3371171562069861,2,0.37228487428141754,2.1975801730866618,0.3395109896257939
T2D_donor_06_cell_084,demo,T2D_donor_06,T2D,beta,6.326630237583184,3.5544373044945843,3.088809918679928,4.770710557923,0.0,-1.3153323430469444,6,0.2691879518813449,1.6868954834361791,0.49910226431812726
T2D_donor_06_cell_085,demo,T2D_donor_06,T2D,beta,6.123874732198737,4.131976504969424,4.2386533653123095,5.082627619503856,0.0,0.21186085386167733,10,0.766646451590808,0.17329942290443417,1.4363228977252718
T2D_donor_06_cell_086,demo,T2D_donor_06,T2D,beta,5.3699004757243065,5.4072463035827605,5.277485874898382,4.595511506411719,0.0,3.136732743962883,13,1.7895058427970687,-4.681242169620575,0.732514124502307
T2D_donor_06_cell_087,demo,T2D_donor_06,T2D,beta,6.338394726352957,3.7233784703697475,3.802854826728171,4.991201594181207,0.0,-0.745011373096975,2,0.7830436284776177,1.8593471018550671,-0.09807645399351456
T2D_donor_06_cell_088,demo,T2D_donor_06,T2D,beta,5.3509478746931745,5.6330981765781525,5.76562602223113,4.425195591904009,0.0,3.6501143195758057,18,1.5657020502921117,-4.772127569962971,-0.5850208825042394
T2D_donor_06_cell_089,demo,T2D_donor_06,T2D,beta,4.537228676360115,5.828879099848442,5.876510454399086,4.738805425457168,0.0,5.334314314431205,9,3.484559834224986,-7.837139707833626,-0.8131569503457432
T2D_donor_06_cell_090,demo,T2D_donor_06,T2D,beta,6.1195701983121555,4.084706490250701,4.182920436854744,5.0455668402355816,0.0,0.15049815972617683,20,0.6079665429325392,-0.011791972282556547,0.9873550147246504
T2D_donor_06_cell_091,demo,T2D_donor_06,T2D,beta,6.42468087638146,2.120482747752664,2.256764243250942,4.778367733212385,0.0,-3.0176180664492627,0,0.4660339773582747,3.6878352631330142,0.003831448718555409
T2D_donor_06_cell_092,demo,T2D_donor_06,T2D,beta,5.746937789168006,5.022344729750264,4.783774530292552,5.026077416525747,0.0,1.8619346595306496,5,0.9148528005603618,-1.7862868353122645,0.3787693526774155
T2D_donor_06_cell_093,demo,T2D_donor_06,T2D,beta,5.3845559966105325,5.405126908215048,5.479716691004998,3.806653731827675,0.0,3.243976667246416,9,1.9452238295697208,-4.511118557272592,-1.57403514090155
T2D_donor_06_cell_094,demo,T2D_donor_06,T2D,beta,5.263435647357975,5.690431166712503,5.55960562257785,4.918530817052129,0.0,3.7099164442297816,1,1.6708297048420597,-5.018838963523022,0.46431450261784835
T2D_donor_06_cell_095,demo,T2D_donor_06,T2D,beta,5.593627175787951,5.526056673815524,4.863725608287033,4.7903834859710255,0.0,2.533752631892498,8,0.9916361472076112,-2.9939022328901608,0.10920602379572207
T2D_donor_06_cell_096,demo,T2D_donor_06,T2D,beta,5.439458670142774,5.235355568731148,4.779027286441097,5.266285817806803,0.0,2.5609463267823482,11,1.6044119909969412,-3.4973005860418307,1.0962391201273498
T2D_donor_06_cell_097,demo,T2D_donor_06,T2D,beta,5.266224890394175,5.717725023084028,5.788807206208064,4.838198700529135,0.0,3.8766025167826608,9,1.6430407849926754,-4.437425075621642,-1.2644874240581991
T2D_donor_06_cell_098,demo,T2D_donor_06,T2D,beta,5.881628706811652,4.66331522760972,4.75405524025542,5.0650458044600475,0.0,1.3551644760483141,12,1.4677669431705436,-1.8043059522369778,2.217879963071286
T2D_donor_06_cell_099,demo,T2D_donor_06,T2D,beta,5.698298278284424,5.426249069999535,5.327163847044764,4.566618987919119,0.0,2.5863379460773164,11,0.7683369957935504,-3.0746044086122613,0.22040555392148894
T2D_donor_06_cell_100,demo,T2D_donor_06,T2D,beta,6.226330482167299,3.784445367464523,3.1813724714121068,5.003392639626933,0.0,-0.9160405256275517,10,0.26065401054713,0.9551712115354025,1.1579011452102603
T2D_donor_06_cell_101,demo,T2D_donor_06,T2D,beta,6.248488093889699,3.3789161360529265,3.4357886864293596,4.926878279738723,0.0,-1.059712160487257,6,0.5039960813891886,1.6509651277132995,0.20332002845386438
T2D_donor_06_cell_102,demo,T2D_donor_06,T2D,beta,6.217343869344485,4.375269522715635,3.235033196370926,4.878460323601018,0.0,-0.4651595504103979,0,1.6586124852914672,1.13784238439366,-0.2497013102420361
T2D_donor_06_cell_103,demo,T2D_donor_06,T2D,beta,6.435276979925872,3.352291639550008,2.721402103043335,4.775844667271444,0.0,-1.8948550820649648,6,0.3488615097928447,2.5872439800951508,0.5525703155891173
T2D_donor_06_cell_104,demo,T2D_donor_06,T2D,beta,6.248079063519414,4.407175201758587,2.936409617348065,4.807261807651611,0.0,-0.6992324140693524,3,0.28898055618717944,1.2195927021220276,0.6175302038909358
T2D_donor_06_cell_105,demo,T2D_donor_06,T2D,beta,6.410343927692351,3.7356233493066746,3.9518540393174604,4.659231367594624,0.0,-0.7677464194765178,0,2.6147027851895546,2.0399659822410783,-1.1296030407861541
T2D_donor_06_cell_106,demo,T2D_donor_06,T2D,beta,6.38700535331557,2.155618166408351,3.1349536566862244,4.723045755681214,0.0,-2.337975252217734,19,0.7917874625295731,2.874272888510836,-0.08767993309531907
T2D_donor_06_cell_107,demo,T2D_donor_06,T2D,beta,6.043431793103796,3.5902940875864062,4.194418568089674,5.143089788173645,0.0,-0.03712954644786459,10,1.1090734806392932,0.29821772097897803,1.839388375761714
T2D_donor_06_cell_108,demo,T2D_donor_06,T2D,beta,6.180422255468298,3.128372725836795,3.3091356931645164,5.0919939934963825,0.0,-1.1898732388767363,21,0.7052470388736607,1.2215273438663818,1.2743347094871595
T2D_donor_06_cell_109,demo,T2D_donor_06,T2D,beta,5.612361703365403,5.400425376636699,5.095910049812754,4.909433803456526,0.0,2.570287012102872,11,0.6824883181835828,-3.412640346726461,0.3719514276435296
T2D_donor_06_cell_110,demo,T2D_donor_06,T2D,beta,5.601159659363743,5.1618217326768105,5.196253493115718,4.543666121811789,0.0,2.4967638276796547,11,1.3474866199061797,-3.3019987699743067,-0.45112576694052814
T2D_donor_06_cell_111,demo,T2D_donor_06,T2D,beta,6.210127688692761,4.106150956787136,3.3809387753150935,4.796124186404565,0.0,-0.5360310872041656,10,0.4104064108455052,0.8483202948543496,0.9291247837819636
T2D_donor_06_cell_112,demo,T2D_donor_06,T2D,beta,6.045911756468709,4.37654155953721,4.56722236201532,5.017314593756313,0.0,0.7382938002195129,10,0.7127241097659365,-0.45491902055847366,1.608008484791996
T2D_donor_06_cell_113,demo,T2D_donor_06,T2D,beta,6.236656174259496,3.882123978874528,3.589585592140298,4.949132321253046,0.0,-0.5957918272031479,21,0.7075929005814059,1.0750521647634645,0.4155449483619617
T2D_donor_06_cell_114,demo,T2D_donor_06,T2D,beta,6.14170940611543,4.144529375640689,2.7345301606446006,4.762126071194541,0.0,-0.8183168049442633,21,0.42359411032378613,0.6557212739089011,0.6955398439467256
T2D_donor_06_cell_115,demo,T2D_donor_06,T2D,beta,6.243191725666825,3.185756737813834,3.9512537304996322,5.2691496660826695,0.0,-0.8355823213023263,21,0.40170062900809533,1.4006802102877927,0.6017965154740567
T2D_donor_06_cell_116,demo,T2D_donor_06,T2D,beta,6.401070994956065,1.631144945813396,2.5880588161594758,5.011456621419605,0.0,-3.0832832184521592,16,0.47500608935971567,4.000590320509502,-0.2174193729873485
T2D_donor_06_cell_117,demo,T2D_donor_06,T2D,beta,6.241076884415746,3.9424767349997802,3.916701271712666,4.92528942509649,0.0,-0.3442579776891339,10,0.47750020912821434,0.680191960720609,0.7625265180641845
T2D_donor_06_cell_118,demo,T2D_donor_06,T2D,beta,6.52392633319227,3.470891007637635,2.929379110380215,4.279981467108407,0.0,-1.836702721750687,16,3.0572020862706557,3.0370276352055754,-1.8242264492126457
T2D_donor_06_cell_119,demo,T2D_donor_06,T2D,beta,5.758998104688257,4.431750437298711,5.112262607497142,5.1537127490841375,0.0,1.6612830067172206,8,0.5265524992734072,-2.087367204003436,1.0340685473513105
