latent_1,latent_2,latent_3,latent_4,latent_5,latent_6,latent_7,latent_8,latent_9,latent_10
1.9954246602527528,-0.23150490289477546,-1.0727420741141465,-0.30098260256891207,-0.3607597845650874,1.2454406875403345,-0.05427597355996632,-0.3911144341002675,-1.3431008091620997,1.1352921532213907
3.5579584986401334,0.4645765113664143,-2.596136869557383,1.1558283831286582,-0.03125487166472932,0.6268671158157523,-1.2878704442741415,-1.0370090911264969,-1.4689385235827126,0.7190580081582267
0.42739218043114136,-0.35738360123367013,-1.4392887815863713,-0.7963382441359454,-0.48795408969389154,0.9903202399486192,-0.29110073786696966,0.09817220794291195,0.7242429549278008,0.15954496754000302
1.147224858026624,0.41923570703680424,-1.2001983012045587,1.334931246409725,-1.9112395293854174,0.5189234398372193,0.9201544802664111,-0.9015769962847253,0.05085153382663201,-1.3843625253590772
1.9483764353924287,0.2092658248198124,-1.9326739076272976,-1.0362818172028085,-1.685639297492886,-1.085302341761747,-2.403716850547881,-0.7988767476097105,0.14418354536258285,-0.47694666429267896
2.283275855232097,0.4756582029473867,-1.4171660876291208,0.19528141581914038,0.38866748190818035,-0.4562369301959918,-0.3939615427139172,2.4373254332290495,-0.28501329855067686,-0.3408097565972011
1.2815896412116494,1.613399807810217,-0.21179470135830095,-0.7263255969389251,0.1371403215504676,-0.32910062772642473,2.20561791527188,3.2240057070534185,1.263683070253823,0.5025186521848901
-1.3024673701045666,0.9351010342840069,0.01376230867087752,0.5584145619744206,-0.31351646951847245,1.745388070179129,0.915475820424223,0.8566174216803842,3.1049774324776274,-1.101811957405696
5.745884941162397,-1.269201188431819,-0.4013964523418604,-0.10708295522916682,-0.35462674257754523,-0.5404452665886176,-0.665856828938613,-1.7180092900311073,0.5762978156617782,1.0763613988370666
7.167123388110595,-2.8107353307185274,-0.2681139159415971,0.30130822236065646,0.5725057419343714,0.25245561852561066,1.2536871810076942,0.3727876615027229,-0.060323506287848855,-0.09171616264623131
6.09778727568746,-2.83867064989184,-0.40822309831199527,-1.6830054714103564,-0.32881637061939845,-0.7177457952439502,1.1713454210520404,-0.15692710843787,0.3636578322486063,-0.5972268807529818
4.8617422993979025,-1.896977862128363,0.09812014830592906,-1.022790566278759,-1.888643597699446,0.7565886185016449,0.1765767725612784,-1.2616429872399912,1.6812762974954476,2.059636327737585
3.273028589652791,0.46913502505704574,0.07934650353540572,0.23127909237597552,-0.39749473890175485,-0.9814216503861691,0.9763442309122368,2.2545131203896873,0.6322696536765684,0.25775836343593406
5.325506330460225,-2.573007059282776,0.030523703429092587,-1.6038617783173954,-0.815621706536567,1.0711612019302297,0.2799440691945042,-0.2753294425385963,2.0749420941299217,1.3617769590949729
3.0363259502111877,0.7854158649063803,2.800613849877934,0.1422317269979564,-3.1612028321371577,1.0924887179355847,-0.10655312102885527,0.5535255734511498,-0.4014378048493615,1.7271082006521397
2.0855259136306104,0.6362896195365128,-1.6191273549766156,0.5698653977735846,-0.07802299964211361,-0.7880732679649887,1.7601615083926834,-0.6960363772136057,-0.6561708538815364,1.0636258352352563
4.461762501862002,-0.17621314844254166,0.7811477105479113,-0.4472252828882754,0.6280516659462316,0.5004919867371473,-0.3242046796107055,0.024000948926371876,0.8919268686134745,-1.6444008541071147
-0.40427682402359233,0.9275909654667842,-0.9140286649809097,1.4634327160582208,0.8659640799468784,-1.1671261794260146,-0.10984063260086165,-0.31296288126404476,-1.8830419602743855,0.055241394701917385
4.783544541708782,-0.34959527520713163,0.5849870098457484,-0.824904695823535,-1.0889454687160287,-0.5845484874243414,0.6590533538889759,1.3898398552008333,0.0047512919484458465,-0.22784061991560994
1.8785136356748156,0.31404737516812975,-0.03693135625704042,-1.5419214490289186,-0.7260270054584084,-0.43668001752534613,1.1361492349237265,-0.6092804019558271,-0.15601436309569808,-0.2563883979791567
1.748333020472035,0.1129684282625534,-1.5354757807821802,-1.596329732670552,2.1292022684456238,-0.3121059678884986,1.0443304186818692,0.19637084898598678,0.06189153048041417,0.728446545522949
3.0588350481131776,-0.23491927406611293,1.2554074490310743,1.1933661779772098,-0.04745309339800511,0.37210301043453486,2.9017033869007904,0.15115001461956362,-0.7335330189705945,-0.34088966961083
0.23193523524080464,0.8644096382772349,0.7276942621304989,0.032921791413268765,1.8353540449934471,0.5960631285421547,0.00548708938245193,0.868261216317643,-1.0204183812071834,2.19135678992622
0.03352232819574496,0.6786625069960729,2.684942015432491,1.2361879522937371,0.5853450522285099,1.7479131640398415,0.36094493742593226,1.8115188976543666,0.06755707842386698,-0.7347616213971159
-2.73302126693379,0.8993697686420365,0.9245651334725701,1.3473394570286863,1.2231354158623204,-0.5824555793254019,0.6598703334146164,0.8964307828865555,0.357300572063899,-1.6487539557966815
0.2641247484106315,0.12044930990212359,0.5830923014513727,0.29008950691983926,0.46645127478849413,-1.0526489438805373,-0.8475964604790651,0.26435616672901535,1.2085566501968015,0.03021527493130088
4.128987550543208,-1.1005960407853759,-0.45630552016051246,-0.3996597556285463,-1.5258257781043367,-0.615677857938931,0.4535889802792848,1.1702165949928895,-0.6537507334516511,0.3164036709480427
-1.282240851013206,1.3290216185217307,0.6985473308334129,-1.120972256664545,1.890831254640531,0.6381773364792299,1.6649535165243057,1.0248780068769023,-0.21883976562867616,2.373673801000435
0.5259176752931376,1.1355396331917005,0.28776920304143994,-0.22187968704610517,1.2776743515334594,-0.05626200192577895,0.37943552242862105,0.8962680297905431,-0.664552637536227,-1.7163310130716796
4.655607049679275,-1.3594127967201939,-1.285757409907535,0.07731866414679654,1.158366451513925,1.2844845083854926,1.4468990283721341,2.834706474606002,-1.7238870447141068,-1.0945148140245968
3.900955716721481,-0.9383136869400333,0.3114993430178005,1.4829572531028958,-0.0197322971417766,1.074279259708437,2.205716391782198,-0.5861715688430429,-0.6744118270857281,-0.32746588862027043
-0.44139271799230134,2.061967000628513,-0.28554057696231533,-0.22892678362267999,-1.32426773214689,2.076420368297682,-1.862182770695993,-0.5855518098530054,0.8978848115491879,-0.4106102045982502
1.7666959981750974,0.4730336988620197,-0.5699370979611803,0.006397232988705968,0.19390579781555975,0.22984056110554524,1.040998780348265,0.40647363974822964,-2.019841565286109,0.7124484088645006
2.2881303697466038,0.41924814396018983,-1.2524128579343823,-1.4898882948022387,-0.3818128382989404,0.3533109963249613,-1.034169031190257,-1.2952840817939608,2.3645043111904784,0.5790630426074979
4.402435347223487,-0.398875345974578,-0.9360051204182996,2.363800057066784,0.4571810490013619,0.22404160768430695,-1.0122960161337575,1.6667332663839223,0.7407940985891689,-1.0864505903700579
1.918379865191053,1.0743121246598752,1.3797126192292173,0.4821448173880953,-0.5578923016038736,-1.9749070650789322,-0.874672502033104,-2.2616296886386125,-1.4457014952804164,2.250930054428173
4.910995282344897,-0.6363924414967321,1.5037646956268418,0.6909803957596535,0.10666542796123661,-0.12000580104638763,0.7383007640875295,0.9632276328882305,-0.5595933890756835,0.9769611518849901
0.6629762687522865,0.970460719262244,2.6016925582329007,-1.542910951475127,1.6477872831917357,-1.490486090535565,-0.3174887785679839,-1.8997263994846203,1.338571796711437,-0.08669166578407903
-1.81346350287308,2.1003898360839166,0.11608571357637448,1.5196808287685377,1.1835814272766214,-1.1217420864310383,-0.2511073804562722,-0.9700609165780656,-0.3963625026209603,-0.30533489004005393
5.77889917094379,-2.0319390259782453,-0.20625041878123349,0.898464974186298,-0.32538643403739836,1.9421320153932884,0.029498467869720064,0.5499283004131967,-1.2175296743504822,-0.14142905161367283
0.4522487593138017,0.8788467761266979,-0.00831751153633664,0.26436071607372075,2.5041671713896934,1.1921659219398728,-1.8927025277287788,-0.23731933240805705,-3.122297162297944,-0.5989022820863109
7.0224280216970865,-2.489329690502032,0.9979983989630009,0.8451186230188089,-1.0099491196915773,-0.19422477228396184,-0.027504309376248585,-1.7667395889853832,0.0346971433126381,-0.9351694939572799
2.4946323523033365,0.4201361452132718,-1.7512307892187133,-0.1934410331346196,0.4157578001802792,-1.1656604917855486,-1.9635226126930276,-0.8809789487449174,1.7667156750757789,1.2505860494094718
3.4024876202920677,-1.213592668241799,0.461803523433145,1.3082852965409162,-0.0693151583064241,0.3716545597603033,-1.4021708331705829,0.1371876165651688,0.5952440940479997,0.4511211314301707
0.6737885522671725,1.0022433299718332,0.5719116036202531,-1.154656307930309,-0.3649136395590714,1.4508407921707307,0.006251106794229347,0.18977747775093554,0.19036956811362554,0.7652610360771591
4.498239357044708,-0.5918773670560734,1.2815978445563214,2.3135343540782665,-0.8595730782998005,0.23170460443456709,0.42115151923891025,-0.6056252377175719,0.14901056071211147,0.40470298640675295
1.3893266775434132,1.7387263520888645,-0.34126551043584186,-1.164804852163034,0.7512142944907702,1.12089963827597,-0.10754359906462549,1.1737586201009789,-1.3538718431620689,0.07726938754418816
-1.645480567938714,0.311433092885158,-1.3045252056432093,0.2765952747371432,-1.9476350890401273,-0.8683102872818292,-1.2205460056296218,0.8560876185391377,1.2473709534240798,-0.4765585903992793
0.42701275192079585,1.3759996365871177,-1.1625223057820253,0.32370297625937344,-0.9141962373106376,-0.13092649804702858,0.6806699904744343,-0.38107119000107775,1.5362956969820885,-0.9410826166506555
6.041473374444041,-1.8298044698480453,-0.5050795087590404,-2.935839794772988,0.5120089715348292,-0.011593125856501948,1.7682123971074857,0.12671287380740354,-0.2704289988771399,0.2440015594108754
5.416116492939394,-1.034621500429089,-0.10622904280671933,0.441080437416937,1.0884219416887273,0.36151724904771676,-0.3636736632052442,1.5767784377242755,2.362326575227285,2.4614097667283756
1.1813775216327,1.4112553396109935,-0.8612060847923717,-1.2451584728271572,-1.3254495020290633,1.621118368120195,0.7303896218513515,1.779722872759581,-0.787740014332897,-1.0694166428268446
-3.6950433691423132,-1.791085645783426,-2.403662288062477,0.32054281212066005,-1.8215095335893343,0.8218275739194065,-4.517070157923223,2.8997328576629307,-0.8599337762774812,0.1381543151819045
1.6383133475932887,1.0642650421327435,0.17887710662991893,1.415697233573969,-1.8226768951148908,0.8025363833604677,1.5272039571973555,0.2574563446753416,0.21539337922133803,-0.31243289983333117
6.4758709836580355,-0.8732730065973836,-0.802555081959796,-0.10674374485824635,0.7200734178401564,-0.6705880361886989,-0.923213209761271,0.5625220247124927,0.2921434682688233,0.26698143279657066
2.5579375497346275,0.004622711175066969,0.5982851707336704,1.7662741222793292,-1.137166360820593,-0.9947323689421042,-0.5615962447315589,-1.118381411342488,-1.1756698480388965,-0.7671691547083378
-1.6273286925846666,1.7211381245126371,1.2723060343298083,0.5046715313654921,-0.35662794336730597,-0.26761453432403626,-0.3903638372434491,-0.49963045390553495,1.003992916826517,-0.185650983757468
0.9861198114098946,0.6034902249627878,-0.25271328759611467,-0.5251859354546186,1.2477936648000445,-2.5746865513143575,-0.1582660608583236,-0.04883199561568094,0.7589009148664796,0.044074583565409935
5.8866208083753815,-0.9267293331145456,1.8678953742602833,0.7184994084104075,-0.36146327254120786,1.1127282569070862,0.5978580118547832,-0.2704890931783513,-1.1061249763710537,-1.8569159972371445
2.6293874885986583,-0.07350012809031801,0.5993298320868108,0.7289399841104865,0.9440668182290376,1.6026862372213506,0.562034478755201,-0.3180063370259372,-1.724791214590222,-0.1054615056304246
0.24301692111460177,-0.5488449854590691,0.8083008638014594,1.8002217921999657,-1.7727546241692034,0.7987332372675641,-0.47525861291149185,-0.07373322310896227,1.9465675253656904,0.28950025041582994
4.170920684438904,-1.641481607213332,0.3371966118282928,-0.9705541704719546,0.0780227803687731,1.168598656665346,-2.5163878426673185,0.11374941338070724,-0.28044826971044956,1.9251148342716446
6.078814874006961,-2.254982751088186,1.250623937391854,0.7196296100335937,-1.3526227841609482,0.3156028109886134,-0.21793403405020156,-0.05119532680242546,-0.5728491985931794,-0.050047660524804916
2.2785562705286337,1.1247597903952395,-0.4763325227081589,-0.8734474100852186,2.35438752729823,0.5369068568877743,-0.6744145552970597,0.52633792708749,-1.0614037109534238,1.6637557225502984
-0.49981254017722593,1.61085747095994,0.3162283878187469,0.9489283310446534,-1.4845635379584994,1.0743803643949665,1.0400048689674075,-0.3039483144266486,-0.47434101727455313,-0.5514270623513714
4.064737585354483,-0.47987761597032313,0.45670044911924795,-0.5173941225403362,1.7746045675389024,-1.2038193361491567,-0.46689502687441287,-1.05159076269767,-1.0806250049303183,-0.1898274762448525
5.127043882091855,-0.4593183530150894,0.890811317702353,-0.28168131010881053,0.6248895594744623,0.9913629441389339,-0.5190812113995673,0.3898116272767069,1.2552776151269054,-0.5169281068997631
-0.4174509615985974,1.8414353047525067,-0.000755910629628219,-1.5772475696754176,0.9431645425555616,-0.8370037726993881,1.6043892491615905,1.2443426380487699,-0.31705344600167734,1.590053987620869
3.582428587573452,-0.18293336598998622,-0.7898036436651985,2.6318378440484804,1.085157601424786,0.1608063664634886,-0.503995636035891,1.7369853889152416,1.2021507381805752,1.1065292766375827
3.3559763653176553,0.2394461376466615,1.028962407971415,0.08437244743971682,-0.2108773480752257,-0.6220440178473058,-1.1278987764973005,-0.5371039076785473,1.5928526994488128,1.7797131700528916
3.192822600212782,0.8784526228985865,1.127069263561239,-0.663801364596767,-1.4530169876759123,-1.2810134967142561,0.4715944992761647,-0.02943262240308202,-0.44402261472040294,0.6713553632523673
3.6128143854717645,0.40775010396476985,1.9587950567149632,0.8370711706585361,-1.8047753221489509,1.6074852818023364,-0.5104465620827079,-0.4011884438637336,-1.7788362867376786,1.2316784514966799
4.678219584416001,0.15003284819431795,1.0865193803348454,0.8640473150014801,0.7719282574348011,-0.0025015915231095635,-0.6852652389093117,-0.5148981105450211,-2.248867272209991,-1.483443806320211
5.5602412398074925,-1.204228753522614,0.8940985411560887,-1.4703095060135252,1.277039434913707,-0.7756698738331738,-0.6057000754662163,0.2654476177885255,0.5374108191677004,1.6617249784578303
1.4361574467964946,1.5672228598878521,1.0461486065178567,0.9072138200295005,-0.5080008465257402,0.6855607684858738,-1.3913622317121206,0.17839466090767775,-0.3199592363037275,0.507222177530012
1.3900283380805223,0.44766797969238814,1.2159557364837679,0.5568373189822976,1.8243529984384361,-0.41182139587894656,-0.44248627148019176,-0.9543383287090387,-1.3048805929036587,-1.1069267696771021
1.0348514761681626,0.8008221455411266,0.5160048011383982,-0.7470918546235193,-0.2121334079130377,-1.7175588933267194,-0.2833167130896132,1.349732044602481,-0.407864153679918,-0.17284282488701005
1.863514970820383,1.0709760189502782,-1.0392329264919817,1.1462424903135386,0.36107411813349505,1.7359921292213616,-1.1521847168768136,-0.14104099419066865,0.24215816332841456,0.6041667127871243
-5.9525032781593366,-5.269272128560106,1.9934956307332854,-0.26712063136427533,3.1433801833131247,-1.036774299948313,-3.484483826680813,1.0225722270523518,0.5322865728943699,-2.287282771981197
2.942365255786981,-0.5722580809044439,-2.4485423734990595,0.15345592568643052,-0.007552051407945256,1.2509244855659138,-0.8870644129564333,-1.4620249321094263,-0.5540459024894716,0.7088251033919742
3.8340549424506776,-0.14553807194110407,1.104725074560827,-0.7320346396211961,0.8902486153556116,-0.014082835670289843,0.0049005146191336375,1.097865557686358,-0.9961609820847588,-0.9313426603107369
1.1635970072040662,2.276622747943339,0.006413079926537107,-0.5252447071847307,-0.4830161232738674,0.5053767280841827,-1.0359297527369224,0.3714275051363865,0.2806740362218506,0.0012941223996133589
5.745652998751684,-2.2746652124836912,0.884585563520821,1.3098471859473126,1.333750365570135,1.6653136729016047,0.6254970210680012,-0.04638155380995361,-1.7394816447359633,1.4457954115918539
5.0004208241376125,-0.6354343975120174,-0.24897150279618502,0.2114459136137803,0.5273145518359109,-1.365958265753275,-0.9931815825277331,-0.9382565234802756,2.0557100239170363,0.38808487635590744
-0.005011125423669549,0.5338095244015245,0.2423174122608173,-0.49145452878299417,0.339584340164147,-0.8478517114710681,-2.534454719504081,-1.5276664559593214,-0.034086061085935544,0.5770945233806382
-2.753714270981559,-0.9245118664195928,-0.9375606213693595,3.3641347174857104,2.289556541821298,-0.5614422502038932,-1.4940693344189826,1.312388058036775,1.392766465585305,0.40897934522967
6.7795012377572155,-1.6723555325089392,0.01829445874695502,1.2239419418276403,-0.48891294547030784,1.868364241716172,-0.07237855106775781,0.18343415958381015,0.24623116821942803,1.4534173316530978
5.545052904109429,-0.14041268412929964,1.0941327595882555,0.5216645590975348,0.8674960258043083,0.8419476451253101,-0.012510862867458762,1.4065685084572341,0.5796685953823099,1.1474987688985476
6.477491580746781,-2.409027495483632,0.3021322189466855,-0.5699847177802918,-0.25527719190645437,-0.45919425313644574,0.21971298046060506,0.6519510479612919,0.4500378254410394,0.24424560327599298
1.3803716128781873,0.6088065078695664,0.5163591492185863,-0.18450251072817345,0.02777356538130997,-0.9674128473979894,0.16031823542549015,0.0787315428996387,-0.6570654776522566,-1.7095455517916707
-1.4848444089303927,-0.45359034754436545,-0.053631500694541034,0.2703625953760852,-1.0115476866739617,0.10494663564046021,0.16906616246613537,0.37291935770802703,-0.2597442666820453,1.762280629936804
1.491876013944077,0.7458820854491586,0.014117161812928873,-0.7057635848584999,-0.4145149242368297,-1.6455507527263242,0.39495131896222624,-0.17407653764076397,0.6339484445436845,-1.3483673697266718
1.7877951516463497,0.6972124628553942,0.29515165339832344,0.3667009265991336,0.659260350477375,-2.4947821449947223,0.19844263598669856,-0.01012789738888275,0.9235299887576485,-1.0511224161216868
6.769294775471592,-2.4934542132085666,-0.5024184815087829,-0.15767181341621567,0.13842572191794986,-0.5977499012473652,0.27729212706737827,2.01103010959834,-0.4325487937756387,-0.3225858878241271
2.1188651397707976,-0.5742267280582799,-0.05534259187273578,1.6689048417026926,0.14294888729755043,0.15091097390546615,-0.8360283686960486,0.9481527638717268,-0.8877926829607448,-1.3066037017363283
2.128956041219236,0.5272490387750477,0.2398884556822312,-1.4430266511702223,0.055333776514279814,1.6193817063614975,0.15189605027294847,-2.7036088291017366,-0.13381503959849478,-0.2577771311385075
0.3563343554730174,1.144726327961304,-0.38000635062862287,-0.24420182103259305,-2.5665783973208547,-0.44750315861884593,0.04368725679904409,1.2993885896172175,-1.7744855756577276,-0.8024335450046891
1.6420084177764245,-0.4166901894592871,-1.6809572077652133,-1.8787031174506847,-1.691449136970615,-0.3419232156623257,0.424300762833551,0.424956622522825,0.5664206814997603,-2.979673415404976
0.08263591413407156,1.59403178290581,1.4716106991495876,-0.6949204473289103,0.1183947623331818,0.20639571896883496,0.5302489937313066,-0.050525260827883285,-0.0045555437389474,0.5061673098226391
-1.8560340858105178,1.1028584767530458,0.20731111819760173,1.8408710092354401,-0.13919266614433254,-1.3353700294266053,-1.1999197701393465,-1.0200675126086374,0.9450121649638878,0.8315821683801106
1.5197145750881365,0.2013208555548733,0.4731857276236282,-0.13027913572397157,1.122139780116611,0.268776998871829,0.3054119517845088,0.8034364715824829,-0.2758578935285173,1.4584817959857508
5.149973149142512,-1.3577236069477674,-0.32158269692270974,-2.8355246998261334,-1.1479246821278768,1.394513522830753,-0.3290484809721559,-0.07531606707667798,-0.2600037868892793,-0.16745693236332218
0.10359317599358746,1.5010824654955865,2.3107090801531447,-1.0917033905265727,1.794893474181489,0.5142820538388897,0.658119600714425,-0.963250832413445,0.5524674114961,-1.6655078242214256
1.4630010602000578,0.2078683319360223,0.09558995878232188,-1.3669244634110604,-0.18594283946648654,0.25372133882893516,0.38598246358453664,-0.42952120701198293,-0.6768530636609019,-1.1686000482632033
4.078502753365394,-1.336072526200677,-0.20615986799663044,-1.1613275245341486,-0.11746789391433703,-0.17664818992373457,-0.33897706358880886,-0.47638130402085654,-0.6031689692935357,0.17870523835055685
2.713998613025124,0.4979597315831219,1.5234748690034372,-2.427587155570133,1.3877062979592476,0.4429732665132936,2.371101441266463,-0.2443076915172586,1.079219356849637,2.40140644886448
2.9075027910020084,0.8357916419938045,0.03695157963606763,-2.4908735230315764,0.5117223541089443,0.9263677521393172,-0.43538796523728873,1.9714052984119088,0.6804953581833456,0.6278505742235195
6.877134424546909,-2.699157857296657,0.6716917052823547,-0.29911005634610327,0.543428348725745,-2.1392573111958897,0.6349424109081243,0.2585971706257127,1.2063965851150529,-0.6162391605404867
3.1026560216049703,0.4832034838031889,-0.3625568339725454,-0.8508647491089817,-0.9286606673479828,0.30622302962580605,1.3385755144351077,-0.8916088011811794,0.12071429577582149,1.0296926679619047
2.6931344996534072,0.9916377672703769,-1.4407377637727121,-1.5837693702611928,1.1404781870085614,-0.5222429496142953,0.428773164322444,-0.20825186304795698,-2.2405395626259943,0.7562400560401354
2.4149635426476106,1.567718096609285,-0.9205877594005998,0.42922673759375446,-0.22656184051036365,-1.0288121505679444,0.1527188863038494,-0.2232183797381816,-1.4882287763140922,2.3688104933021266
1.9652001871814413,-0.371867295322814,-1.0669911939169343,-0.5393386834673758,-0.6896662585979849,-0.3395505666647501,1.1795572854396208,1.649536767234663,0.08435192326078916,0.5546969596457958
2.6793312497283543,-0.4269176576956725,0.031699172623052926,0.06433350891669647,0.6177485633056281,-0.5771330820975012,-1.5377140720089826,0.04051987663729993,0.6603306240512381,-0.82176747121943
1.4042141357900717,1.6014724112444352,0.12312393680467905,-0.7738443013486558,-0.7639190251801491,0.82720236814881,-0.38973269263075017,0.6178258325728162,-0.7689706352738247,-0.6754753869619993
3.322193750855308,0.3666645301697884,-3.844673283929012,-2.4356040590297834,-0.35310777095928797,-0.8506397060823802,-0.2397266710320486,0.7137339533174875,-0.9437886915572441,-0.8359477739262228
-1.1869467243869456,0.6048126138737172,0.550075534030381,1.4791897191615107,-1.1200715381728934,0.4462945851385113,1.5491787309521743,2.1944050625320806,0.8407710748601328,-0.7920992033513263
3.0778893441091393,-0.33288844077893087,-1.3101064245752443,1.9132477963550258,0.17710010195231748,1.50002264948221,-0.34058551694336303,-1.5252794124432412,-1.1514911509564498,-1.7960815334841513
6.069125744471727,-2.686594128176849,-0.719947918071197,-0.07937803967798167,1.0420241175912477,0.6442985628789443,2.3533592315029783,0.09786865223611112,-0.5060151682835959,0.2840703921093442
-0.19436935695720178,0.2750648326549642,-3.1511077072256746,0.8341007821643737,-0.7842654622159019,-1.3057405678001233,0.6374047891678859,2.561354791664481,-0.9369947263310563,-0.21438301667093942
3.8815665097360377,0.77161403892013,0.3490299737535499,1.007006047422322,1.1051727465731018,1.5496381291510863,0.8967432987743714,0.9161260772551417,-1.1678630761487672,0.6798160581802744
5.24139929070881,-0.7937489808103496,0.021963127464065854,0.6025843273439242,1.064643996096305,-1.1583631823550045,0.1364422796800814,-2.151150257681252,-0.019889979274442172,0.23903967367635415
6.205028858289088,-1.7580630828770099,-0.6010280777780312,-0.17361830906094564,0.38027638608669,1.1977962315392898,-0.5979599883226712,0.10883988768251575,0.2509048225656079,0.3799656860773888
0.19819565865304964,2.15585036196238,2.6738296194557227,1.198909891328563,0.5798541650467136,1.4117065341784747,0.09015238099966576,-0.62364915732463,-0.1918658836186024,1.9436259426383067
6.4877225850630005,-1.6341402506360616,-0.09384026115467668,-0.3773332740415797,0.6694923313982334,-1.88668775787568,-0.6403731085096703,-0.17650369500654947,-1.364377140797028,-1.4652158989787516
-2.806513375358254,0.7515166461442258,-1.4829384866766353,-0.2435054308125748,-0.05974539113226759,-1.3407899443250226,-0.19150585147276386,1.131132989988546,-0.7263057297433073,0.1154833908759487
4.426111863076518,-1.3776278964710322,1.468574852383529,-1.2078803711782016,0.6662082842322037,0.6958568057974635,1.5259752415175103,0.607470209878883,-0.1291649869622227,1.8630666842659565
6.088327831150214,-1.1318315080258055,0.24440210932145554,0.4850269232584993,-0.2678077192757684,-0.3494801022363564,0.447982258855666,-0.933470672341805,-0.6822417816454786,0.15964477583836614
3.8344615138443574,-0.41463943620513016,-1.173598437114687,0.6579636447920316,-0.15441389491142138,1.1530026434696665,-1.419540961806119,2.2873050332987455,1.0288050386831524,-0.02514696833904507
3.2213179996478853,0.2875555942478704,0.15517043822997492,0.701259100381668,-1.0387294517252805,-0.4206224204344796,0.5272949203210845,-1.0902994806173507,-0.0955512182166784,-1.5594427604164456
1.5918639114352895,0.844140980872423,0.3524185948390368,0.4534501385273885,-0.8894216624768906,0.12285783799932594,-1.8370645328081607,-1.0583921471148068,0.7791234560815838,-0.9910597472999688
4.505137311814942,0.18620140306196806,-0.9010886149234923,-0.8573815820107278,-0.6635260322105474,1.2381101342941156,-0.15356760738474018,-0.32765279792297397,0.7949986656840715,-0.02562670465930435
5.317250081440121,-0.5475424467205954,-0.6631439655686648,0.1978964645737153,0.008895947659536631,-0.8930152844992776,-0.02251847886898892,0.9306469259212059,0.36090654630612384,1.0095932428253895
7.718218735352521,-4.20813812906722,-0.4408836729906545,-0.30288975677433855,-1.0004548157370354,-0.05083459346826971,0.26637636995578956,0.804426636958278,0.36164849441109437,0.48164949734897755
6.657247310172986,-2.3628085964199643,-2.095826284694026,0.9125364603692745,0.2852035824805764,0.3930475606153253,0.18500960694676072,-0.90011090525053,-0.7457684679608703,0.4399747182421691
2.4549158055796627,0.428177246461855,-1.7140615440114815,-1.582437383063399,-1.075826189365098,-0.2952539323233439,0.4222624451623702,-1.5289691528269829,0.13137067046805656,-0.6356380151880267
4.942999375449254,-1.0180463177616108,0.22189529255576215,0.4646420363844112,0.551112003442122,-0.8057643888957373,-0.31955710676851135,0.9156549322589129,0.35002863480885865,-1.654063705526941
5.569591595641318,-1.4814415094936133,0.4948717494174088,0.1541310693030731,-0.039147487060829426,0.10875223490069912,-0.17913084275780747,0.1570766972831042,0.08753775628239423,-0.271070275616139
5.533196622557272,-2.5051914046825448,0.7191973685762854,0.9819433311543073,1.536219569097119,-1.957928309887426,-0.9506304481616163,-0.7680856421511809,1.5394496620145657,-2.5769071551978824
2.281256510180875,0.2803150863542788,-0.7077223597159532,1.2181486832004058,1.569345457468181,1.4593211690762722,0.5935131952198603,1.336390682245161,0.6046501386662966,1.3695261920059778
3.9259579716427404,0.05089589319893984,0.24449488399094194,-1.319342675695097,1.4666952434760316,0.01792763789656483,0.35108323657107304,0.8669383113800492,-0.8521675237410479,-0.010183212190677093
1.5979478200852881,0.2694543820921926,-0.021233175102647328,-0.4618387969330083,0.1998817886261655,0.4609826562556537,0.6444638251945924,1.6767873109035816,0.14801368892113204,-0.18564959409585544
5.200626783227725,-0.42709170761513915,-1.0586370291295708,1.5287231822665603,0.22959446733247263,0.9555385264262571,0.08116409093338953,0.8417355873711643,0.8299432902908112,-0.3788354104962094
4.713542422270142,-1.6188239846676356,-0.24514312834045845,0.5533380384292722,-0.6884809203761764,1.029688770944066,1.000720580242034,1.6158772763578806,2.2384830341663418,-0.07065529533910883
0.8829942513913004,0.720463559250252,1.2501501346600035,1.015342874919558,1.703364093279982,-1.2481982300806662,-0.7536530368224315,0.390104252930961,1.1652749532824855,0.8439471250774999
6.378883954500028,-1.717647258003368,1.5263866806228787,0.0120304775861424,-0.5197361625921031,-1.7909103714921284,0.40467654951397386,-0.7926725742991358,-1.9953218966964643,0.7114269534629685
6.299571734393512,-1.313285626077599,-1.3948869879914878,-0.9850510598525741,-0.1659953473920718,1.162165115865499,1.3201819491470113,1.1564022582712952,-0.208475777724074,-0.862585424096784
0.6908602204930693,1.653717185999494,0.5177536177508951,1.6404884428881605,0.41095986934508516,0.6595599158407259,0.850203860354519,-1.0096828391820696,0.6058889115650018,0.10915193311994814
4.506082844756135,-0.3853966400054416,0.9701609846972374,-0.8258188876114205,-0.3361949101582216,-0.9808404315078911,0.8706460164070958,1.236671102366609,1.0902965004486984,1.201613500494638
-0.43505806183747625,-0.17776768519054126,-1.0349122153667563,2.6140564260539483,-0.8097564789915108,0.555118727202354,0.9888033383495111,0.023125720522475954,1.157760004904808,-0.7324629839173357
4.354076089115391,-0.9540092899997658,0.42765634840533556,1.6029842842690025,0.008644463746656995,-0.28174103143019474,-0.3979595686509163,0.6457707330586231,-0.25170044437283795,-1.2899963903568739
3.035346841257652,-0.8630102264616907,-0.01250317566253441,0.3622934514447136,-1.7005676954173443,1.6071629527713251,1.1664326671681498,-0.6320932346507997,-1.8147816888776047,-1.251726804385304
-0.17330962123088933,-0.9889410006976519,-2.2464566992723816,0.5943357715683019,1.2702927380210953,-1.4287931781319434,1.5446348650156376,-1.1452353923117917,-0.9265176288381872,0.08955742420146916
5.447688851926513,0.00048428566210696923,1.1166634085206821,-0.9473449366524289,0.524992429149992,0.004603767661835406,-1.1341485619133065,-0.5604817472561707,-1.693170412143148,0.58355014299011
4.552302121434252,-0.5677866970278147,0.4602822813069,-0.12548081269568825,0.6905860011470992,0.533158062887043,0.3443821573461332,1.364535508315235,0.3851549132135604,-1.0204312821398607
1.8255986089094258,-0.3628533022721139,-0.8746127096628235,0.7479480136756312,-0.924906313729301,-1.418375424726854,0.488360612056377,0.041759897265959536,-0.3760787533025559,0.1397235385252104
1.5851758954132582,0.9516023978048521,0.6260956570801639,-0.4775366301322444,-1.573465624464501,-0.8186325212709936,-1.0404350281444419,-0.9424820132645935,-0.04334377094754967,0.35596378685873564
0.19323007773254677,0.45276624463168497,-0.12518040406077624,0.9088769192139614,0.8106617922056191,0.6017741818974767,2.196091968162723,0.9580779692720028,1.5945172282557496,-0.8123118994674494
3.0514486502854097,-0.022368182594469127,-0.5523098173239899,0.5743617573117973,0.8248235149438912,0.7513688992937423,-0.5639946977217383,-0.9375609336397004,0.43663134830794226,0.27738153374781466
0.6588187619226658,1.2045855732507507,0.8710811139253096,-1.595162388535281,-0.025599423808673884,0.02603817739444271,2.2784186498729917,-0.3557176754718103,0.611342527620974,1.5106017412927726
3.2497997398042,-0.6605309528907894,-1.2164659576470904,0.2573438565901178,-2.080521337824924,0.3201763931890907,-0.7450895480330101,-1.131633496855299,-0.4347348841247659,1.114273450544617
4.860922680157627,-1.4804586950936458,1.1514120281499651,-0.342567617417036,-0.9134727090689515,-0.266541045601202,-0.596934564625999,0.3587310342838285,0.37273130948484884,-1.5553782163017802
5.422220567801975,-1.0505536071111063,0.7230124213388178,0.13310874578373866,1.5493791459784685,-1.003490932504042,-1.2385015744877124,-1.0612852759127716,0.5707796792615473,0.4447318602916423
4.150077796912442,0.29714454154887526,0.7200014117336161,-0.485123801972791,0.6338565512902186,-0.16810564167073244,0.31495915520440504,-1.2921289998148302,-0.5568925436683615,-0.7399151927778578
5.141548479513153,-1.0517487952369022,0.5679534917259591,-0.03807914856981273,-0.9094223103798837,-1.489333623970941,0.8565486095371456,-0.738624402328989,-0.3413257701030845,-0.34334863003013755
-0.7742399002627086,0.8233698034895213,2.803734537407719,-0.3831785047413715,-0.6326054938918413,0.33362131981835363,3.5464522795651683,-0.6566671147823427,0.7475517152523091,-1.332167546078664
4.875196240797024,-0.351248983391828,0.291194975081271,-0.6602977162183936,-0.010565261609721259,0.6669482217596079,-0.43570033775691136,-1.4949411525961909,1.0232012559330337,-0.5835902145829235
-0.11227660338794004,-0.42842797799878624,-0.16268027867973545,1.8415834871773284,-0.38158467113715594,2.2910149293890396,-0.28634985309531286,0.3655061166939839,0.6967854281333788,0.26733137710496846
4.7227062297284865,-0.5639831323003764,-2.2352052658912207,-1.0469583049669309,0.8342819273807036,1.2221522048255022,-0.15302821302713696,-0.11266772604515532,1.4715447085582094,0.7892125799617674
3.38725453249104,0.49761081842637056,0.38900217349457705,-0.3433394323687437,0.21774267459687316,-1.2679708967661054,-0.7370814708501707,1.0568898559907227,-1.4744209334057743,0.42271270773564423
5.395089056402156,-1.4109219478113042,-2.065511779893361,-0.5588978994820912,-1.4145275084056017,-0.30739222731721366,-0.21877141988665852,0.23354644450023063,-1.6426918799962482,0.16692380115360955
8.003375269895644,-5.780656545995071,-0.17023429626547795,0.8085006124233489,-0.26395190142222047,-0.7237172419268907,-0.3773165509054273,0.30795959905641423,-0.5882858774373964,-0.23831710881948895
1.8192828845004414,1.4020805620490735,0.3128579866949419,0.269032127145442,2.685589579867426,-0.4721722668869682,0.21398771008247677,-0.15041537449590153,2.4420417079608177,0.4052388505040275
2.375722849840908,0.48736524389805497,0.9053823064709289,0.2569591223404563,-0.6987658626312893,0.23302390424499636,0.9333450520482097,0.17010976277644071,0.2347511666073388,-0.38627802437324943
3.44730456469933,0.5850537839826876,-0.609759076202503,2.113662966392657,0.9902081999856052,-1.66818142483879,-1.5780835303412082,0.8942837035022231,0.5931146095423796,0.043167685848849474
2.476138053883623,1.0774226451900717,-0.49501933402349513,-1.588358976495645,-0.9124500660482747,-0.09471072404913675,1.0343185628927412,1.6453767974380868,0.4687052733611299,0.028192786475298152
5.611090701167382,-1.3490887579830368,0.7461880259083509,0.5337994631238971,-2.036973964268329,0.20302180564334632,-0.025385282786480848,1.660517942354782,0.34330878176489127,1.225343619966286
1.883767562465056,0.6879838510131016,-2.0130322846705844,1.5561781563980401,-0.05447366539985172,-0.6664282016784658,-0.50431609337522,-1.0631335666463686,-0.14432173157220374,0.3994337123457224
0.6871682407456382,1.1823197257080762,-0.9219828525447441,-1.2021669328016928,-2.435224739565086,-1.5825981487953882,1.1168174142452474,0.5498589110634471,0.8687831568212083,0.20429957592245096
0.6424769362992144,2.4853550874291876,0.45725606943973757,0.6220077435982272,-0.6025389458279812,0.21516501729730614,-0.007842492005367902,0.02701360797610254,-1.557787425105994,-0.6087980519146311
2.6194046211299282,1.8589300928288552,0.17383795616528613,-0.5701944113920391,1.23007959478933,-1.4824232816754936,-0.37539476798811683,1.0510446558539939,1.1812938411798453,0.6168824629189389
1.888719404728408,0.7480059397599863,0.37980862095752643,-0.36849265416589444,1.1538572326094225,-1.4459980450881411,0.37757758553655135,-0.13068305192965787,-1.6961558652896507,-0.034681992795617185
6.209707310711588,-1.989409341433353,0.3447641574635873,-0.30008997490313943,-1.7488489650524959,0.20683842612272665,-0.8361733394991033,-0.3939110201119693,0.3029456296511555,0.6793138405976937
5.034838271081101,-1.7460399265135456,2.0548002201080364,0.02625461640848235,-2.1384868431579283,-2.3658495128245134,-0.4618156179152158,0.1663559176899643,-0.5224934932199236,-2.4240271564362956
3.7917194641376506,0.6783903435052355,-0.9118550767667893,-1.0205190898265308,-1.1222231545947836,-0.7373429881035409,1.3650253069127014,1.2229965615292644,1.6980920101971528,0.49692064178217754
2.171418691595105,0.2957131655387721,-1.475347228944684,-0.12404749243524295,-0.21847771729339632,0.7656035294283702,-0.6366510849591485,0.20764329166214354,-0.7365084162369232,-0.3801252479303345
3.300894187972608,-0.8020314500262538,-0.04532626771038536,-0.23011499231096494,-0.6449737808961502,-0.8463321148308988,1.021112589899131,1.2690767824679776,1.2155673753444116,0.4131063559995469
3.320209159488176,-0.25177483499299,-2.6325316167376602,-0.5725194565416092,-1.0929489512139667,-1.3091417939515069,-1.3743411272035468,-1.7754317156207697,0.47838383662948014,-1.3055445494927413
1.4405217750983583,1.5890982466962496,1.4007566328496885,1.9123130363837715,-0.22332602598904794,0.6067636613199445,0.4550451608554158,0.6468649044869172,0.373720728701201,-0.6205638307391489
1.8760689163579936,0.7280410049984832,-0.33159382614025024,-0.2055775514261245,-0.6076826684943138,1.5382379358611196,-1.0755659731559908,0.3601693984227583,-0.9673616868224393,0.3867877184877533
1.3434252307715078,0.7637523511146792,-2.0545706664360073,-1.117885175063684,-0.20456080277228275,1.2683575230275677,0.7153086362633139,-0.29319308934566457,1.0246714230666627,1.4672719348327994
-0.7676612161827322,1.3734050407670182,-0.14157914615387598,1.6266006734594876,0.2457307924889663,-0.4948781309561177,-1.1339042345635744,-0.21263733387437547,-1.487281218198847,-1.9034747725121586
-0.06335984642066311,0.6418718770325038,1.4501682881285298,-0.8377930523369276,-0.09539260312393216,-0.322661121363564,1.1526012332835132,0.1196876294023265,1.3143536198935701,-0.8397305783883947
4.114675744898177,-0.9242219332693119,0.7350682478700689,0.41724470659583984,0.9516574842368821,1.3449814089119483,0.8489015139805319,-2.570095058022952,-1.228927586496516,-2.812499934570896
-4.583270053261079,1.1797312408174274,0.021795008413841948,0.5928360872539437,0.08761517988533367,1.172902713921433,0.24418141503842916,1.5617522590579724,-0.4096496825257524,0.12557706523203033
5.8627708292852185,-1.4804114845698795,0.403581954511612,-1.3773502735322605,-0.33501585710940496,-1.2148749242197336,-2.96353120945359,-0.9124013187560172,-1.8144964871138516,0.14412836511151964
5.3063887299339045,-0.8871732182630048,-0.4166274843007038,0.9104679320143851,-0.17572260845301335,-1.3923473230175787,-0.3635701458532933,0.45912908021935317,1.5342040091292852,1.186724131633169
2.09061202846051,1.4183264919441538,-0.5428569523373237,0.6960850432176677,0.8250294236534425,-0.4093966757815666,-0.023751120779267512,0.7253077458498858,0.5441298901410622,1.282832071742563
6.3453227296065,-1.4596666537268013,-0.6057383628459884,0.6676825692662864,-0.719834692177611,1.354578619264626,1.6889097672656763,1.865892791237757,1.5344731533595728,-0.4879204237436439
4.299692341314499,-0.18406596422839014,1.365524941685349,0.03292056585281612,1.7290422413478932,-0.36890197435535654,-0.8423250501233438,0.9369907908186786,-0.32051613197394707,0.32971753329424935
2.452915682676664,0.02323373067244061,-1.4991446873547243,-1.5607012004961158,1.349732703783811,-1.3061622403400628,0.8711575732987231,-0.2506185388304322,0.9456615322440409,1.2764441475242823
1.007778393796503,0.27894525024281086,-1.057287829922465,0.46910496394116463,1.0771603137855044,-0.3272695661144561,0.7435612132075159,-1.2878653295257505,0.571975629731144,0.5204269740113279
3.0065979570258947,0.22647343386811067,2.063689436273939,-0.3377290258941428,-0.1980480294356863,1.0350159869632463,0.4803741465510783,0.9164275370659588,1.3750893194483158,-0.210199816772731
6.828880524215197,-2.511743068270155,1.981088275368883,0.7106326322664711,2.006280280451387,-0.12817776304221687,-0.5055117884632221,0.2604191264677495,-0.13608065093316515,-0.23119112304207284
2.402691814687226,-0.06636860429097304,1.6462655927746432,0.005760578729085625,-1.0990946564499604,-1.6962819811894183,0.6179646358824012,-0.08592381888938794,0.1825060679212372,0.04784336967182474
5.465763389958115,-1.1651125954556125,-0.5472091182077199,1.8795189357573434,-1.1762822656806022,0.7259753280219983,-0.026338349051262457,-0.09742202633520115,0.6795998839874576,-0.8197165938298966
2.5830399124529317,0.22336632591471006,-0.8897044367280551,-1.684351503797775,0.9184827647748046,-0.1348447386231693,-0.9086161864201882,-1.1386116837102098,-2.166175956467342,0.8072154836669329
3.159350850837363,-1.0619591997893698,0.7537917682860471,0.2516562167775633,-0.15410311137319121,0.5310014687704192,-0.32066722231097683,-3.0724265838122506,0.7429867230318962,0.5582272850021175
-4.030101804440709,-1.915034302900401,1.853413520112454,2.974361709431463,0.9024138074287535,0.8110238665535933,-1.5811695744105956,0.9474980723280004,0.2303735975778915,1.8443595611956838
7.535780917083323,-2.4661394293174506,-0.1001674305977533,-0.16601301576232347,2.9584692814510367,-0.3431860024223529,0.49039256149858695,0.18707335158959854,0.4067660425248824,-0.15161503900619522
8.109451433587457,-4.523473010217342,0.6267980009184386,-0.14977310187907492,0.3170117443905533,0.6759620673010039,-0.2872697826110956,-1.117144486211542,0.7670004194722516,0.12376706314941069
2.768651558399248,0.32185852233330714,1.624127646650296,0.7937677474013282,-0.5809319298070371,0.3856777192229756,-0.384926438106319,0.7495902066523106,0.8989953841984674,-0.18614249927643506
3.605078751900663,-0.8709505576785914,0.3947626384754631,0.42112373947643844,-1.6785409467970989,0.32849466088842977,2.027227289476752,-0.16478365954380603,1.0970985468329082,0.614448028402599
1.267248050127733,1.0240983291817507,0.1924980620120584,0.6794470884333349,0.47459030107121897,2.3204831422890115,-2.491076631576203,-2.4638789497744717,-1.0136477633894627,1.994302452389495
4.544678734148188,-1.6262139472108605,-0.7406315634197914,1.5602239096465687,0.33463888819816406,-1.3997021061342738,0.05136443930603527,0.6308747098300247,1.625859359295793,-0.19068650258369127
0.82749328674386,1.1221233346470059,-0.21671541571325093,1.6090613625537025,1.251715808818961,-1.2546719935007262,-0.04847782042379366,-0.3496374378225539,-0.7630023547657769,0.08776685413812352
-1.3850862526112195,-0.1927841383352826,-0.11343585790739848,-2.256233605618761,0.9830534300107319,-0.5113629073037904,-0.9459546698921047,2.5477828310186337,-1.920616042238333,-0.3981779583333625
2.529712872119726,0.627151684039296,-0.06522515455793233,-0.3906304023030427,0.14259348358227444,-0.04882539472934765,0.20096925951820765,-1.3880038195986129,0.06188509469878989,-1.2277605582788853
0.7342329680285052,1.2316610080521122,0.6167310060578829,0.04095684166131102,-0.9876906631868608,-0.672671861896212,0.6401024820511976,2.2980811973548,0.8894049140066529,0.4935112545696583
-2.386478632989982,1.6875888630372409,1.5418066376695727,1.4283754312368133,0.3490318363919701,0.6700714926314866,0.030939449514330288,-0.1344952349280435,-0.9960066895554854,0.14646201099189288
5.936824362359992,-1.3655643596381717,-0.8807203010097328,-0.9987646173628646,-1.5424601885060754,-0.19400093307484395,-0.9205316473287289,0.15591019004078557,-0.8675015602574995,1.1193377772704922
3.1115375597376302,-0.5228934916806184,-0.47898594893899843,0.051442809773535436,-0.6598092746896409,-1.523360756882665,1.0038001286780074,0.04959932585963299,0.2014212261090653,0.5102332426935136
4.369147408408452,-0.6876265616906247,0.12703666235052807,-0.7306739896737662,-0.3254502717288279,0.8351102449792371,-1.4020307377199293,-0.46841915296811043,-1.6423093801655508,-0.6771285201236935
3.871339218283654,0.2810510549537813,0.5368969598738885,0.3674279333505547,1.1716943936058806,2.4606626432334844,0.14260186115806747,1.2567048210664238,-2.5707408503426423,0.4577137317028266
7.223370796498598,-2.508698555980854,-0.009037924339566468,-2.079770548169753,1.8402433746301163,0.13564443781575725,-0.36153492215635774,0.025765234106944042,0.041229772311681095,0.26213186963702095
7.056824372889387,-2.657002252420916,-1.1752730790519532,0.11448416772399024,0.8200226203871371,-0.4937888300140268,-0.9178289322187377,0.004386481334494172,-0.10067928414881448,-0.24848374963955977
1.3375247912136157,1.6460219547331747,0.9202570652597472,-0.07482677608235029,2.1279121440865736,1.4128066647979587,0.23983182210394163,0.17245967883217314,-1.1427865075637704,1.1901144516216289
6.082285706553016,-2.251028757057538,-1.290047725270437,-0.2076879406176906,-1.2050200694912523,-0.6940252059681618,-0.5208309440725569,-0.6874923497051431,0.6672000926182847,-1.2522334468386895
5.2835152229534135,-1.264937895426216,-1.9201243003346125,0.5582773099338004,-0.8954882752867133,0.609825177959024,0.34860973489218633,-0.7960307196080842,-0.012175338003094088,-0.1842019996040926
1.5266684111009357,1.2054498278207266,-0.3864845595603653,2.093181749629159,-0.9007697207075859,-0.14201142069113587,0.3276859760753186,-0.5544271850578074,-0.6394491521542652,-1.4038798471304055
0.10898725528024424,-0.8610430162859258,2.50125691167297,-1.6764159571381363,2.2395839155567314,0.09923089326469303,0.6180622513838061,-0.33499331585346226,0.3341424790324825,-2.9555033546213667
2.088709498164264,0.5172314358149422,0.9456371508367539,-1.7166495379937405,-0.6405843322151006,-1.1225923338081827,-0.622236779846616,0.028452523590227284,0.9256984160024132,-2.1702018555053835
-0.5999946881212412,0.718740709088327,0.7556141251649274,1.7844367572348747,-0.40618335186466437,1.5978932844083802,-0.07531667051635405,-0.04119080986731669,0.9809977187560347,1.7607894510578728
0.6379334125377873,1.053481605743033,0.10151401283696676,-0.10105813520714396,2.513442923085183,0.23491963990043105,-1.381258666656925,-1.0084940577764638,-0.46431624972119045,1.8257353429569323
-0.41810121182522675,1.021752770553701,1.21806440914424,0.831845253236676,1.441630634920488,-1.1129710543619977,2.922282373148606,0.0020421732459606767,-0.13612709993200103,1.3552901609040457
2.8391232683381125,0.34794463127287295,0.29100810057529913,1.5150365408824624,-1.3450505208552284,0.1220738993435999,-0.3852995558363861,-0.4215948342848198,1.4289653215846545,1.8624022472328137
-2.3953254596269375,-0.08280035705189244,2.3969187173284783,3.566910308888353,0.9398269479060772,-2.4997303388436105,0.7286370451065924,1.0094547325275929,-1.6240782257815247,0.21823241447593686
2.2166662548551264,0.40947010194416855,-0.5885718802040502,0.5210276716536968,-0.559164684273668,-1.9947377926904037,0.7302381673476364,-0.2536225327184026,0.4262167232582953,0.1033205933161522
3.4578199662729094,-0.4279185721473978,0.344831743879906,1.154073316755175,-0.6195739242356495,-0.7603731845373182,0.7893737076019743,1.4021823031887695,-1.2137026000959785,-0.09140790447553024
6.486173605211412,-1.147451090153595,-0.19152904150869549,0.2669694890805534,0.041654221058775046,0.4508070747289096,0.0031599968828895054,0.08193091549445204,-0.9730023766450379,0.09543539862094508
6.348103607197665,-1.729557552292403,0.8535136932464888,0.11319257224532007,0.35298495988802076,-0.331808444950921,-2.259842764493334,0.5348070393363377,-0.691756768063433,0.8992761925320965
1.3928063662236234,1.689253937457476,-0.07955825040635477,-0.981591911689175,0.23586214644876963,-0.2999894366459049,1.1230845194475665,0.1617704707641501,1.4762103805030586,0.7267584439725052
0.7797074492919625,0.9679521527742281,0.7074445991186761,-0.645061455061553,2.0277644804471784,-1.516150054964987,2.0339053415498958,1.7695498134524088,0.06868437382468262,-0.03023754793302786
0.3321796789965058,1.128787987491251,-0.08865337184660128,-0.4917776245146458,-0.006523789309998411,-0.6676992303466028,-0.08065347264314188,-2.567459280258687,-0.4652120681314278,-1.222590505084135
2.0807210875765896,0.08293284063706657,0.6557138807460039,1.4796584636213284,-0.494669114229612,-1.2090880171436234,-0.5578525833101461,0.1010323720104346,0.26317676954944486,0.44484642554915954
3.6376533912530946,0.17472510496831734,-2.0762068553502817,-0.390305543448864,-0.6827432180578553,1.1392234609356926,1.8182418211387925,-0.4888683580527005,1.676807311854174,-0.12237910676560891
-4.316245551852917,0.8821564957801922,-1.3078972019457533,-3.831395236306862,0.0030277351776610544,-0.14068144673618985,-1.767000009639081,-1.2730824537188732,-1.242697428261297,0.7546805436548185
0.5253159848813359,1.1052191973858674,1.468846273069141,-1.4923409360427125,-0.34079891660331735,-1.430658019684166,-3.2982917698759167,-1.2103785544873886,1.271594606595473,1.2867293803105742
5.085788770576524,-0.8299994061193758,-0.264977738404157,0.04104992822732359,1.2907139553578704,0.2053816723749771,-1.205268392600148,0.7961063643199879,-0.8889036539833921,-0.6071356242865111
-0.7172388251885738,1.9395661357548069,0.18288336168056682,-0.22593118892114766,-0.8166653945533836,-1.1510509903348776,-0.7124041916558638,0.30679648357974093,0.13984502548319916,-1.943430468273768
-0.5406496952669541,0.6857339363860261,-1.3184514529109042,-0.17716701546599822,-0.05129707514514258,0.5019691712609146,0.8331430450940323,0.9518555366559575,-0.16884797840975582,0.9895002532765685
3.7188756749289134,0.051289585575685415,-2.087426191044259,0.9242686092544822,1.7603581299256992,0.8026789933821475,-0.37454894954695755,0.6004386209793164,-1.3363870031742993,0.3496972847263554
4.346888210527374,-2.0458249657250414,-1.2332742307127524,0.6725626879557534,0.03740209667142727,0.7519410415162759,0.3451915228338488,0.7567100493205523,0.9994539186803582,-0.20996287634614405
2.8797276251184183,1.0274702747283893,-0.021087665650918356,-0.748195278005963,-0.4580993975082,-0.5929060051201036,0.23078833835250945,-0.39235843094208533,0.041864754178078896,-0.8442526496160143
1.9243375831927743,0.08289717992709861,0.39990454190180846,-0.6793376489542199,0.20526858508106682,-0.8390407466904803,-0.6509389506684514,-0.9517272872827032,0.46498378276262975,-0.08869446126557355
-0.15543322176159305,0.3607276062134822,0.22295859520174124,-0.5539933247298036,0.8069176967893881,-0.8299313150458334,0.13411100217504035,2.354379177658179,0.48209855409203367,1.5438799498907672
1.2372073756715882,-0.08833608968691149,1.492790521478821,-0.8028269066613989,0.09852654888208333,0.1457837395287674,0.028416453639745886,-0.02082916060532166,-0.8549579219459321,-0.012052778808103235
1.9108160544749715,0.5418475199322942,-0.10945291590261778,0.3779094538366237,-0.477088748298236,-1.23230878550426,0.05001520682307232,-1.47621425724405,0.32677617279402194,0.45678316996962515
5.656290282596171,-1.5188048789554,1.0810321523609376,0.28946483092684666,-1.1569771287211383,2.3256547818849116,1.2551695820934279,0.19712410934008834,2.7397756198984067,0.3496417477940434
1.852436756884432,1.335336238527714,0.6333140542420465,-0.2101558349957269,-0.16044040676431465,0.3729147230967502,-1.9591391306029668,0.8171167620903054,-0.2332989882231486,-1.982400987067214
7.393704815131276,-3.117781317627354,-0.35056684042313513,-0.8413533237829551,-0.867478754802122,-0.09611242390199091,0.8284039849454233,-0.6526143447334649,-0.9226936102841309,0.9018121328142646
2.004233511363366,0.6474731398989816,-1.4640837348534261,-0.07939596087966787,0.3533397052883722,-0.21313464171516885,0.828038519199709,-0.17040848032947611,0.10773229145772961,-0.73020548536267
3.468912897696576,-0.8385508648952854,0.6557391666321304,0.6434217144230281,-0.3046787073958096,2.4919758798748592,-0.1148113563374857,-2.0988279864713157,0.4717408654153202,2.647756255820815
5.103491721466706,-1.5884927166775313,-1.4531254865264311,0.9901163772506042,-0.6375563170511842,0.1990832289324385,0.3940074123499664,1.3297552309379301,0.9889680133066784,-2.3668147542985603
2.342137577371217,1.3815607052261085,-1.19052961216035,0.6404797393535658,0.822480018118734,-0.8135723071242761,0.0009924781339218842,0.005788876953159615,1.1425195855910075,-1.2139349099780719
4.6945047600542615,-1.3346290985373856,0.268175603367978,1.0755256742744819,-2.0927995313438994,-0.1961736721555527,1.1727470181118422,0.575134162627827,-0.7356874549073464,-0.7294310125016485
5.036713133184278,-2.031136821353709,1.5164409453073195,0.711254563339944,-1.9199497187642711,-1.6679664933167861,-0.6323318693123194,-0.7138051144741039,1.9042446657721033,0.6428134197541591
3.178444320946719,0.4965580228473925,-2.3066956953680573,-1.4650951916094512,-0.5237895389962993,0.1631316556779328,-0.5031559641505562,0.9955712526878285,0.4540230551531872,1.7868689578388275
0.7464652024704383,1.3399725221429333,-0.9819116083070936,0.1976636157680542,-1.008282096696803,0.3920485909641588,0.4590805782058894,1.446619259567169,-0.7136719263796216,-0.20801604805619905
0.37741251975385076,-0.4288517287180591,1.1595762448688438,-3.814830515068423,-2.495499462004366,1.4747197801668148,-0.06182936076293346,-1.0214763132397444,0.3926089007825057,-0.839098862890328
0.31483133655405526,1.072212900008653,1.4267198282120275,0.3332994525200837,0.2634611431072455,-0.4072317713065577,-0.06685644597426482,1.682530689307377,1.598912470840872,-1.415574068137432
2.1645717207600614,1.1887664384464836,-1.04853614588818,0.6087603867800275,-0.237370981498086,1.0830762872740396,0.14143460244592465,-1.8252010940622794,0.03140599221251275,-0.16365471318268165
5.9062507892118,-0.7184227026682842,-0.5058466639586733,-0.874042472674727,-0.24683358283973952,0.7502347206527369,1.1532318395453358,1.5435885423911375,1.1117348560555813,0.6254312764222317
3.284642421095382,0.40774669810772807,0.385348150494808,0.3201617327146443,0.7768579556771248,1.541457947055355,-0.3366352369487137,2.395105648665521,-0.05219362207635038,1.6772295768904089
0.8047648790305986,1.420294604899093,1.379492923350717,-0.5026858081841756,1.779257312317305,0.9705307367551754,0.011634644557544252,-0.12519443550752782,0.08802783686808385,0.11194936411530508
3.727589383915716,-0.8745704054280836,-1.6364614740030616,-0.16787391117602352,-1.0573354731347013,0.3290880700723899,1.060935918147884,1.4886721206556273,-1.874719068995798,0.3778654726079638
2.7370083109604666,0.4581282976971864,-0.568572355842721,-0.2823197615093045,-0.09918093151247824,1.153547726023487,1.3068021340004126,1.2632610631913364,1.067172366761956,-2.6042754215777113
-0.6973322950819586,0.6558906316354126,-0.1704656891812173,-0.664630637686758,-0.8236567494134447,-0.8123238486585725,0.959865683181949,-1.8163304776212137,1.8724801873101677,-0.14746367234120106
1.7120253420527254,0.630828853866116,0.8235369680143698,-1.1852069577160007,0.025012436099277863,-1.0110306704389271,0.9529698351678784,-0.7132500999133681,-0.5409561411712273,-0.7742183347047019
2.109711460300816,0.03141774336286236,-0.7337399545392281,-0.03717315669272523,1.9620820391582332,-0.13959110581094886,0.021532971108766272,-1.3454006706434858,-1.0011692607986775,0.3317039269217514
2.166991627350842,0.48865515541296123,0.5156787571214203,-1.503696933778471,-0.6250765847047659,-0.8683988201630406,-0.9203900382744393,1.3388962476286137,1.8097761830797203,-0.15605234004913743
1.421005431461136,2.089034048513251,1.3783633781440614,-0.09410829337368556,0.18336151041973442,0.19243715558936858,1.3262103074052018,0.603705585426166,-0.012977163093165201,0.20460445833342547
3.5027273748168897,-0.057946737153112535,1.6991714284847719,0.2213888433523485,-0.3352469024004221,0.12076584769868345,-1.5118437929631496,0.9399904867910088,0.8180680715311878,0.6825885529455559
5.641099510683194,-1.7325761014827106,-0.4532891042709651,0.06720202638212784,1.7919121092045673,-1.7420697895780735,0.2563583749086663,-0.35121397275656707,0.1269880478409861,0.7823176359551675
1.3845943386739379,-0.11858913372641738,0.08550423967145633,1.615252881256841,-2.9104534118184575,-0.6859810165793261,0.051004194605384925,0.020864161277486127,-1.4550364010427288,1.768040313690024
-1.933809402222427,0.003996879423621666,-0.05806144675227224,-0.8782642029451058,0.8724988401228585,-1.6993693593040682,-1.7751370475900725,-0.3264024369603481,-1.957803902468878,-0.08189328481536427
3.194065984566537,0.9838564824617881,0.5432286424516363,-0.23604987961808047,1.2411574172321163,0.08588019417859456,0.4573797547791942,1.1367826960141474,-0.48550841980222703,0.354533619417638
1.9197790814417872,0.09191601841771238,-1.3884772085244457,-2.424294166608133,0.60312236667399,-1.2393639862804866,0.1145151001093015,0.9722298306365735,-1.890528865370932,1.160354947338333
4.35589612151313,-0.3393943716496388,-1.777602642118489,-1.9367314213793565,1.1220646474119031,0.05373391959448141,0.3853714834495639,0.3157325475916688,0.7660381605529386,-0.14352264557595845
1.4829437223858206,0.9190755473239473,-0.3054422394508732,-0.14903392264803472,0.6297397454567764,0.08288949432943057,-0.4845333946737251,-0.1061132325702893,0.8166644710679166,-1.912242867026636
1.1738495227758752,1.4621591194673498,-0.427190023365768,1.1650004999287753,-0.8102697094717943,-1.1649072738848107,-1.840482626749926,-0.14631910314886393,-0.4354776869749156,0.44552095590682056
1.3274243667129413,-0.14300653289992535,1.330279974845749,-0.7583249719588264,-0.018069553603938325,1.4130826113953177,0.15884189491736256,0.6422760164927227,-0.5937696405469747,-0.36141682384425533
-1.3766747615721946,2.0288832860218187,0.5411904049040631,0.5653132342816134,-0.15399621309909028,-0.29879910170917245,0.01719451192499278,0.8141003580622709,-0.5804337977158879,1.0924693563958192
3.3487623169425538,0.151237007950519,0.320893512177002,-2.4202649444908264,-1.2030192644163615,0.08121416428566518,1.0102712162693692,-1.919058705412267,-0.004729164232111919,0.19400905664058649
-1.8230968603352713,1.4534014379717806,0.9974859099040259,1.3619254594046424,1.121573685650163,-0.22192815063221452,-1.7478306780601953,-1.0461487752110155,-0.2844259756928782,0.4750271080638524
1.3448261873238205,-0.08818955967188052,0.520462764182451,-0.8402349816878519,1.5088918910977946,-1.2180394272588428,-2.3990986445056603,-1.458990156016046,0.49713973687324603,1.330991981298131
6.23450263455151,-2.0231048324325536,0.06388236510435255,-1.0887356750226214,1.3365172931766418,0.6021243737498,0.39110831887315717,0.9171279358674488,0.5528502117902668,0.454790601975565
-1.3342158148719476,1.1773311599184986,-0.8729186580167106,-1.0063152015913817,-0.06532152401115274,-0.19880658247279354,-2.256792939386912,0.5081700601424881,1.2400237465267343,-0.5142924854658514
4.834994880265951,-0.9317086594043473,2.594343417653401,-1.5634373346032722,-1.4289743048649204,0.6650937590172221,1.549239166005371,1.511385197994418,1.0892103901057066,-0.1775354691034275
3.7238385271328247,0.11112320494470947,-0.44782827838355493,0.06780842562194127,-0.29289879100859384,-1.560498065274296,-0.6508008267540286,-0.2917126395226708,1.0526197011400023,-0.08222962443102218
3.1189103618382172,-0.3631331170165962,0.12889360365874078,-0.7318491007098613,-0.9215650101938355,-1.6887424254350776,-1.194848419039814,-0.42857069321120483,1.2667049058122832,1.7547113264794936
0.6921019615618732,1.604652970996119,-2.3698633343009012,-1.485787144622376,0.048316817107535805,-0.052815245600207124,-0.12685249576394153,0.767673443695788,0.9609737351849915,0.2986367619223723
-2.502671376654745,0.939757891454064,1.745305215416105,1.1861703422901044,-0.25360375716350453,-2.0434337452214555,1.1406464720272347,-1.2941929060658208,-1.138759967686242,-0.42422582944652754
2.0943910451852465,-0.09538989668091778,1.3903171513474102,-0.42522594788240814,0.18191619279233825,-1.7289217470439935,0.5574703009579143,0.07882756248123961,-1.5436074112188507,-0.12257016937591583
3.9841958418942367,-1.0189884215765361,-0.7364426593184912,0.6443135181400981,-0.7411477588280517,0.10856209489052257,-0.5981554112980425,-1.7993029407867367,0.21751896418594965,1.456591433653429
-1.7258470359199773,-0.4577564406061788,-0.8372770058301128,0.2609767818809937,0.45802328271308684,-1.0455827837601004,-1.2110085475573704,-0.7645394131716731,-0.6285672577841784,2.667881603299932
1.449515482673325,0.7136178597190315,1.31997763765933,0.3277264166982565,1.3417902301275282,-0.040479072547177315,2.096716845816784,-0.20305162180383823,0.08749037171911399,-0.07698508686773363
2.3559808542487324,-0.20889201833537394,-0.2716399884855603,-0.5828645944391727,1.9268421239416311,-0.2948643737950392,-1.1820240387824137,-1.0741109891708296,0.34129152251928574,2.5791518652053953
1.6533156824205073,0.7858847127442596,0.08128319151076625,-2.345844380445268,0.10474438808337762,-2.1798554497170364,-0.8205940715831463,0.6685068788791145,-2.6220006042221087,0.7389808704027337
2.5085094698538524,-0.6813237642339285,0.9762443438927735,1.5678398702374767,-0.02379290995665297,-2.195168743138406,1.2106279105848448,0.108586865759361,2.3658290677890577,1.65092842291803
4.160507128389857,-0.1006743487163241,-1.0569003527887944,-0.1786545352050462,-0.17713360127623015,0.0464690480701188,-1.5446809308050105,1.5068095378520916,-2.3087341917168738,0.17902430914685324
1.0252397811150917,1.0807663808316479,-1.5024712577651254,-0.017887323047777706,-0.20862086823672182,-0.040816465011901816,0.5344651819611533,0.28040812438708185,0.48821953227206516,-1.4601746684376113
-2.2565007649995037,1.7525494756724485,-2.9487611037725308,0.6046186553438614,-1.5587152324750686,1.574393895001793,-0.07089318349699635,0.7539144931916116,-0.1776505124629511,-0.42122412494490225
2.805168984302713,1.543040031120693,-0.7065427284044362,0.1787015709804046,-0.860390369111476,0.22892805993321694,-1.0099819822410911,-0.26343489392537,-0.6135107343754905,-0.012663354158544702
-4.3071126657782886,-0.6697950161736126,-1.5483685616345713,0.8569981862487688,-0.3085633685202257,-0.6528214985587129,0.12436773768987616,1.4029034692766273,-1.312409013751598,0.5189429908895054
0.20411110538952879,0.42202934696011285,-2.0843738327904373,0.1355976516681071,-1.1746515077412643,0.5393817072747323,1.7964599950102753,-0.7988917857250526,-1.8384892126001176,-1.183903757936234
6.472648912752199,-2.4623750193856266,0.5406532458449237,0.03915312374572216,0.9086503716192106,0.08728658900508998,0.8683407016936822,1.53391885193323,0.9238185929615146,0.0299922865971493
0.6665721543195524,1.7768508043971547,2.4852151693124185,0.38505520550449374,0.9308446887857642,0.9170138637302852,1.1482394870141992,-0.5610891963606373,-1.120183075207764,-0.013933855303138863
5.380173016551157,-1.1071349545444167,-0.10575424840255312,0.3790690746355738,0.44678663206512886,0.23184782539844692,-1.580996106273373,-0.29202745082939935,0.631729681123456,-0.7281337178313549
3.497903920017943,1.0610644782863385,1.1297357986607044,-1.9918755641637265,1.9575764367986555,0.23455650664639238,-1.2063919174003426,0.5044839473914362,-0.1389573902934333,-0.20174626181827174
3.4535985999533967,0.48330259795147373,-0.10061729056842218,-0.19819653116327599,1.2373633466253884,1.2542173178161298,0.25725634391259933,-0.5941824468439353,1.8893184499535376,1.9337775909101405
-0.014459381029735737,0.24070878030078527,0.6160567775266879,-0.6755780049351028,-0.6376858858164057,-0.6544161895476841,-0.43036629187064035,0.10814108670716553,-1.2800885929005594,0.6667645550052672
2.410431588579283,0.7002784298176835,-1.3639731902195935,-0.6555211233512013,-0.03623550660526092,-1.0221642177275996,1.793946885692384,-0.16381887368889483,-0.42159023559963976,1.281600098774443
1.3123422371172508,1.1216185915888208,0.07199931494922404,0.14358982086293884,-0.35017958275181216,-0.3562003581384719,0.17059593926056033,-0.037609203714251915,0.6541183641444787,0.39970750605324634
-1.914780767632506,0.5420452622905678,-1.583036941889177,0.9928210955747557,0.40349255342508933,0.3606922049826223,0.6763814086944349,-1.766437821997882,-1.7313890227350939,-0.6683081582417536
-1.3851504808520672,1.4884564627028551,0.9683530349869428,1.0515565968123675,0.9363195605141039,1.0301633258896066,0.40068307289365546,0.2966717967564373,1.3275794340935594,2.0385242946442332
2.313219080708195,-0.15779687952912808,1.1989115296699004,-0.2304715816522846,0.4167342324142265,-1.1675270211786615,-1.7744685523699297,0.46944209323166325,1.6671443357220397,0.17764340916812132
3.0728874366910466,-0.8203138917971995,0.43671951273211623,1.384258551966918,1.7829706607969693,1.9909441019793463,-0.0005848549873572001,-0.3054653998014855,0.29230041533755674,0.46673480590588723
4.806205986351346,-1.5682667600118756,-0.10210865798027667,-0.6976420980936752,0.05940347242077917,-0.8601765713863533,0.900793786664496,-0.8337572981716121,-0.43387346855152675,-1.717331484232667
3.6782212273515973,-0.2841904556785897,0.5042150975912885,0.5172061141433799,-0.7430015494219286,-1.155424464097257,0.3242536231273118,1.0377598945177078,0.1947793575595775,-0.21500131968985275
5.252728111562894,-0.758457043825864,0.8057642668260113,0.7388562917322273,-1.7937299373690576,0.49401094994423855,0.07119752471731412,0.04226734329373828,-1.5590493440252424,3.152195920729915
-4.359164721425504,0.351632875800339,-1.187669563967079,-0.5484210392255964,-0.8725351846683467,-0.6127431042129831,0.45965381855434584,-0.32314900810729585,1.074683416706173,0.17093135876965798
2.4684917770992683,0.8067578569391027,-2.813408716381766,-2.811674828697749,-1.561245432170832,-0.01357725652354704,-0.46700669963435815,1.1744146302957366,-0.02100682201726116,-1.3357705868724192
1.114496708372153,0.5796211203784373,1.6498087874806808,-1.1173849199010661,-0.5350474608630617,-0.5035824878757025,-0.013639896976626804,-0.4361446277762551,1.8207691910085415,-0.8357711951695219
-0.10643898916349621,-0.9675846756594478,0.6257596365238404,4.0284545316991425,-1.348937303920739,-5.393485341571671,0.996391637295625,1.2229626173662713,-1.0850165694663756,-0.8877872934289778
4.655353435469919,-0.8509427780428049,2.4503191702954212,1.3518774391178223,-1.0947857897407474,1.1247281334853914,0.3932206054828235,1.2238469720107057,-0.42373480899744825,-1.9010355537150274
0.6001237841873605,1.1535466210831182,-0.1612616777752135,0.5226628083286138,0.9718708823353028,-0.22639112560791472,-0.6820025995806364,-1.6339699148754616,0.5503538991402301,0.44021665711124197
7.957442224085253,-4.1795244263079745,-0.10482714421810994,0.4101737128752931,1.2023370851894442,-0.6317374010169389,1.2544926764082047,0.30350124710181714,-0.4121187378702826,-0.8114524757551054
-0.05205339543418356,1.7095746191346954,2.971708923564141,0.8538928908673097,0.3006879765454062,0.06997769553067967,-0.5504466751267297,1.2028476348409163,1.3256752105952694,1.4611224753744683
2.4242511611529913,-0.13758587454589685,1.120043346784104,-0.22006559072439033,-0.8435532750751366,-1.651899105643786,-0.3565588277374296,-0.7064620026744383,1.6079383615045844,0.334920931348216
-0.4038578237121185,1.3435313924448815,0.08692696799188643,-0.24981064534706685,1.02624511422819,-0.9158606059074772,1.3260392717547251,1.7269564515584281,-1.0285981615573252,-0.6982295774566856
6.328247962426621,-2.665956874258159,0.7808618937082985,-1.6948109938968867,-0.5741238028942939,0.335024776755682,-0.01134286102543278,-1.6620062553822055,-1.1443888183678805,-1.0151522425910702
5.163311809985145,-1.6842769023575432,2.3214593764092535,-0.6948175670334074,1.3036859099960647,-2.234316575138349,-1.3272138725912643,2.0981030519789057,1.3378168225686704,-0.07607433249766814
3.5314451007217618,0.13166905400575524,0.24102128422192348,0.38045967065456693,0.5763083298881628,0.9759506253299114,0.05645624962140233,0.7953155604678385,0.3364927828398725,1.7506844181511645
1.417353881507162,0.9992820802294466,-0.6358953637662825,-0.2211714886452886,0.24168503535355268,-1.4921617565473093,-0.44087696212162875,1.5536259749805172,-0.1689610476891466,-0.8490580344574536
-1.4039274779706363,1.0614054223144072,2.676031083307496,-1.675228919418305,-1.855843746316818,0.5820027690564145,-0.008081179034947634,0.8138430988080582,-0.2398538470652917,0.41469560398631483
-3.0770458148034043,0.3419605417931609,-0.33047441845576997,0.7844577379403326,-0.9365020620614606,-2.674147438102987,3.028990820987957,-1.3662789504917436,-2.4420197275072675,-1.2335370378954114
2.6309588919747187,-0.3629875684012997,-0.39261028485874955,-0.5770367840334528,0.5652895062339929,-1.6121324163644861,0.15408721808041234,-1.5223341587844532,-0.9925173410943329,1.0158096873006899
5.363764013188532,-1.8161913572320625,1.840393997413259,-0.3144424785400187,-0.919232240345353,0.08244974848100305,2.190656813117641,-0.7748303736851543,0.289495053879531,1.7128899916641203
7.682481927586739,-3.2459435232479588,-0.5026588434186016,0.2859430089363284,-0.5565364119855427,0.8018790217175009,-0.5681332604743992,-0.15190721430124143,-0.5079044763452044,-0.6353961515882173
3.8786262675397176,0.002190560401519403,0.674963037483199,-0.8068407578218635,-0.2852392924070454,0.8269030744809192,-0.9790073363406214,-0.9290684309044038,-0.3284172326567282,-0.7334072314582879
3.821350379106011,-0.9064425895126267,-0.2728568898132739,0.5528782119849858,0.39663640108967313,0.5806860049621053,-2.487500772883228,-0.8979433875457149,0.8876876587694892,0.4118927117899621
0.9829333222384237,0.999787625344865,-0.8923091124357245,0.28591960618945617,1.89734385489267,0.35923772262392206,0.781663034877523,-1.1521263972058908,0.9161164885091687,-2.17305626718951
2.944901880442592,-0.847329198452106,-0.21920148897189776,-1.4549294414693945,0.17185228381386078,1.523811657334139,0.5200309956629698,-1.5154910846995893,-0.796986224348333,-2.2478570455949733
0.8492723091235934,-0.12526385871952325,2.511948495848097,-1.4873507533338912,1.0763386400525525,-0.8034056855020323,-0.7977550481728269,-0.5128324445672601,0.9443382968740042,1.1019403690941614
0.028105436176119783,0.5789337606868852,0.3740270467591725,1.7160402428231898,1.4731050799865073,-0.23571446384955508,-0.8048920898874461,0.7873603860154466,-1.08476473718649,-1.1635414840121292
2.7462769282275596,0.23155272865679416,-0.3749658967958366,2.135884038350932,-0.18404067220889656,-2.2790823390121386,1.0232243351813233,-1.311288760596795,-0.5297619416583745,0.3742084107216694
1.00568794555454,1.4889714348058583,-0.37709050093420526,2.296577492409612,0.453522249915512,1.525867493578591,0.910528755689316,-0.4422388847196593,0.5686300867060164,1.2722078632409226
6.625779105121797,-2.375046158166409,-1.7628712207263468,1.776068296026105,0.35950520504619127,-0.48006305873684396,-1.2289688075121845,0.42943403038904276,-1.0149977430972632,-0.47936610104177607
1.1903441059953945,1.0717699364974091,-1.2202258399494759,0.8750734881417466,-0.016374332699717963,1.1266177060392815,-1.1722953055728418,-0.12519522551865386,0.5393586430785979,0.2864454653129641
3.5714840921125846,-0.857083168698892,0.7927871327779357,-0.9415718301081164,-0.6373114043592011,-2.0713742155386328,-1.3723958410648083,0.19864474249563416,0.2270580714372799,-0.5070942363055863
-0.9133051850776388,1.9198520597294244,0.3622874930937581,-1.114878622569342,0.3163236500633817,-0.035613783415491866,-1.621809142913257,-0.8370644098339199,-0.9003676178674846,1.1936814577092079
-0.4323722409298068,0.7448974479583628,1.3720098046480358,0.7387859332220329,-1.4858150184110737,-0.6507190425508373,0.9219831373168113,-0.9676515942506654,1.4840409008324438,-0.23497343799880688
7.620171747170757,-2.819219841360451,-0.4009771605210294,0.45873625820936914,0.22202273701016095,0.7309653538285099,-1.6498523130918257,0.8472459251970397,0.7967105070515187,-0.4928247487756011
2.601222112693034,1.2151452753389804,-0.6602914874954136,-0.02098674327770276,0.9985484049815557,-0.9768852223338854,0.15468013295009453,-1.9293676755378313,-1.2249795157038719,0.029128808520663463
-1.3825559562046843,1.5696177488966805,-1.5039411242511207,-0.8108922315284419,0.8251120548798292,1.592433695944725,0.975522025781121,0.4103542130449634,-0.01235244709579763,-0.2463004996247217
0.9025190720903343,0.573030567339692,-0.2508233693400319,-1.6766373141820103,-0.21561540214964392,1.4436061013880936,-0.5276217120653834,2.2853207416116605,0.2607648781067964,-1.5185599650845265
0.27754591370059517,1.1520608118119633,-1.1576543787601272,-1.1466703844600477,-0.5505861016908453,-0.28326999521229024,-0.8241020018618889,0.1306844963092552,-1.4552181095057166,-1.2700983700967015
5.491250062831848,-1.7877728549986414,-1.324593826175219,0.3846696566606158,0.826798187939177,0.4765903311640208,2.4055834146226633,-0.8735509298816341,-0.46555402205306423,-0.6473736948487581
1.361609349616697,0.19208027095755345,0.6639056709584147,-0.1531778061536538,-1.2354506927671396,1.3668277973824234,-0.49804301540042456,0.20755875642886273,-0.5824463776584135,-2.7217876790435045
5.57850711627074,-2.0622149697040157,-0.2705716667469327,0.26649662653210704,-0.8904549802810302,0.2272422558234258,-1.221512581019736,0.2834048427170196,-1.901926169658226,0.9909592629926648
3.4623724209390536,-0.8420892305321181,-0.018666714727820062,0.791002375568401,-0.27239245940060675,-1.684561948450692,0.19925429239978878,0.6401862724729027,1.0919926007525653,0.49377550091855593
-1.859457225636957,-0.012125153173424604,-0.8780614706156981,0.6594793158857568,-0.960356612938561,-1.3605669781961118,0.7021304893278517,-0.7047345142762498,0.5783934549120744,0.6545239471843898
2.6004113221002574,-0.19503136528960932,0.6817399353582485,-1.1097931505208536,1.9199862526374492,0.2719147918865837,-0.4512835756264946,-0.6851820784394341,0.6276676131346899,-0.43077675683306116
2.2814852545375506,0.0658132463769961,1.432032347803862,-0.3885293586343994,-1.7116236771665092,0.71275931966853,-0.6984662514846475,0.47466800844368223,1.3628946065580805,-2.5312136169231434
3.797572524694693,0.09862527365447861,-0.13698210392489046,0.2568599921465381,2.1248424084036044,2.4947511355702394,0.6195407381419533,-0.7093549834620274,-1.3410664970928008,-0.614514322329793
3.1129105779590116,0.1358664545759925,0.8913576441511446,2.3842510340385856,1.1418477223795849,2.5500676295001115,-1.02770677245605,0.3806142971367607,-0.09260366708007381,-0.1764196355825804
3.829170853566129,-0.4625663996007165,1.3830238083754596,1.5348478703929487,-1.602483906075685,-1.5963111137724955,0.21823967172258807,0.12157026631435722,0.6536347124732219,-0.7622445348260215
3.1338425625411306,-0.4012122738069204,-0.7207665043831653,-0.5445767133139411,1.1325372849354942,-0.21007594661377,1.0979879509912447,-1.9674179951381998,-1.360387459765745,0.6339429297145226
0.6049545224151827,0.7401164243490214,0.24525042176547543,-0.6645313434374748,1.7679385496593771,-1.358858245599459,1.0227483199951317,-0.2864509330241053,-2.1105003099971404,-1.1458674006148337
-2.4639829227363053,0.716802048529585,1.4371301722359322,-0.03247715610934074,-1.4382661597019886,0.4145297557819666,-0.9300092056002254,-1.7265643991068413,0.03183073924655793,-1.9524804709897325
2.089152363582463,1.3022186107005729,-0.8334266439721848,-0.3153507832423705,-0.17225335473986925,-1.6804491184023163,-0.7171446655532273,-0.9420990821876073,0.40563985820093607,0.03085500375002413
-0.7269145790144921,0.6082882505961286,-0.48531231850318624,-1.4329618959837662,0.9131727559404299,0.7539679010896797,-0.880426368463564,0.8568846033731841,1.5917122902100713,-1.1837959121533728
2.635924801506139,0.2459445967320186,0.11229051066636188,0.6754287874224192,1.3281674135163866,0.9894858324506132,0.43076777279220957,-0.8923660233228755,-2.1947779032703303,-0.3923806941763308
3.9511605029759878,-0.8159287241617001,-0.9560172851241486,1.2157330962862127,0.9480316141040458,-0.6613688728823603,-0.027454527797061104,1.45257328282868,-3.34003309725951,-0.6907353627110727
3.2393557805143716,-0.512138403778252,0.7869538329911537,-0.013098257914974225,-3.4025024037294864,1.1988867436943738,0.025502332972105114,-0.7584251566601006,0.22339155225830767,0.9807871856430426
1.5143369491635477,-0.27896249710964993,-0.4664794244712933,-0.36002788422753734,0.6152867001536511,-2.9186235057503525,-0.6793993602254624,-1.408669641203775,-3.430948304258441,-0.8567203298715402
0.5730038055251154,1.339938209535531,-0.28039972854634376,0.6022200443436857,-1.5668920713472196,0.7292514923880481,-1.823263342251175,0.4565384303515918,-0.20661053674935242,-1.7495411233693923
1.2219958042028032,1.0623676578416683,-0.9706732543392577,-0.11797266986420733,0.6916340948424595,-1.4975602377976611,-0.20620500092519076,0.1311874564579862,0.5087604502053971,-0.3138371938569908
-1.6644318345607243,1.8667077554407796,-0.6111287463419957,-2.4479772734986307,-0.6087074349202201,-1.1886765732945437,-0.8602425576649648,0.9489743984451181,-0.9483848854380404,-1.04957378253787
2.8478261748211753,-0.7924525246107973,0.06842728479454661,-0.3272488935701924,-0.18966547675015635,-0.6998322110750483,-2.187703825464741,-1.6288613147505138,-0.4107182732435033,0.18571922539828845
3.170020391880666,0.12435871719524594,1.3945111111258581,1.6525466411314147,-0.4676973880220712,-0.3796810068696767,-0.031681129074096336,-2.5347464311276844,-0.32176975154594284,0.2665086108457638
2.096090889156182,-0.009524182258603991,-0.08042998055877291,0.3434822381926841,-1.8590214026621907,0.010691369545047567,-0.1438462559871705,0.4820412059062737,0.2160515975877561,-0.33196367129661636
6.330398494611315,-1.7105638338404008,0.5772428391233255,-0.03753046250705695,-0.07954822544018512,-0.16693295759618137,0.08959763132701075,-1.1732277880435693,-0.5405802619414621,-2.0323498260889803
4.002665261281602,-0.5525306784622137,1.6649808336525258,-0.29698936095218625,0.20858279742283348,-1.4762230095393272,-0.26506180004446583,-0.9891616101430941,0.29611112574982545,1.8657293050137709
0.4799478387114082,0.088717293316321,0.7744033268943427,0.23245131538537622,-0.23080775637653966,-2.062817886905901,0.24253486724303397,-1.6752596940857787,-1.4698829454641982,1.6126834778432226
6.0254515171561325,-1.6818397354302108,-0.11179478324581119,-0.2154318966423102,-0.067334347320954,0.2887524514580674,-0.7793095516154273,-3.2893570058243777,0.5382584816017925,0.3390875863886572
0.031288513188608924,0.5160564538698339,-1.203268960806155,0.47685314893600633,0.7911586942645664,-1.149360991066774,-2.281190115960401,-0.9664975445693254,0.48020950145107333,-0.4701859407230856
3.7622897755044176,0.41290605984218004,0.7837733812734887,-0.6387402810568625,0.23238465645013343,-0.3484367044622172,-0.5845920685230037,0.8492462704221971,0.14590592806667935,-1.1749790140735705
-1.7190613917338247,0.9541453011877412,1.868727873363532,-0.09140939705431166,-0.8011394822132166,3.1768827342356345,-0.21066033604399487,1.3359374906525283,-1.070383072401708,0.3423708450022309
6.265148977353657,-2.2578346508731046,1.148273575623087,-1.7264962573622185,1.376291861751233,-0.20785296161806407,0.2993999249073992,-1.3622525717673009,0.20108855456116162,0.28364800992498007
-0.6009958658250006,1.0153306232920452,1.500734682194337,-1.3646398785207456,0.3788922421433089,0.48022839191629046,-0.33540266475059527,1.73174586941419,0.6004512646020658,-0.07001534097172207
2.971309758265274,1.1182271168683864,-2.741834137257898,-0.5438036279414262,-2.331387925659622,-1.3993595585323517,-1.4448569278388828,2.2533914386522413,-0.4290260735382149,0.7059768954319915
3.502006626280349,0.5038882146762191,3.3195694939109117,-0.7511006391836146,-0.2894747480610905,-1.436700951954199,0.2409017036067957,0.21621627032775995,-2.3010110434927435,2.2973480026691613
6.526046643099624,-3.3894197629138425,0.16943374706333536,-0.5570177681258319,-0.6938404809815035,-0.7145419661256895,0.32034143369412865,-0.5883440873288601,0.9777274566592025,-0.4404443603034519
-0.31981463087863493,-0.3337407108122598,-0.6150360217950427,1.2722106188611784,2.350525517840892,1.3128431600710841,1.1121579685863296,-0.4341222387027544,-0.20030619057153495,-1.002727194951256
1.9925527067136977,0.06313379635436059,0.3148992881221264,-0.37974940537221835,-0.10943919593707101,-1.0860002765334105,1.0829195350417893,-0.42713128184044563,0.47256393492484916,-0.7399628871239801
6.765109341377836,-2.901843419441128,-0.1874095865982473,0.36157119048300523,1.0503211075098715,0.08648912685873958,-0.470921954333979,1.1642454323825464,-0.9362717043261386,0.5157835115794185
5.673158888745692,-2.0330899520133516,1.4763821405425603,-1.0526600145144163,-0.5249724874734139,-0.7219179834572389,1.180134868225825,-0.24150456948378987,0.2708494638813144,-0.7781155822255847
3.9710302380954854,-0.3580618702954847,-0.34391058657624096,-0.4819554252048806,0.9363495767171945,0.0853777005231712,-0.6628903082595495,1.124383953190623,1.0433971400090787,0.594063211176844
3.8791334436056037,0.4097455792560945,-0.030840186248985768,2.16578502748664,0.29604698987771205,1.1922188073244324,1.0086116409283774,1.7593585879394011,-1.6459705575217567,-0.452890969171844
-1.857735096000796,-0.8532852326540205,-1.0318764389806896,-1.0917365409590174,-3.027653001752721,0.0908949226759129,-2.346086017012068,0.020497988239533527,0.1991601250209439,-0.6503097478158344
1.2303902390681807,1.2620494707266583,1.211346822754085,-0.268712174438482,0.5220801089339282,0.6464373755150139,-0.860425341805443,0.45947411787309794,-0.33202431324670156,-1.6094369464721314
2.026784857904829,1.0682528766874204,-0.8694908532598736,1.3234091133039787,0.48113285132589967,0.24253570458100837,-0.08734305186277432,0.3668384054887494,-0.054140802390985426,-0.4845529110773386
4.435903404096067,-1.3233226423040856,-0.45859954568224004,-0.41228063055194614,-0.5901579708375485,-0.8844544250973811,-1.3101572002091295,2.3232744889092323,2.20131423590529,0.2647106763766073
1.8191227987097416,1.2628642376243366,0.042756516522736064,0.12135267100148593,0.10641283477273301,-0.25263782688689657,-0.761806015267047,-0.18651111363823097,1.099453912872061,-0.20912906419836907
6.0415322549736254,-2.184252759383604,0.4750894909498697,1.2213711994184828,1.6288706431367383,-0.5526014335777341,-0.6033269421059387,-0.47760151781800125,-0.40684656071365255,-3.2816778309079924
5.004855955891513,-0.8053987653604447,-0.5283803617766994,0.15091645301590836,0.11698932152263725,-1.0148966070496745,1.3040707805975311,-0.35824644368243747,-2.612304665572967,0.5002983806663163
2.921278528391733,-0.8858334911184046,1.290736174648163,-0.22777986506230138,0.8774972615283719,-0.4371421426760671,0.9862201371247423,-0.012913701108759078,0.8322772088819281,0.10156292543522118
4.1858233165506045,0.26132795554754396,0.8681745974847254,1.2966632391737292,-1.559004779321846,-1.4157741467220728,1.1420373301244884,0.733800482904321,-1.9798025162595807,0.3223363842710664
5.2589800670989515,-0.004042811167923817,1.4326595925633454,1.1139149063136615,-1.127115097426209,0.12221309928640793,-0.40989474696216666,0.029599395006374117,0.6105834756031389,-1.4538816946931792
3.1061787536346004,0.3254710708833519,0.05762098996353465,-0.5589541600567559,-0.2229924775963941,-1.4938696386099883,0.49213277467549643,0.6133529022509938,-0.3531581782604623,1.6588447680582894
1.090887559971968,0.8932568034955402,1.3573569436475243,0.6900211701495734,1.2389738377167778,-0.6810648627358582,1.4145866532730773,0.49063606124243203,0.38013541968988807,-0.6088231596016602
1.4164409008150047,1.6163153668693218,-0.3958674152772243,0.9798522683597236,0.08735151541946158,1.3833825221355307,0.10050816448357336,0.5741262281859648,-0.0930939714330817,0.9384231863081023
3.4955118618166137,-0.6528342688442805,0.014717258807533218,0.23113347865932235,-0.04350623161237601,-0.4782977139885561,-2.1247409993958484,0.3534766406002509,1.1234696412715897,1.4332262700190543
3.801763637257226,0.24939875068165104,-0.6110584030813523,-0.10443016761544338,-0.029024458826635718,0.8524385359783204,0.23978370098156945,-1.1300178733031139,-1.684714242599615,0.14721123886787393
-3.8869416865986546,1.0996547280523457,2.0115671455002113,-1.4357871048642323,-0.041418917949582995,-0.38186118454603296,-0.49031400303572265,0.8404323687184064,2.587322923060416,-1.8033825771358905
1.0356388575975308,1.2914610842145364,1.4619021253979863,0.9097737853791805,0.17499505340743055,1.1582217412451081,-0.5886793654450709,0.4422264049794848,-0.917104823890673,0.6454331154447364
1.825465756410215,0.8436232999550685,-0.5967682356584302,0.7324674594305594,0.48794350853776813,-1.5236677583687086,-0.49972061594847117,1.0128350251277414,0.010650123032963274,1.9400549155957094
0.7885938062088679,0.751392405432729,-1.0573901066472757,-2.481895417977944,-2.1885092108610555,-1.127383095637653,-0.7694821427553661,1.13463823111758,-0.7934920430295663,-1.2880096052367196
-0.41894465359616834,1.5360476819721802,0.5323425716018282,0.4561922328069812,0.13826685285023757,1.1053798856661678,-0.01571445691211574,-0.7985994513291187,0.35606134307683096,-1.659197585888359
0.8293944863587921,1.830991516152716,-0.5272608826754402,-0.6990655827168238,-0.9625664007280788,-2.2165553608868724,0.9334810526295535,0.33149710402145033,-1.246342770615872,0.13034279263690737
1.7354861715675238,-0.16566198289938244,-0.8576811944003165,1.1352885465398277,1.6011837260809518,-0.7467219464213428,-0.1173975157569208,1.8212185865032116,0.6010868681679614,0.4554247142830819
4.291619768091064,-0.997112378414563,0.6594054594508408,-1.6451508944771083,-2.4802041667052377,-0.6275918057332653,-0.2752316002718125,-0.8108492761330617,0.08682628647947979,0.3699789439974435
1.7684876207652058,0.5150141047841252,0.8397719934826714,0.2902269935146884,-0.13005965462134358,-0.7654088475766867,0.7449784248551348,-1.1096725588194352,0.5533458770358344,1.7834768226008844
-0.9402398387233962,-0.35949403011031855,-0.7364232792067926,-0.9191364020973023,-2.3076162207126747,-0.1407113730209081,0.07480470328092735,-0.8945886649012893,-0.013647931238137298,-1.3819465060726994
5.854835297822283,-1.1554749069056145,0.09676834082221161,-1.5662317045134038,-0.7345453714687445,0.02288961106093063,0.8337322392581678,0.2541020212729692,0.8228473465038596,1.65176209905439
1.6449652383897198,0.7573379283474242,1.211406040741979,0.9326471501299913,-0.10313712270032155,0.5496696364677375,0.1119473247033366,1.4547406940645171,-0.7559618024389982,0.2677684660846392
4.817009458667399,-1.6505724498945076,-0.16437233745021435,0.9358612403636408,-0.6635200896972243,-1.0773030042745362,-0.7694641771100541,-1.6994876408250532,-1.2270146578151067,-0.3966755488678126
2.8323307353011598,0.7380079832480743,-0.37720546158794255,1.0886254562177398,-2.8989388794942395,0.9770900439117018,1.695322926897549,0.16839831273385458,0.9409338587380482,1.8787962467307735
2.2748175689135985,0.5262328525052842,1.661630577992045,0.10416677602661585,0.49174584062364635,-2.164092106808389,-0.15711451613512448,-0.16193007121479439,-1.7983533001435423,0.42422601080385847
3.5270775450213483,-0.10422963948184924,-0.4553593061558014,-1.361876393327283,-1.752630793668298,0.8599930235710342,-1.4388482012399397,-0.3721004321429661,-0.44688848660836933,-0.2632989156806018
4.319886084860886,-0.7189050683838045,-0.41712081158537345,0.8323456646754893,-0.17598810235754073,-0.5711055422074761,-0.9415312440786768,0.8036005154667066,1.1833640092454472,0.36414873664672937
6.1268746276295225,-1.5692918677220713,1.3608211743385277,-0.08309335206510385,-1.10878543065645,-0.38142043983379087,0.17756334933670623,0.06128717959949209,-1.5241147487809952,0.38735124347602096
-2.1863616212602195,0.7309487186887819,-0.39430503788833593,-1.4624148246821667,1.1966611198901071,0.7977965766485032,0.16365921250088775,1.917784971087622,-1.0821653604591976,0.7087571146206619
1.1794031349422032,1.0841157149048248,-3.5002224196103384,-1.9237857315608549,0.9829346426481933,1.356185353065814,0.29912332808232234,2.8908320244127768,-1.7457668222728708,0.6999358880088764
4.858080022223984,-1.0216178412115868,-0.47437930899395997,-1.3374529224336207,0.6952120561920392,-1.4706481924931463,2.072724031558955,0.2746148891627676,0.4867601332766051,-0.06360358493106286
6.211976067473815,-0.6066356375225821,-0.04408319339430379,0.04641038945619403,2.0323103263944446,0.0342951238744068,-1.3450337214122425,0.22896345983320396,-0.8157658862221622,-0.22294995922948058
0.9301679789917381,-0.3022605305531381,0.10105446098464634,-1.1933044335156415,2.4737910859106678,1.1855379501114878,0.4626905247462746,-3.21116354273333,-0.9200677187736301,-0.3015320872633743
-1.0331925548896426,1.9065006321831017,-0.8562134757477874,-0.054379333344933604,-0.03828247875240743,0.6474937230676155,-2.779836686452643,-2.262477944559494,0.5079101496785733,0.854718918949651
-1.136737829929923,1.4709529412792408,-0.7992252958143238,0.6683052710752323,1.1524812417219645,-0.9488043994418871,0.2342202580825803,0.9326214909909808,-1.7312674664695031,1.5591514088687868
5.089102137175499,-2.322966302967914,-0.5998557408279457,-0.4208001886320153,0.36958474877764025,-0.5340931472016563,-0.605688488287795,0.20827557929898166,1.4510760811530787,-0.2886831136784284
1.971436964863337,-0.5495357445101787,0.5770296990399365,-0.9076078258585424,1.2911067602998683,-2.2362676935430637,-0.7273107070482211,-1.4719097125596188,-0.08872213900784891,-1.0825020353603296
-1.7159743065141544,0.9754001821148883,1.1719677380704507,-0.6559285550935811,2.074745313489979,-0.7914589013487136,-0.7460322528163809,-1.1994734798956488,0.29272119408405445,0.45293973058243303
1.6855551974772387,0.7517436363971568,0.669987426718673,0.016371582938308555,-1.306549005079699,-0.2636231058950415,0.08810388789189284,0.15905503185480052,-0.891394709822663,-0.3410656045251103
-0.3055878538749551,1.2628311257079223,0.9392497180859354,1.8959143512213987,-0.9265725499701278,-0.6150157573248695,-0.5197650911594349,-0.9015016754168641,-0.3324251112159891,-0.08131374555007852
0.6111351675113145,0.4634437062329186,1.7483957753031498,0.9644942942697285,0.7066019146191548,2.10300257240113,-0.3143815174858479,-1.059848426093959,-0.29911473286119583,2.043376321623507
4.017228325575787,-0.46990763068806535,-1.000583777298906,-0.14493846347131903,-1.8016819793235497,0.5515183818212646,0.31745021299375054,-1.65088993751306,-1.1814690436666324,0.4028233983911909
-4.6172182525796535,-1.0082612415096226,-1.5206368190533364,-0.7769692043037638,1.7839051268571582,1.1714980114445657,-2.2093770569797435,0.8350273003010311,0.6597318399303089,-1.4486829958963428
3.883150350881151,-0.44994940441034714,-1.058578785409251,0.643700548344274,1.0463580887755157,-0.9025609505653679,-0.39875172724619756,1.1274074860318244,0.007870911358047475,-1.3740134884744335
0.9553263636861862,0.22657839407986483,-0.3018320272886964,-1.4349345268059874,0.4789759199776699,-0.5450424323596278,-1.2180891802523341,-2.1758649992855847,0.9406777517662549,-0.48727325570611446
5.256789175162012,-1.6441903736656973,1.5513729908481555,-0.2655087490157315,0.23655319514530548,-0.4556294678112414,-1.1069672080458732,-1.7223008541892237,-1.4471153874330802,1.1457898546994203
-6.293313346590056,-0.2164063568874088,-1.8661952698683222,-0.28490706918090325,1.3118023943645785,-0.17056814528037334,1.0590874189227328,-0.9958691113603221,0.3846748573681262,-0.06410466522639
4.305381159918146,-0.411258528020727,-1.5553620875326368,1.2351601910864696,-1.1963189383330914,-0.8352409461300405,-0.24738091464588816,-1.1296419630869277,0.5591863569878247,0.3608122893285074
4.5863338489850936,-0.5219349181911878,0.42446606598348324,-0.6876165221350471,-0.29357078188090935,0.21697276644036653,-0.26033434733607597,-0.7753420907070717,0.46581832515807714,1.1558339605429444
4.594362415448997,-0.26942022560030027,-0.6379361986361958,-0.6691508183226635,0.7538458900851941,-0.28461770163685096,-0.23388314575930483,0.24366621777252037,0.5594079237281921,0.9208927625374685
4.909187369957273,-0.9854393618254438,1.4209695162560239,-0.3288462878615391,-0.4305836962356375,0.5671707624222597,-0.14346923982449314,-1.459946250465293,-0.4233453209783529,-0.6756677187003158
3.658596537860784,0.09491031276996267,0.3893811604940252,0.24711378927834407,-0.3812107732186011,1.4542779982816532,1.4533105728102431,0.3395857764738185,-0.2730238951496509,-0.13545190209812233
0.8446683537421232,1.5026075781304935,0.19351001537925638,0.413123517334466,0.5318780288024765,-1.4229778024129907,-0.4890601937991866,-0.01323681804342057,0.14594501705391846,0.348440340004834
6.245424854718873,-2.5100324757773813,-0.6093073865158406,-0.1114126218984389,-0.4120885665241289,0.7249007344318404,-1.5694803181778652,0.4474126752598897,-0.804816658492526,0.0984501885315362
-1.0945820651464508,0.19054159832621273,-0.39323611904536954,0.3689453575800573,0.6374614064543634,-1.2149110866505761,-1.096211141843405,-3.1934324137430896,-1.686485559021361,-0.2744061291925254
-0.48508305992967937,0.8968127225432619,-1.6564576088970488,0.3904270972635927,1.7566739997088174,0.8032777544587224,-2.361456956572743,-2.0196219277976217,0.49386164268835636,-0.477399565121269
2.007118421838046,0.7722122266956974,2.4096756420382164,-1.5608525911131064,-0.06406998738278277,0.6707608305927028,-0.32765010852479687,0.9980610199269165,-0.09892271338644071,-1.719626466683424
3.8801860399224157,-0.0669452689501761,-0.15596966541944302,1.3430226073656764,-1.5549458412409034,1.6974835243331357,0.698095341288817,-1.0540089650954316,-0.3025740193341268,-0.29710532691350156
-0.5941154237747855,1.5223198869262502,0.19110838048055162,1.1732022542226093,0.3095912500464678,-1.3543155113208263,1.1744519178961967,-1.387712161751203,1.241481821324884,1.050277401538886
3.647104156193563,0.19498846839901848,-0.7623556405230985,-1.3724124972581768,-1.8953768529375594,-1.172944062067863,-1.357144833602854,0.7546973355719806,0.09637682092274809,1.255194541019089
1.977950410979786,0.7487813719042269,-0.663010602535414,-1.904794228792596,-0.9980743730605095,0.001295110232361181,0.8305417447641689,0.1789000964180622,-1.4976008697064251,-0.002778224125379715
3.245340512503893,0.128333982390709,1.0515359589627977,-0.7667167135641978,2.6297653606914015,-1.408937131705951,-1.9697289505142268,-0.2272519034220886,1.8962726555677134,1.0118425165993934
2.4915379117569834,0.3941007436605139,0.13450339033923953,1.1300933861145495,0.6749071087030981,-0.268109868877389,0.21486868910114437,0.26538191088438495,-1.055428942550783,-0.45372635445915577
-1.0233601303512316,2.6079093034869203,-1.010578579866464,0.19171333863958567,-0.3265542275271415,-0.7691604488412965,-1.4169125425242726,0.7438380067273026,0.7293266813031409,0.8625385915060304
5.234268896766152,-1.4856451388145124,-1.8415827477117155,1.144075645007321,0.5440328786129299,0.962436053693431,0.6738043132265918,-0.26991519511601203,1.173202886514588,1.2198719877635638
4.1137997991357125,-0.06655761785413873,1.589881804997516,-1.2784756508718473,-1.9457189078589388,-0.4152423145886931,-0.05070791278229069,0.8105534157554497,-1.1487478459025853,0.28881223181666676
-1.427650797409346,1.737036286115623,0.6080725783431801,-0.25164993800412744,-0.646185323771848,1.077902145608117,0.13148910129842872,0.562090997263722,0.9656728971201688,0.6488194767084847
3.3357238407833103,0.5241215777670933,0.07082931482703693,-0.7467965499662671,0.023226742302008798,0.3034206569574154,0.7618135954868834,0.31212650580562057,-0.07268109587381055,1.1485226901374432
6.6941969714804275,-3.9175996826236914,-0.9953945594691541,0.0881559735858594,-0.21341402904769483,-1.0589073965482005,0.062237172303306325,0.13723419104800244,-0.7309816365729304,1.1126611689755863
5.979418336848461,-2.107937140192107,-1.0758139775624567,-1.4976326550912709,0.9119286285633992,-2.0058162167076867,2.3019833928194045,0.9433738963370395,1.4122233036116008,0.16204445538110934
3.551115280505269,-0.9807653348396908,-1.9927665470426459,-0.35886153007479415,1.001971619704719,1.3823057615318273,0.9345097926957903,0.09769601533814033,-0.2503255112185059,-2.7007300666755953
2.888760110935122,0.337876044144127,-0.2997786330099873,-2.542771818186158,0.958317795423824,-1.678594040865512,0.9796076140741998,0.4048619740294518,-1.983115762714203,-1.420101396673524
3.8331499374619526,-0.04794339978513465,2.1765935723959666,-0.6967251284311504,1.9110771911345565,-1.081923864248292,-1.2411759151216963,-0.6325060897879062,-1.10387678290673,0.2592202516484443
2.4929958889363824,0.8310337155321798,0.0634253035316679,-0.2731681802081151,-2.4126676395789195,0.8881604678366247,-0.06761035867841643,1.9391242564645272,-0.07688154495091293,-0.5873975564625348
-0.7019318730228983,1.2398262838555771,1.9527648665526711,0.8329820894299441,-1.140897308623513,1.3425833954063988,1.1199777734918095,-0.6224406540135361,-0.16403543374385723,0.835892261553635
1.3104343947484713,1.1421339473152452,-1.5995072333472709,0.8173046247323026,1.117967452512838,0.05978770571618564,-0.5373273484503087,-0.42890607526803476,-1.6095923898817932,-0.43316168210055134
4.798015268752702,-2.278592333499922,0.5701268864145156,-2.7754333113703598,-1.723937297602269,1.2964711774217166,-0.8015096861960928,0.8261256893053631,0.33485692835828357,1.1966168016475058
6.623036300652997,-2.6521450269552633,-0.008638536887155506,-0.9811174626500153,0.24491487503535905,0.1168238266295326,-2.1148928386285,0.9474733466347469,-0.3264178160084876,-1.5084198383279588
-0.49429184083827254,2.1361455092067003,-0.13192457527530688,1.691067704700628,2.494380864737476,-0.02241338444410261,1.3346946491593747,-0.7851006624491125,-2.9994886422838283,-1.1019681194788054
5.511131778056559,-1.7247233120451626,-0.9662339416875713,0.8058490173967902,-2.6095370026401064,0.45239270973360673,-0.3149387184946983,0.4719321532654502,-0.24913761471599521,0.7383180178485999
0.5269073476601981,0.5015734468442848,-1.1839479267616824,-0.1563120550380857,1.3565954683897734,-0.6940116554787461,0.4589938384091465,-0.18619063822221205,1.0334921816681324,-0.25136576271178007
2.5439196186148063,-0.30535992733195133,-0.6664737571380038,0.14486396931591372,2.2713795253207403,1.4908267846599845,-0.882318600884121,0.7618323025499438,-1.651834112045123,0.1994730159946849
3.000832960467771,0.6871330387588405,0.6660827572852374,1.6823317348815852,0.8242987655784945,-1.2190487127613132,0.6252601838885176,0.5880927047791076,0.07548586464873142,-0.28532715910462547
2.589323281900632,1.3287226879852132,0.9599592236288709,1.7585339029342641,0.704684035794814,0.32907679882582874,-0.1580365650796002,2.9482328465954013,1.4834234927630605,0.8633651833047822
2.2215202783470924,0.906692510343472,0.4476346943731915,-0.3435410787134405,-0.4718787256059576,1.2403839659541984,0.7225365812376537,-1.9792496821368215,1.0168010729345707,0.3983974640719118
4.253951278202629,-0.2161383161470696,-0.08129096354646188,-0.8127184489750456,-0.908039232933334,-0.07978238437611991,1.2641166071771475,1.703373444327593,-1.3532209352734115,-1.5362505361909984
3.292145597171845,-0.23353499863532168,-0.5214257451663681,1.3630905348109381,-0.4671079483195601,0.40358895921261434,-2.3641985882556447,0.7862505399768519,0.32547228312633564,0.22608258259954547
1.6991085757557354,0.9819765989978135,0.06765345892562506,-0.10464493015698886,1.1326637398734618,0.12910068509700207,-0.43460751760067706,-0.31231471234505664,-0.08879312879223239,-2.2551350473535514
6.020852755840387,-2.4718819451907126,-0.35407410495867947,0.4616746160743972,-0.4118590848429187,-0.5015063686161682,-0.6879749791745021,0.7938406350704874,1.6444347716512253,-0.2725996423588565
6.153043060598571,-0.8931382042396407,-0.19952383287808656,-0.4107446280618678,0.5706752507678448,0.1999028829721794,-0.3266879167458417,1.9683794733201334,-1.3338989997726198,0.3157882455088008
3.7421890575816796,0.375524961098685,0.8108784402675191,1.2485543019850809,0.9318664551932895,0.7499596988495641,-1.3130906097141544,-0.6761834474328777,1.0587023793866466,-1.3408396363004
1.1488390238242603,0.36081207631835116,-1.3494802805267336,1.0882459353838934,1.6178120689656093,1.172684844398593,-1.3896976435680615,1.6518813362750029,-0.19803974046875336,-1.1046221256762931
5.895989655199482,-1.8141383591827063,0.06526384508001286,-0.2282318987884967,0.154044695581642,0.8035188167105987,1.115714401582463,-1.065616728168127,-0.9238125269281976,-0.060391370565425075
0.6901985017955732,1.9250306463223619,-0.19509337007778876,1.1314511068548767,-0.7096277840722195,-0.6064900701022945,0.2661262028482995,0.6238021957797169,0.23354982603992447,-0.7296586674320034
4.3930049649663125,0.16060332750468695,0.8732058510559904,0.40523265058287966,0.08551683457337593,-0.22398060169371475,1.102416271705149,-0.21959318365619032,0.15267937782871785,1.5572888402184737
5.508737071442851,-0.5648152593518876,1.8801100955200258,-0.09449669269222317,-0.7648626477898611,0.05728181011384464,-0.33172266788281557,0.5585978163877355,-0.6343276319783597,1.307084421979785
1.3185084843274153,0.7717754430261968,0.1304601957021143,1.4206930202483494,1.4091459388252578,0.08664686442949475,-0.6380447218450649,-0.6165634625669132,0.51081517092433,-0.19288756403029214
3.2406566468303937,-0.05027503051527081,0.0013309514890082234,-0.07137561086003895,-0.9361558373229739,2.8311331989921005,-0.7384995441630874,-0.11807624811740995,2.2214900996490368,-1.9880538189026429
4.74829372164133,-0.5886937850249816,-0.3980458008077132,-0.5549579117049845,-0.8542735975531167,-1.3279560405276962,-0.7406351198347368,-0.542293849971446,0.6411951979813024,2.1298215249217103
4.2345387830433046,0.022326073904344306,-0.5354313448508633,-0.5118621068730633,1.6034804212669334,0.7212643094522772,-0.009933388329297261,1.9493044343672248,-0.6608187778468628,-0.9914924335944477
4.752498878979752,-1.812435382956051,1.6255823538485215,0.24521663178339234,-0.3920877639795675,-0.5957932223756286,-0.450746264108173,1.1882933561331142,0.11597573469836331,2.4536237039821116
5.156567236438323,-0.2868616080221569,-0.6678691996289814,0.46256694657037867,0.8795272759741571,-0.6737354841753176,2.0741471972958574,0.39493982850946985,-0.20842598531409182,-0.6848430778313118
5.399391894109739,-1.3937100058026106,-0.03681360885681513,1.1369558111502878,-0.3716811390376234,-0.28215234198236944,0.20196516571358208,1.096029031619036,-1.1682432123312338,2.1506690678149902
5.79501312750431,-1.0292819899097883,0.40963640897770476,-0.994862864970033,0.02635763472505108,0.5730935018392042,0.11006483595618088,-2.184877834950247,0.7224725809275945,0.20128875170965382
6.929128190303467,-3.0922330983181907,0.4652137207665839,-0.47817851969693176,0.3326663791279003,2.290624027852433,-0.20694850044430754,0.4452421354052755,-0.08054782736405622,0.7053124752259027
3.645984271682424,-0.5367536659985389,-0.28548863036558,-0.9992456913737484,0.3725671990200048,-1.5850627503767512,0.8034116236035097,0.4840283449026218,0.1065817796783611,0.10210054355685859
5.139517716119205,-1.5438047525410175,0.1342260277245319,-0.3198585161899332,0.8562052857566275,-1.4114913069768913,-0.2530532929362936,0.7478853608924364,-0.17107541919779223,-0.4582942160075462
5.739423520873525,-1.850226243040658,0.4914218744418685,0.45610101600934344,0.9527280968717081,-0.5706649847810659,0.7555404211391669,-1.74507041266166,0.1279239320924944,0.7719085627011751
6.845571179914258,-3.1284507038707168,-1.0336777398916155,-0.7142097110912521,0.5471486401838701,0.24337792866130567,0.9783479710856832,1.3879345483285739,-0.30898821101458884,0.9305977787173486
3.9095010312979137,0.2817103204668818,1.1426759227095828,0.9150562922460844,-1.0726648941436436,1.3871213973564398,-1.7463300331430072,0.6407261009300563,-0.6137691732925822,-0.6315422715129029
0.2454812145618506,2.021120857543937,-0.6449347164566557,-1.2205745698050217,-0.9194342109564351,-0.5904332173354676,-1.55520089634678,-0.8361045830147336,-1.5484889024520248,-0.33634148708343276
3.8079573422759596,-0.10610589834640691,-2.6445478399780393,0.015587335440554838,0.38998706039146674,1.831146009571905,-0.7984116443881171,-1.9346838241039508,0.7726053719019288,-1.6796260873352893
2.8669611868286013,0.5766093976612099,0.9277588327238283,-0.3371192645001816,-1.7364495249786165,-1.1988244596075752,-2.1207161314171454,-1.1221014218681467,-1.3410825486059124,0.07437037057557132
4.623138092687431,-1.0982794692610802,0.11811728364960215,0.0976326094803765,-0.5201751397854218,-0.5778366406835413,-0.5967883395818777,0.2901167630980062,-0.5247069873158545,-2.0908001825984157
4.876710778707055,-1.1273873837456305,0.5140573239527261,0.07974118242290446,-0.4162936305086565,-1.7665291888069163,-0.27072486563226683,0.907459365148662,1.1299153076533985,0.6609936427182097
5.125479768895731,-0.712140658709078,0.5222948470903847,0.30644145501380954,-0.03056513075203864,0.34904371838851583,0.9119978771300599,-0.8781299104899128,0.10586124303881882,-0.6724049250223603
3.0683383662462793,-0.6101396495652638,-1.0771010716778702,0.5774892701981837,-1.7672876662081753,0.2562111414376066,0.806910315878335,0.4064267697670944,0.1850194570721601,0.34500046139101254
6.915367394614822,-2.730299437006148,-1.1358966754234245,-0.445160158900124,1.6402941210640178,1.4477252353440686,-1.146170545377531,0.21596347342676372,-0.9481723003960388,-0.792162950530564
-0.1014572045383694,1.3448647141096544,-0.8895789673633224,-1.6116668094627287,0.4415394143697143,-2.2679539450704755,1.1939894140611802,0.8333178536852023,0.12492729439071451,-0.6229107066460694
3.0461483132883154,0.4772415132762645,0.4749586822861673,1.0277618221323628,-1.7973682480283175,0.0870079175164137,-3.0676170898722215,0.06159715955491063,-0.004783104441158029,-1.0898981508095553
6.615756792890157,-1.9810643156273602,0.5406009846900154,2.0132514465052522,-1.986326855294556,0.2911644260939352,0.32067244040120335,-0.09434609192294491,0.38378800759306064,0.23358209964793258
0.9618820771701344,-0.3856773565912488,-0.9683805488481501,2.5678665397877443,-1.351124421858147,-0.24738199212269937,-0.21185145196584917,-1.514508412842498,-2.187254730343281,0.5038864458861277
5.20208353072866,-0.9104120797177635,0.06925959714864767,-0.2572779173906714,0.43309359442734235,-0.5119412299662844,0.7538649228402321,0.06974209334807646,-0.17879566958063,0.545126193895894
4.145832583060029,-1.0817069184959862,-0.6160700063476173,0.12747752585036423,1.9858212736513814,-0.014066109651671696,-0.9590100284564375,0.2902969051783892,-1.8348015318299378,-1.212870124444464
4.4132122766721205,-1.373217569388861,0.5930834353221263,0.028986451253824687,-1.0308337934120653,-0.04252981105114485,-0.947033208854888,-0.2207064556923741,-2.2860062619665102,0.9051434736813944
-0.3781326240032915,1.6564654577677955,-0.34055907959199655,2.2017029093004377,0.4920710396331991,-1.5818761876216967,-0.1618807808744402,-0.6071672987756088,2.1147266437824155,1.246903110319153
-0.7541396331654813,1.228493796707072,-2.1762447468051365,-0.15913708723263809,0.3868125331868809,0.035045051399479894,0.5261315998512659,0.4001145393792182,0.10119898446763143,0.4689625168485869
2.230886390279864,-0.5184583856116838,0.7552527264256262,0.6603084795575977,-0.07284863644190318,-1.0861262754291732,0.6187417598176509,-0.6980647007075145,-2.2141063164838792,-1.296683422468026
4.85280076103252,-1.0136641494496519,0.05564281999346932,0.5106904633248172,-0.6615748323644828,-1.5667101663230036,-1.2532690379619082,1.7773312787917128,1.3297599746751236,-0.3747265863685096
4.055902085672234,-0.46972460546082817,-1.220679991274491,0.16351291090160044,-0.04610026242685753,-0.3822641403298275,-0.5608963007754953,-1.285705457604274,1.3640394069442163,0.8960313809163886
0.21560790012426714,1.7082817817315612,0.5689008163678931,1.5001250141700324,-1.078361382658288,0.3413766977352346,0.3029666330132554,-1.5571640890733949,-0.22138894730999353,0.2861404001645133
7.163652446024615,-2.5541827438649767,-0.5965950410962958,-0.7397118727432472,0.5322155014344282,0.9581272270916666,1.612756827947787,-0.09015506910498482,-0.45343488079509425,-0.3985406216917906
1.1959088437840935,1.465610032014597,0.3097774707022484,-0.8930208420774429,0.8893944369907275,-0.07131619757211012,-1.5997039667336161,-1.9495421594776434,0.16272645871305388,-2.658234190091679
1.7430861135310824,-1.0256653840890637,1.204519011587481,1.860118250652022,-0.08083018877128817,-0.17293401435231193,-0.2963476273431906,-0.6266071424067625,0.9387846214475304,-1.3279329381394165
5.763449494241342,-0.5103516423618952,-0.2970737073382682,0.7269913576909469,1.5360833494742188,1.1536506039017342,-1.0191212436365213,0.02971093748021099,-0.32019831292494555,0.7345517358023806
6.417661244455579,-2.3972462784745514,1.1506446833984252,1.3517585117810802,0.029418519321084934,0.5529899434313317,1.1690613750523569,0.268874468553319,-1.038886252704417,-1.7114251154103675
2.3906303808532745,1.3859108457755527,0.370072604672194,0.24224110166676072,0.8694479012973402,0.10539563971359762,-0.6987178393935762,0.7182974270767775,-1.1864113484890677,-1.4166299489972245
4.564157679973893,-0.7807706764870656,-0.47884809602024797,0.4827021630593685,0.7613640471285503,1.2262503086127572,0.53091146871626,-0.33400120017339946,0.005772179826903422,-0.5491487829709902
2.987357719653585,0.428198033872703,-1.1883764292432724,-0.1595955115359498,0.060391129809307775,0.08756133035257357,1.2699166987418082,-1.1408070326596207,-1.213108200746253,-0.5178239025190627
2.5815940263627395,1.290539566849397,-1.3473083619113462,0.10869821923920842,0.10008127592503548,-1.4194855412007565,-1.3034212072238816,-1.1111156954611272,0.1787351945842136,-1.6551990781487724
4.515655050069849,-0.4578371635665499,-0.9234341226356015,-1.3753656114892296,-0.5482835587365359,-0.3998666050453296,-1.5148043538022558,-0.6996605321920757,1.7787376523616842,0.012975622700894331
-3.0125107792099777,1.629463102563795,-1.0485562743573977,-0.6898018004442502,-2.3424482262962876,-0.919910822836989,-0.31517903981866097,-0.7391969208909247,0.06717204683309247,-0.234593970077086
4.09307176794935,-0.9553042030098675,-1.414849257748066,-0.11198159428633657,1.2849956722373244,-1.2406215351881342,0.05200645974421151,0.7309288458828574,0.9463126899047882,-0.1995787490531841
1.1243555355099875,1.3516190218957678,-0.91378279661537,-1.4506565836885934,0.47450826375685096,-1.0232730517370043,1.0458359674033473,2.6560042594506554,-0.2669672772241317,-1.937074738739297
1.834769867652933,0.8678117331576405,-0.5654957597598512,-1.4910759739739874,-0.03174635082732543,-0.6751154907677678,1.9941621841696398,-1.2586068350939927,0.6602063398171931,-1.7060174165362612
1.2227393679732288,2.0777874759023893,1.0838629928416679,-0.8447406164025771,-0.30266319885532983,-1.8464317981207987,0.2661387647280481,-0.4412512832181305,0.04674068187133741,-0.005192282766863035
3.3919361135543946,0.15006410258862943,0.4099706438181879,-1.6891610736363387,0.21758490983991902,2.02212021100068,-1.1360076951324827,-1.008172935310095,0.17977025188494258,0.9426044295594668
6.479402369587434,-2.097508367082407,-0.9686894442075197,0.9495200476642012,-0.4661390445660481,0.0655625315503451,0.6523170379422822,-0.25555905464285117,0.6486540586366735,0.2645195913787516
2.334536403079104,0.7745438513387748,1.938683828480221,-1.4148487527803428,-0.7837622812934982,-0.14654480298323525,-0.3905093993254242,2.118233588307544,-0.7824888736359382,-1.346654316660856
0.13538089386897095,-0.11925690323410316,-0.5248632089259826,-0.15637100984020905,-0.0296984484717802,0.2540250686245734,-1.5527806847122383,2.4672878904856614,2.2070771532906015,-1.7400662127744864
5.0574167306611635,-1.367656905528464,0.850981435184715,1.7485115566312908,-0.6005728534439028,-1.1683863712140965,1.4198984464811621,1.38373963268038,-0.9298907890139996,-0.8215021023293522
4.060918806848635,-0.16067494509389424,-0.40384348346375154,2.1586441966130883,-1.3686890408736263,1.6141251715894576,-0.37969465074595093,-0.4840959907262337,1.333309782134544,0.5975265438692884
4.580153102359918,-1.3913364950025509,-0.4391137052213548,-0.23115783364212825,-1.0770730509064048,-0.15425803866524787,-0.24532574066227236,-0.20749257667980361,-0.6076481185945228,-1.1553313599944004
4.592006374452501,-1.1011559944508569,0.917676298231588,-1.3364842092483658,0.6428709561337763,-1.349243426888086,-0.9585662092308828,-1.485750242764129,-0.15917342152242955,-0.1300614994612473
4.1856902575275425,-0.003111415570972207,-0.7253121122785025,1.1713494992578464,1.8897892679627786,0.5349546867614796,1.367440432872309,0.30720959167163286,0.7398779324913077,-0.29575928143768526
3.83841605673724,0.188339689483111,0.7961415249695544,-0.23346774831626868,-0.8920548257158711,-0.2847619482325012,-1.5350803357350897,-0.31034212885029067,1.907954531673294,1.114447385302934
5.224143870712838,-0.6048062831813734,-0.5430202489764988,-0.42217492275099755,-0.0011436533895095686,-0.43604655691131083,0.43183590537179894,1.1191799453300815,0.33436670874986674,1.3373842168962529
6.250615850801757,-1.8005188483944259,0.49823217211199555,0.07690086803099173,0.20061026599784662,-0.34557006311930966,0.5007726287190126,0.44142216456820804,0.2238707335049803,-0.20222457739897196
5.366203246593733,-1.172316522760454,-1.2918170650673606,0.6272503056458303,0.5176844901474317,-0.2627687684028727,0.6870054285301118,-0.9822743872060623,-0.1847052403070831,-0.10136241252308119
5.422683357126898,-0.552688848062075,-0.01449025843535707,-0.33272969855198337,0.9733015261897122,-0.7514490387314272,-0.9386734856063788,0.6111956194793923,1.6590502031416101,-1.071725435098907
3.0520428275925178,0.09031075391959825,0.02505021077463935,0.4984104387984991,0.669638221422127,1.0094975343320798,-1.0532119454614723,0.7361473409195266,-0.8504717354496848,-0.17015445595436382
0.8184323656144552,0.4330757427669035,0.674807211678718,-0.9956179782326339,0.8670020640575535,1.588767995753835,0.6338716995363476,-0.8465214836934868,0.6715524162644123,-0.8109332440626559
5.137566804745778,-1.2724483080308,-0.47336951934546134,1.1216918571067802,-0.0764753902178229,2.413126492643666,1.105963899646538,-1.1368645750380137,0.29986082147770443,0.3701890877771053
6.687444343015779,-1.3826298275777242,0.5947044345460063,-0.23638218146586099,0.47962448680922987,0.04086428036957459,0.13841508196466376,1.6721359681364738,0.12776231242509367,-0.8633820315862066
4.927094443784103,-1.108691642546031,0.30229003821815514,-0.4844294141972942,-0.79269184106994,-0.9170389676450449,0.30196974194104875,0.11897289652329447,0.31629273645713246,-0.4480718819985467
1.3954347414237933,0.7907475412368516,0.6322004993519105,0.8708222043769527,0.9285139393324301,-0.5550220402035054,2.185135432965801,-2.1209980619999866,-0.27206772337964,1.324829052945292
4.277961431602283,0.10273969733246133,-0.1176104159462869,-0.5310469586711521,1.672734871594707,0.43054704843489555,0.996868523463258,1.531421618873699,1.9691780308941127,-0.9171812117389699
3.159044598681283,-0.15807922580893055,0.07179756796083078,0.14928572163053433,1.2197478284449939,-0.41385534688340947,1.5233630572890593,1.0108308274961693,-0.29723480768421806,0.7641563252736501
3.1417103893485328,0.40313959281207806,0.5064965441239895,0.1318505874496382,0.5611406010089064,1.403355562890312,-0.10586722809310314,0.5404645082911899,-0.6455081897367065,0.30535224373639275
3.304205376783078,0.3297853292251312,-0.3175381086491124,-0.19438072405769452,0.676592857329277,0.4148363732640649,-1.636420772275202,0.49268347911414984,-0.9979642643659802,2.4216213157448965
5.196135495369758,-0.7703038737059302,-0.09285037313312827,0.7346835429750252,-0.34899681389716253,2.233828275255075,1.3715264475136253,0.21844021375099096,0.062441189498145984,0.8612186364726581
2.418133173395745,0.4372045670555999,0.037047322101671346,-1.115508905286096,0.36113159614638174,-0.12249027537521093,2.2338124061853595,0.37663263184049534,0.9863287300390677,0.47264971933937405
4.626198215781534,-0.21068451007128403,-1.1902390708377744,0.2164027063585863,-0.9686349347557709,0.8763348416782513,-0.5421593777487451,-1.0619235473761823,-2.3144215726699247,-1.7109275178045034
4.9795939980962665,-1.1501931032954866,1.7232305090467657,0.7379934484754518,1.4776361743662687,-0.7855023772071806,1.1304778891202296,0.8381231595967286,0.5936687845777026,-0.7294977413265591
1.0163219586702492,0.9219397043420925,-1.4488269137007042,-1.5796670269236277,0.12056286638361723,-0.25640742656267623,1.350729437691485,1.2046865903203492,-1.5548543276806543,0.1587580792171485
3.856962378305633,-0.4265440134544125,-3.106197977038951,0.6204322096303486,-0.5829195421517244,-1.3187806016222485,-1.378465244506993,-1.2467460448487397,-1.1333995146108675,0.29019681468721903
0.3554823630356073,1.837975461219686,-0.47049143344693595,0.0657504503040159,0.8782704576462539,-0.9340677094075515,-0.23315260960834475,-1.9929699835132568,1.158918854358161,-0.5622616080618226
7.599547971456299,-3.458974014395423,1.476372156269075,-0.9316446151876929,-0.03895885830411488,2.1165117719410693,-0.5327175786237801,0.10067898901127403,1.3980904493242758,-0.5279677459557954
-5.370802890377041,0.7958923566116468,-1.5581312873063689,0.16187855337591217,0.2631556783667063,0.9406402038093572,-2.391141753522239,-2.5392499535094517,0.18814496820255827,-0.11118549149370603
2.844756451825416,0.5383017439717345,1.3361965692742468,-0.34089195839309255,0.2367027988433177,-0.7571531770852628,-1.1461164306206848,-0.07129774898526822,-0.2198272693351271,-0.37862938755949055
0.744993670664632,0.9844067092535027,1.9428899081144522,1.3451657119889215,-0.42908894004192133,-0.7397958662236144,-0.3235141118300161,0.32592281519413085,0.41101233014210703,-1.5107267166100686
2.942492399836857,0.6885394092249331,0.4117391207971614,-0.1755325109590782,0.08249488739359512,-0.5832040095699296,-1.2095495705905264,-1.473263599371738,0.04205193056345514,0.4043807666930053
6.883917005082855,-3.0356433594258254,0.5378903943005824,1.2604959106749047,0.7495792967317543,2.1101663983646515,-0.17750132195522178,0.7114848181715756,0.8642143634425893,1.2302911596839479
5.357110057840676,-1.6890486121286115,0.6390418899826624,-1.742506138992016,-1.5687081280385777,0.07045211133647664,0.3761949664404786,0.3817830249181365,-1.152768507245319,-0.4376850520640065
-0.3727337144037408,2.0450831364852147,-0.2827521081409072,-1.3549870834171354,0.2427898581509768,0.7050805467240662,-1.7451074050404447,1.072331174236621,0.8325185799021335,-0.30502631387454815
-0.5895696657823971,0.5688757782611688,-0.1329550939104213,1.0804383966010895,-0.7697895973580782,0.1854169932393311,-0.6968685331307983,-0.07640753282773606,-0.068580185741901,1.7925066855827683
1.6448985706274075,0.36051826926866587,0.16305172278398863,1.4154466822810217,-0.649076328710625,-0.8473817654783475,-1.0437032039800218,1.027259982185295,-0.9017475447097099,0.4544490133532916
3.8322609756649744,-1.0129735755274287,0.1490944099212487,0.5082917808219621,-0.4712982560205585,0.4133989147911843,-0.5370007278834614,-0.5686493152762064,-2.7464751640968004,-1.4571621707190758
4.435658018429975,-0.4543087375646605,-1.3928572405960589,0.2438781656578925,-0.0663564301693625,-0.06738590945643194,-1.1020126118951565,0.5478108165578771,1.4561420454401985,-0.5128373831388057
5.138092101830019,-0.8154517944166443,0.20646576843661196,0.7229127275372872,0.6660271011270947,-1.233987087408392,0.036371543898875626,-1.0648133858615128,0.16645824203194345,1.7394809209222821
2.051522916093023,1.108466174766624,-0.3000316029540026,1.585590008985286,-1.3065037198334026,0.2857152489041432,0.36112897589544524,-1.5980392169810622,-1.4844262005224966,-1.1350984820771315
2.4716734598101526,1.4187380778325442,0.31994545194202034,0.8509250741406041,0.06288542128438464,1.304036519850341,1.3222769560342975,0.7634038504802444,0.9704880748241986,1.7120936317874502
1.7571095566119572,0.2329974447346465,0.08602072068998531,0.5951657024503585,0.5265960775226293,-1.4146889188501501,1.5194064286330944,0.43780004379211496,1.4447576119977272,-1.3843576952148902
1.3874875686158374,0.6880781799571237,0.19940012427290368,0.2112687315115157,-0.4202160543789852,0.9145634111509835,0.3772552747912808,0.1745366555105397,-0.5448284073054456,-0.7412655925062562
4.034484215859589,-0.7385456494766915,1.6239073054444648,1.1606441879080516,-0.6463073742780423,0.18662546272499259,1.6151472949516916,-0.02171414212330785,0.5897471315178906,0.7216921344043165
-1.4520689987865827,1.3999218967506974,1.1764558961813165,-2.785411945086182,-0.3165113695517745,-1.5109941110553429,-1.9512850094839136,1.1017736075487738,0.16823317660339612,0.04977201659138942
1.99551081653812,-0.04558032255512645,-0.7245272055477326,0.304043363857762,0.28292876073775086,0.32165600039158004,2.2687614769492512,-0.13795688378641802,-3.071886684473538,0.8095946013560801
2.6873551275838357,-0.5763639810775599,0.95057156615773,-0.1099821136963503,-0.26070704488152796,1.3908750697451338,-0.251824158366165,0.42458746072561787,-0.17446700755838063,1.1899645300175197
3.9868901320331047,-0.0770451062775247,-0.23974902245582996,0.2714089718907202,1.0892389342379805,2.2372989184350116,-1.1516228515861788,-1.3727099851789373,-0.5536646347092057,-0.20493375750104936
-1.420418809036176,1.872134210000902,0.4480960873241365,-0.18934343917522503,0.061166728015488836,3.965849852744458,0.14931948352358784,1.7093942395058133,-2.3296871624907993,0.007486881916695981
1.898489927513077,1.5272104959858404,-0.17998158696065342,0.012911446447006614,-0.4251148936178922,-0.5838942151724565,-2.4565784170460514,1.270758601672783,1.0992634215482866,-1.2636206461774466
0.04467356559262112,1.4210756253886208,0.6683318147470504,-0.46079836330568974,0.9498011525294914,-1.832780697668329,2.074989445102884,2.0272502240749795,1.6446724771468233,-0.32743567271347945
2.8935404554591964,0.5049962020231892,2.637158624803898,-1.695378631117271,1.1682652846669477,1.7505079583680463,0.998607032923484,0.19055982270803784,-1.4787827415126438,-0.14769491648163588
1.7605646196752076,0.7491901709849706,0.9676733167463227,-2.1320429194875787,-0.27912219962796214,0.9244920251994869,-1.5185683204172098,1.4582733325417352,-1.8716402521973183,0.20512824323679943
2.274847698960817,1.613846683768506,-1.4649819929473364,0.35000083595641807,0.4029944713890803,-0.6745418049289468,1.1046948514406651,-0.2782664105605934,1.4808640867852283,-1.0380363545507763
1.2354129613962361,0.24879620928867582,-0.5497130075396565,2.2702685286558633,-1.0135671456151636,-0.9858455883697494,-0.21127469880113775,0.5153631194931019,-0.32505792886329254,2.2233918038365768
1.2531388954181195,1.1283168109570658,0.661758074331876,-0.6611572777679767,-0.34630423729132215,0.5569075244582873,-1.8717380848495846,-0.12089898686926596,1.4573640264151952,0.001479097591752717
4.0735261140346495,0.1899930817841522,0.1426905341602029,-0.9015724899683571,-0.6534709685730694,-1.0117265612710313,0.1894784768489968,-0.24716522949299174,1.5817361775694643,-0.34288943543309275
3.1306475771972164,-0.6114810622426751,0.8433087831174425,1.4607836098016638,0.20518755851304443,-1.9553875074739966,2.2197718424078183,-1.0364406874638667,-0.15392583554959494,0.9946980007066955
1.2023152486621378,-0.05607745253018316,0.9653992639000154,0.8739000019522326,-0.7926056104289158,-1.15139907872566,0.4818203695591805,-0.9158478646431079,1.5265005434211552,0.7452842826137055
-3.5899708948823523,1.0596409219875267,1.8427698401138854,-1.378435658703618,0.3644132436056769,-0.5858436433486697,0.6002609543597016,0.21346135290264484,-0.8878083358823675,1.4212654221819945
5.632809289698697,-1.6986465706568947,-0.6065821768943882,-1.7290665395240505,-0.33447812147141043,2.4179118201575824,0.3486577112111559,1.1445023247187525,1.7572825915657204,-0.8135046133894056
-5.340623441641096,0.5794881260431812,0.922745364219599,-1.7505140417774276,-1.207111299528582,-0.06722728474116949,-1.57491851523662,-0.219893219546162,0.9274158738779904,1.9721229150240616
0.7147706462687621,-0.16166571725016735,-1.7347777015352048,1.0520596149603965,2.884467457210426,-0.2731704624333596,0.5740915101211682,-1.5636171110811883,-0.25894901846447727,-0.01668573989803655
-0.17589769722162707,1.0617170383359393,1.7379331586921216,0.14854830242472394,0.34713043137784383,-0.34310101352687533,1.016350151168079,0.8284787058637556,-1.036050049007388,-0.5494114699092506
2.071575431177848,0.362831897482131,-2.5623418102134874,1.1438641800948597,0.07524673972643327,1.028351653292183,-1.2663443672566839,0.011033482754131211,0.06883111818648895,1.9857648597174187
0.34239395818736473,1.4795102415638146,1.8265852762055728,-0.5853401023582846,0.542158251737883,-0.6112950057678515,0.7686075679191587,-0.201197452722377,-0.020994071160966854,-1.2463134092844175
1.1700890045154007,1.6792494561978573,-0.07235580198840844,-0.41405382793774215,-1.0134207615959783,-1.8223727455885368,0.3467290658874565,2.302735273851231,-0.446437968974167,-0.1732112182719841
0.010768757986845836,1.8666170947146787,0.11157471912801833,-0.4583194665808636,1.579700660320472,1.3719522114753973,-1.1947606797689576,-0.20354405584891133,0.1790114712994306,-0.45680541617538806
4.884316582358443,-0.9754551431589538,-1.22535255809001,-1.1653419460239227,-0.8194325651381617,1.0433216657317061,-0.7626150774541959,-0.7973954103017216,0.5423034286291015,-1.2805563177858954
3.069859361358038,-0.5161650394140845,0.4268632700428904,-2.3447162413944973,0.18651528964995817,0.2639597485649685,-0.13060747022555796,0.5137538348714815,-0.7438773301254247,-0.10434661710921327
1.647215597002015,0.7015558912975481,-0.024281065138466288,1.8273677506613497,-2.4312928659167135,1.9247074693583242,-0.2134025126940554,-0.4625298219688054,0.28902363906272377,-0.18040198108254268
-0.07309911412886777,0.8708892276912054,-2.459227677295055,0.025419526576866927,1.9261796369341158,-1.4780752464202727,1.4137518227988874,-1.5945383866764131,1.2578279489667874,0.6353649116239162
-2.506922951780979,1.0508611510650645,-0.41625433632966513,-0.33468385997147276,-0.316959429607072,0.5688454186933282,-0.2863595892720372,1.2068224527239384,-0.4067422650390074,-2.540711908018571
0.5609774522251532,1.179317054552839,-0.025203604289370823,-1.8232780811095326,-1.5231120640459284,1.077194582803911,0.5033525167485117,0.16261287895400006,1.6401475164792878,-0.2897862475916156
-3.837086952447022,0.16153819415253684,1.7376833789463009,-1.7510000914831918,0.5446850664056201,0.48995606423624005,0.6728316846427006,-1.6574953089316256,3.1031008376392135,-1.5481429289041038
3.4404366784689713,0.3295550148500055,1.0835357912543333,-1.0172987525153956,0.9486572434515572,0.41460935457711834,0.4750265502492729,1.7028854940572289,-0.7752342652955089,-0.272382914698935
0.21746520084366097,-0.5514271089277346,-2.9789721469952277,-2.709337079370253,0.9250655329262658,2.889451653092933,-3.7445002901760267,-2.771903178468223,-1.2022411324521998,0.21987078358940546
2.0753702501430635,-0.06831896054318629,-1.5667705009070327,0.042546321913829246,-1.675660279767143,1.0783737653636487,0.19858820595493423,-1.3786498776494185,-0.3044632088659423,0.07572326684635683
3.9285080106321364,-0.6696017943393968,-0.01645366803314064,-0.8474387152626817,-0.4597663364996304,0.8221456585966987,0.29164797602415593,0.09675971334325832,-1.4219080089942946,1.6768602165355446
1.5265263084511134,1.7976871504753598,-0.12885363386028553,-1.0038077224793132,-0.8042901756453216,-1.0202129144813883,-0.4107473250543371,-0.6551116261264524,-0.10607576083008718,-0.38709476689273026
4.024690100447436,-1.260200939718815,1.6720385214260953,0.4010975728035002,0.9089328822830387,0.2994386555072687,0.3164951533247104,-0.1336447121050987,0.7238317740833671,1.5936997085445155
-1.636190693572392,1.4883451511474919,-0.23723025433017803,0.8965775550252245,0.4249984522023645,-0.06262786764652946,-0.40025320390828883,-0.4029969213224127,-0.8499122285704606,0.2400632604833575
-1.96497325903737,0.9234712416046865,1.3334975673313423,-1.1156440797933502,0.4720916247772151,1.284443300415451,0.32514118964187655,0.5989666915437659,-1.0065993608869277,0.0383866113137252
2.5501278791451707,-0.23188786383690663,0.39639875801762714,1.7160276425644154,-1.8836744155224066,1.0151204872092428,0.6782782277935513,-0.3261119552078484,1.9336161158874163,-0.18550787060556267
1.722337785407427,0.3303860749163878,-1.4562945697298226,0.023654020969016167,-0.6148853814360743,0.7090326578823634,-0.40514106616930873,1.7729664510514194,2.5482594523677444,0.4964606821093811
1.973696503101925,-0.8161497792099321,0.020117757537044728,0.7131584240154054,-0.24917190181313614,4.04290421497884,0.6804336908175018,0.19422793840251212,0.531246269669551,0.5706314589917146
-3.2220731516741234,-0.28719847491509787,-1.5653260728058036,-0.6873980266015439,-1.176791583137323,-0.6691078511830584,-2.1235058680684036,-1.9681176714210538,0.6729996059039943,0.9230563851526401
-0.3578254217954632,1.389839946614327,0.6024565145880247,0.17400172037730535,-1.129369420862842,0.07046267054726271,-1.7680178513614249,-1.6133049726269697,-2.3739588211429368,2.44761453958067
1.8913054328593761,0.8076664697575128,2.1400495503735573,-1.7186726270408594,-0.7612671875871736,1.5033540356208295,0.2687101071321881,-1.4527238511588185,0.7693898919074359,-3.290003151228211
1.7956593533627434,-0.3126206740618884,-2.2725819294291396,-0.02026002994437614,-1.5986130846900644,-0.5649837944270878,2.9408541654640987,0.17703056137957146,-1.4046464957005416,1.0292974438943325
4.4029618798452965,-2.654224921321968,-2.4572173944898603,1.6656391909206865,-0.30978662571408766,0.483110402304416,0.2741014399871935,-1.0109441419986485,1.384146574761184,0.6111009242178901
1.4491992975762062,0.4821811470721168,-0.49882659947286806,1.872167390138172,-0.410062947268312,1.4774314450552766,0.4897847560029708,-1.799110876523584,-0.10064014935546281,-1.827864282801517
1.821494839515116,0.9772939203964562,-1.1685301857262276,-0.6773544300905391,-0.16189279287816738,0.5909265584895108,-0.7818856621429479,-1.706881947819553,-1.5603512816536498,-0.054119194188538826
0.4636280052302038,1.1009486707760552,0.435101659529254,1.469626192881523,-0.3690594023503428,0.06892762013138536,-0.31969212631342153,0.6346692833649287,-1.2191576349901294,-0.07647187178957744
2.775316643401209,0.6604036242556703,-0.7840695076882366,-0.8603757526079361,0.6116079084756008,-1.1915670533704998,0.22825280737301107,-0.948731497199353,0.41215635379603166,0.2287717879721845
4.088944547506631,-1.0646196598573767,3.0546342762006744,0.28034390769875245,-0.0808242733551764,2.5158482305755827,-0.41090107038335844,-1.5962306329624605,0.9161984988238031,-0.621183288684602
2.84324155759399,0.18109052134106882,-1.1584659086194327,2.1400645164224623,1.5587150712217863,1.0147887878569306,-0.5960434482246287,-0.9497402428107168,-0.2425302716596461,-1.6670496453802786
-4.380105446392,0.4489893753694306,-0.15403234898592744,0.49275465403629315,-2.181798056924187,-1.3658138353928668,0.32087093865731636,0.14754671085938093,-2.253316080205797,0.32786418096555425
-1.7491104485216737,0.2665158982559599,-0.8095637181654605,0.6487821761278287,-0.07058072015045223,-2.230174518578805,-0.41680203525129794,0.8444145028593972,-1.0027331226565541,-1.4464441071887721
5.248379221961744,-2.464793818589282,0.006557242005914151,-1.214692500895203,-0.9655328461040388,-1.1368475930884154,1.74764992056024,-1.3212335247154725,0.26993253266954786,1.00533394722985
-1.6471141887308451,0.3590935579296886,-1.0222248031996037,-0.17293901111963567,-1.4516488535252814,-2.2237072297694986,2.9111380556150124,-1.994576420515621,-0.9394730185057668,0.4110112128777499
3.0962518845586575,-0.15340763085583614,1.393193909210322,-0.511803532752879,0.47281928450809807,-0.27391482944712464,-0.7615753698475637,0.34339839565945396,-0.0339038568235715,2.1743503500991705
4.811879565594531,-1.285440974705963,0.20279408713825609,1.4734813247404375,0.6327436016057981,0.21785994724818555,-1.2632878169215929,0.13495450435307813,-0.7950046914666916,-1.54346094055805
3.813969942629285,-0.4943550071571505,-0.7239686753068447,-0.00816228149448643,-1.4758572211578203,0.4325137838030986,-0.2631678400472527,1.2512105396328927,-1.3842325077713253,1.250849166907062
0.22472676644340672,2.1144333707557434,-0.8279808934342765,0.9932390801973251,0.8387042000022624,-1.225404893030078,-0.8474468909140678,2.0663184403776844,-1.3603963283381406,0.49063856653874294
-1.774958332349854,2.455370624748023,1.0616075583166507,0.24540823012166532,0.07892265156557289,-0.3949943817369214,-0.44719780531041536,-0.6258707824030744,-1.1257471306931228,-1.3651034948551408
2.9607300216177115,-0.04214754753617023,0.8104005428462566,1.3551816406033692,-0.016833399874146334,-0.1606584177606897,0.8247424747034087,0.7927449097286667,0.4362906057336061,0.887220248664512
2.6857740980351927,0.9554876848402887,-1.7216596662363957,0.09319658314268613,1.4052689844663062,0.33134088464204786,-1.1487498535455307,-2.0615778142781362,1.1257474153556104,-1.5086657271119912
7.503827647151528,-3.2089892752619953,-0.26343097092969164,0.5120025264497189,0.30709875696906025,0.4809553045251913,-0.12223752866538272,-0.25973071314083734,0.5203401118053104,0.060001133519301586
1.6128265954802827,0.44691386075576656,-0.653151489852725,0.15503261708003657,-1.352822342821108,-0.6828239594021005,0.21689381564171586,0.9983988932812085,0.8217215696461663,-0.025297308220790304
4.0227824309280935,-0.7797990649788243,-1.3209624660727661,-0.5305125370620738,1.6794076720545548,-0.7381245553058479,-0.7534575821289642,0.2812267122064038,-0.7502064134696171,-1.4721043615515392
-0.20230485174259397,2.035041044425904,-0.18896656164859213,-0.8789168795786243,0.9788463302429006,0.4245197324070026,1.5282247766094303,-1.1275985335959609,-0.5952341344380238,-0.3751132524988595
-3.9763907692191385,1.8451019716690398,-1.4373289007012753,-0.11927046312836072,0.31660311173145045,0.14445566539888205,-1.4021445418546674,-0.23814559758812365,-0.853616204506392,0.28453363770895346
-4.690415143615686,-1.2658964905111436,-0.4593205037158354,-0.7199411843576897,1.0613412602396477,0.6134601915806946,1.3260453031598132,-0.31125339628727544,0.022153823330563267,2.334963301330367
1.2621186388305194,0.5847279207072137,-0.19959740890957448,1.405089359588583,-0.1395175876921028,0.6701735366356715,0.5836272317048131,2.1413522310853983,3.0004123035281913,-0.3846369342117949
-1.031720464938323,0.6932228429309324,-0.19809046206558178,-0.870164607860636,-1.6020149798898735,-0.8851770001130563,0.10438877569533994,0.5639054908346742,2.03171572026261,1.25539303402115
-1.4964758868727688,1.7613672907974627,0.7369188334496313,-0.1733180689055208,-0.6520405606666931,1.461951911569347,1.132373790444466,0.020036924538944404,0.4684347967721157,-1.423718218501718
-1.6207944367202545,1.974865187576321,-0.06468989463159044,-0.9782886217897002,-0.4339653207893851,0.2962546003040018,1.1141716660487768,-1.802884580162248,0.669886841898979,-1.4071366777841854
4.212619816192373,-0.5261662576365943,-0.0517099701855222,-1.0869563924802295,0.6493124790183957,-0.6324219239209137,1.511518837221173,0.6199307503941935,-1.6635618050438157,-0.9505555387876959
3.086154609905039,-1.4164641436933623,0.5970266185187099,-2.3265761031620382,0.16724785333967954,-1.0524900185885622,2.4816409415485485,-2.4543877248606707,-0.44085203225707414,2.252488612720072
3.869489526132457,0.5427185645863716,-0.24112960291085767,0.08194487941445848,0.5695664739508436,0.007058845614254883,-0.9364145338278563,0.4098347886775432,0.37594116688621154,0.6346732785637481
2.3021717827163832,0.20052490975659296,2.4746908023216574,0.9089098878210013,0.62625637592533,1.7500425487221374,-0.39916198161110317,0.18419559698836732,-1.036127966618139,0.9575297069395217
-2.006846403508828,1.4584491894737837,-1.4503038582492684,-0.407666191664905,0.3441110331442102,0.9088949041786965,-0.2843541763721193,-0.12176049395319372,-1.4935681678725723,-1.5929747974116935
3.1982463033922466,-0.24193561300305527,-1.6343358589690464,-0.9370566940637475,-0.8457030897530307,0.6377328756246275,0.4749325516853446,0.8454889739792676,0.2716232371387526,0.7301020516397504
3.880106460321364,0.4960613133873353,-1.0232303700367251,0.5953569076052441,0.7182566101178249,0.3606055262783292,-0.0558992126982237,1.3218076823721994,-0.29834719251139097,-2.8719567175493195
-2.527971994198203,1.3641589461105386,-0.34079142601463036,0.5985248843018567,1.150825126038127,1.249283420794415,-0.5414409998274222,0.01302404064843591,0.8374924110248659,-0.6152551049664804
1.6846372531929306,0.22982229081010966,-3.4923106273491844,1.2368001785253309,1.8241683459521834,0.8134400144997199,-1.7989438303120187,-0.7111827022609144,2.0118695305810426,-1.9448823528644659
2.906621507631334,0.7258013482224971,0.06254456731860034,0.08976527713476787,-0.36813848478137157,-1.6314014772045249,-0.19020578378328964,1.2509842344615292,-0.28392739980637854,-0.04092229464150612
1.2960501746188235,1.7131888918563647,-0.12773877027281305,1.01319811878968,-0.9203819531308219,-0.3909980120004183,0.11194523512158136,-0.17870735714034733,1.2080623450218138,-2.5648659749943166
4.633872525097869,0.25810032634919183,1.8285525351184204,-2.4128016860276555,-0.5565221172913836,1.5693895452326292,-0.34769644604685834,-1.2968156923578642,-2.028788349793991,0.10386820023410681
2.027985349137455,0.3751825367515589,-1.6377092931735922,0.6036907640572097,3.1750987194255575,0.5730254448399715,-0.5246256649114217,-2.2906040703699952,1.2820609343187526,1.081184705302078
4.826890996088245,0.3710595519189657,1.7630899111797265,-2.402357399368138,1.554380632794258,-0.09021934383303347,-1.1202936263614238,0.7747803044569102,0.3431658912567545,-1.2468929561529838
4.791497778065222,-1.1794409040719025,0.08057713678635793,-0.7323616462335769,1.6308215712019893,0.03603328218851418,-1.5845139730304623,0.0743426004919162,-0.31316039147781777,0.33113685126716746
0.9233510114281219,1.0256200947034437,-0.7262410149913092,-1.3767812963486907,-1.2656707259888051,1.508642908624868,-1.1939211904092688,-1.0736388054743913,0.09718258594963912,0.8866121107971575
0.06279218573452434,0.8673474370968611,1.355789394855618,-0.07923015991105588,-1.2440750166977965,1.10445703044948,-0.9959545030480591,1.4561239603774248,1.6339191800726247,-0.4054529292901273
6.33150986443272,-1.4694497944924414,0.23444917637736,1.5855384660015517,-0.5381722790716686,1.3567565306119085,-1.3511622028960772,-0.5283162299114865,-1.0005905058090268,1.1207255092464083
0.7821300050884628,0.5655187168809098,0.37793087185720364,-0.4267023409330913,-1.3309858485903459,-0.48767803806943677,1.9774194680345738,1.8227225631119441,0.15824927299645045,-4.104967481685923
0.7389060387660704,0.992195657392785,-0.46127526985417144,-1.8309306914560997,0.08159323767084868,1.182443038867492,0.7148482243355434,2.775561667622092,-1.4628614804790587,-0.928360997149272
2.189471979308442,-0.3780756501322722,-2.2078493096567846,0.8095889726899403,-1.3445971200204336,0.12636905356193487,0.5532791976977154,-0.030018654019538644,2.518911632231953,1.1956361262534565
-0.18285503869083264,1.662066493771135,1.2572786986469766,-0.7903440245568824,0.3047320323568462,1.1663033849090472,0.10421892455298219,-0.6838484465853228,2.543198664628692,-0.0922655849792964
4.364551973872526,-1.9583143063738435,0.24071429655309592,-0.4545337112788482,0.23888802493827138,0.978897089358537,1.2363570528448642,1.6003338250909214,-1.81750743990581,-0.2613313358122229
1.6580067304986275,1.8815225471985089,-1.2202990741577122,0.9052116828786725,1.0242334406357496,-0.6602145922610515,-0.6655786610930015,0.6866042907620891,0.4325620544357856,-0.9420032468979945
-0.0019782950380794924,1.0585864619455418,-2.123157013083993,-0.07495850018618219,1.4100846007154402,-0.025744522422736366,0.8520849838579113,1.134616413270239,1.9346735824966625,-0.4015077181340611
-1.6265446112110555,1.458849419617108,3.2320955594672216,-0.6190324825705932,-0.5768122214646181,-0.7369274697963669,0.5182630421561549,0.8988620256252179,0.586892621342303,0.23807479750626143
6.241289487644422,-1.4616964309573754,-1.5807401415274063,-0.2655236534393031,0.7136415995631521,-2.9447451769599025,0.45941962904028866,0.7210783521666063,0.33197907997460546,0.9135206270494435
2.7582368381673237,0.44825482579384196,1.1214812314862574,-0.5042682175052225,-0.15670723760840902,-0.09140478076989599,-1.124581088453908,-0.5533731023249863,0.26863466761935806,-2.0070800964258937
-0.7007304853335418,2.2204675320340046,-0.03935316864970006,-1.2132043781296453,0.7181208335957777,1.5392840190878985,-0.6596715426491896,0.4435304709278786,0.8912493127927592,0.8214058334430036
-0.24925081324046505,1.2454509292789078,0.1477585979423937,0.09747319002815953,-2.7018115442456874,0.4076904196869604,0.3944364479740839,-1.5354962847095062,-2.400802017205194,0.03901448285862064
1.9065673845845441,0.3643359498619194,-1.7349454372998145,0.9126591703842897,-0.3399188047305704,-0.4462605974273798,0.7835318366843621,1.1756864733182617,-0.47593655473273283,0.21693130112802822
4.387239465577976,-0.8926038940380482,-0.9393195133891157,-0.16144763500659398,-0.39415360633936564,-0.11427901296248777,-0.2509513262347561,0.20767863887144977,0.1829739480053149,-0.8228957128904524
2.6948031943322404,0.4245807661786807,-1.1084966461208259,0.864269968805592,1.1091055031255248,-0.8152898751020324,1.8653226081078307,-0.1527654903381243,-0.0154486113872243,0.4091697322876761
-3.467539532777149,0.038207335256706935,1.97646498808004,1.6788767853699509,-2.3066073250807437,1.851414323496524,2.1619293661770347,-0.9993525241739648,1.68866331514315,0.519958517982925
3.5890302812380512,-1.5556566998056238,1.2609864325585864,0.34612079838438337,-0.7113843061910534,-0.43224252128337964,-1.225948117132373,0.9318806284274808,1.703813585427163,1.5048914230379518
1.610977874391282,-0.48824611614712454,2.3494127947675087,0.04172529561679956,1.4191805887717053,2.10299381836616,-1.7864323844783865,0.11063179869328861,0.7125672637879447,-1.8313086709151716
-1.0847718087300409,0.5604864789142402,-0.29078753701915,0.4605958419048672,-1.6967458375011062,1.7476159930120088,0.6952149667707286,-0.9859673751101714,0.20287449791003723,-0.3763755238436551
-2.400420175782145,1.1587750538602204,0.8189616836468461,1.260768614937136,-0.43732749521014735,-0.655594434413535,2.184383345914647,1.244932266039877,0.814495643573862,-0.14006223328180686
-5.531980409259972,-0.18474117959212297,0.7830911629240274,2.225991899479807,0.988343099381255,-0.8165693925509527,0.8894508621552814,1.2505080645879272,1.812259828790726,-0.397231590843814
-0.8758772810196095,1.4381648670559455,-1.4785937101912598,-0.439255624075368,-0.16042624744477899,1.6878441496606038,-0.6815850084315453,-0.2764072679040602,-1.9572568823842242,0.010750543486901201
-2.3592195010034547,0.7116259917779674,2.8117549886550197,-0.5055343004019728,-1.1146880640143233,1.1562597720476882,-0.5282683351783852,0.2889739195011543,0.07962506400797653,0.2600830072872799
-0.5884076844533725,2.010092185063903,-0.26459075563192047,0.3268253421966675,1.0773774420223938,-1.509845905046951,0.17934797899096672,3.310431181155211,0.35970337543883313,-0.6987800673902225
-2.210594261204667,0.8021365135794866,-1.654875041431799,-0.7199777968776839,0.3508368007162484,1.1705386956958397,1.7371320790800622,2.5282477772939065,-0.6168448126015535,0.7184793683275247
-2.389587886470839,1.2671997035217464,-0.015697097443916095,-1.8405777139328565,-0.3559604075484526,-0.24112454029929284,1.017296620808187,-0.7064021958503471,-0.46918328507680424,-0.12757301014700112
-10.992832681486474,-6.536521947200384,1.9098517124236578,-2.3492053595398246,-2.6272484033357877,1.340157204166948,0.13066761307538688,0.03700601780841336,-0.14644958040472839,-0.2941049627200588
-0.12923112023352692,1.2136389112766475,-1.8736424337906825,1.1594001702079073,-1.4046239453570175,-1.4649721776506335,1.1705764119157942,0.45652086904275707,1.0510139379841603,0.09054841953069764
-3.6352422758390266,0.1655331539503542,0.254513122329077,-1.094040337404893,-2.0525495826358107,-0.09545582360464745,0.7849020553255238,-1.1375681596957268,-0.9229292155663732,-1.7857033760172307
-1.732389807564006,0.791355430405012,-2.2147383811769368,0.35662736912312654,0.32451662501075423,1.743247382232212,-1.2875659296138566,0.035732177090322344,-0.8317660080678799,-0.6677345925127007
-6.4934381777506065,-2.8509605475882203,-1.4252291156535324,-0.3489590266359973,-1.9038609629776773,1.331355718022435,-0.08586267011373196,2.5113820654256256,-0.8773273904811063,0.7206131459368844
-2.0091854808258147,2.091262370379158,-0.7385976357786131,0.8106858748809468,-0.4214490591032371,-1.0419625699998094,2.014921385539006,-0.4995053300783984,0.5585183828120822,1.734130557618039
-7.084044784213838,-1.3085958069241468,0.8656826413341125,-0.5241972136663263,-3.2147911398131477,1.213907100021997,-2.58539117338047,-0.7784754254034583,-1.2234844084078151,0.4647802531463964
-7.813645227469311,-0.8665612315608764,1.9110676792980232,-1.6271524515221951,1.4495227809855107,-0.529800899607618,-1.032889910826282,2.617441609513253,-2.1227669044353354,-0.03406605949489857
-4.530336319333047,-1.8504439260794052,0.8365365787477937,2.4927152472377396,0.5994177525475594,0.1782645294736086,-0.06761486907279615,-1.7957678206395975,-2.104122874749745,-0.7212460580610508
-5.676627955709741,-0.7052066216469524,2.0587171772534143,-0.598866082373054,-0.548639738250858,0.48244362124054235,-0.5808348558138138,1.770873163470176,-2.5944295576704475,0.007146717052111863
-1.4636180111004764,1.077248676212154,-2.3728450343780922,0.15871508106932822,-0.6967329478418647,1.6265212920053858,0.6374339866994189,2.142777743721972,1.424762363110995,-1.269433342955604
-2.2729372359165896,1.0722686709870408,-1.024347033481896,-1.899440908344358,1.734784554421197,-0.690330385776757,0.09828332958035571,0.02350376496856859,0.8521425557187738,0.07306698033504351
-0.6909027993316025,-0.36777665697544626,0.3321255185500386,-2.0558889672337712,1.0726315508389337,-1.0430395018218224,-0.13892220673762498,-1.879534340011219,-0.7926076752551333,-1.4509488448218228
-9.432736973119793,-4.05923364012563,0.5234904123242227,-0.08691934052260199,-1.7776763573638383,0.02299210754473434,0.5456480993585487,0.09256602749801089,1.1804166584163143,-0.2032518209584057
-4.925020648116285,-2.3231914937987623,-1.5413123454503779,1.0755322149087283,-0.12150353379051727,0.34427201548012626,1.1598275940123435,-0.9987594170875972,-1.0616553380724598,-0.3374944812058895
-2.0705187939653595,1.2110246085284706,-2.0638863379622463,-2.6897687476632113,-0.5570726604904687,1.7681291610991319,-0.018603558010523644,1.5684520417415406,-0.5697433150727133,-2.019954710251931
0.21591323503288568,0.8189397965158456,-0.2630390264031677,-0.7110167211711489,3.0832293514743494,1.100205609016,2.0053061792032865,-0.3127367404033738,0.4157013067290079,-3.2999941140557936
-11.297803612741331,-5.455915706936392,0.29631203876923334,0.9588739656509971,-1.5552337381375767,0.5467005362529206,1.8256240927645389,0.6219529295413192,-0.25567580797857076,0.6541911651040931
-0.7165106389328064,1.6853337122333445,3.1168613627384065,0.6503703894694005,-0.23618582982385783,-0.15819868847536184,1.28727352852949,2.3752985664760558,0.15440282842100617,-1.1149375779891852
-4.752796646890725,-1.2685049946645515,-2.1646871815956525,1.6085536598930728,-0.7941908235772543,-1.417706774106716,-0.9875536497546308,-0.5439764345994901,0.6874402939294164,0.5843670067746967
-1.8066417434676056,-1.316840143857014,-1.4810193619186756,-1.222342969999879,1.1563552738360416,-1.5046402443833626,0.36655905156237295,-0.22563331344711055,0.21139192407431046,0.6556417864378622
-2.5909349930896117,-0.007323883061866583,1.1446312709661395,0.21667010470846138,-2.66006267173665,1.2650058858883064,-1.0560497755751315,1.4476612722184603,-0.15721334426257294,1.1142902938007584
-8.459767817752457,-3.8383216108694365,1.380731253909789,0.9278391856571384,2.3390162986960235,-1.3155076112232598,-0.25512779216632675,-1.0021274775807967,-0.4493269099687394,-0.689016212710747
-0.7041105720548707,0.8170280314861225,0.7193335719075563,0.5903804352367696,-1.7929426094959733,0.15901101683968452,0.13544466218056864,1.7673710980789894,3.054561561014441,-0.2648353394424907
-1.6900272241933822,-0.4194323194268082,1.2785088068477477,0.40895475521270824,0.42523259221594467,0.08578376232573383,-1.28096072589715,3.16060264394674,-1.328024690217124,1.8398680202352662
-8.141149040670115,-3.3122708916311683,1.2442487150328203,3.2445469586024367,1.6223307527602553,-2.6745439363529284,-1.2008275756574835,-2.096979916222221,1.2400076415167367,0.030494656325965458
-0.18615411133256196,1.3412193379952788,-0.7588720550302279,-0.24765701079439556,1.9255070577520184,0.4683584846020599,1.5603762411947995,-0.17161418086588123,1.007515337098175,-2.4932956315494597
1.983881548614842,1.2375530879363694,0.6611395959627736,0.9346794537178612,-0.6216509952097202,2.2498881111087226,0.5906893968088118,-0.1754226119919263,-1.4329639347131164,-1.228850777145226
-3.911321064608833,1.397276013316955,-0.4325512860479299,0.5485807227975097,-0.972669559868836,1.0313016280939662,1.275341506586524,0.9555516027485799,-0.1378948794449317,0.9764567491990777
-1.6149589727384783,2.0051322808799745,0.5705007664963998,-0.22615738971003863,1.108603316722531,-0.1267673285210988,1.037957952488778,0.9991413815222464,-0.51351959207337,-2.897358160993524
-7.427559057847521,-3.1478607864181964,-0.5941355356964106,-0.6432340887496608,1.79980661729219,-0.12440526032161754,-1.2071360997040668,0.11736558032052176,-0.47562767468519884,-0.532087130580299
-2.0188334836514996,0.993352934095108,-1.0938762960440649,-0.5624813646480262,1.7283366409391467,0.027555997029568804,1.6305311088057541,0.41622208402201744,1.9869154007068124,1.278084021453311
-3.101739162617523,0.32223961351996566,0.6125278212809151,-0.2440180703239933,0.49100842563728353,0.624359477003946,-0.2295827610707063,2.143350362976358,-0.9780178279823387,0.2399141218038612
-9.965537432236118,-6.731527808543235,-1.940596057154537,-0.16625228328519484,0.21988477232980244,0.03327013611606042,0.9709665370218631,-2.823894675338094,-0.5347691365167101,0.18502232896708518
-6.302932476526327,-0.36575492252928493,-1.476381084998692,3.4696554550900123,1.308520132096134,-1.828466282272932,1.6101929997634914,0.9865607543763105,-0.05248550393937859,-1.1202054491068967
-2.0892293808476006,1.4188267944735307,-0.03507584339354206,-0.6636188981439125,1.716777491719751,-1.0697373286443768,0.5428054613705401,0.5446534149528554,1.6475614218334693,1.1727516287029731
1.9934402587601945,1.2388013154044444,-0.3942212144298289,0.6558863098631942,-1.3918670864336566,1.222028672242473,0.8285219779558639,1.1731500489042237,-0.23302615222184841,1.226321523139412
-6.1755057022009545,-2.274323432631195,-0.8298000327552482,-1.1113761650141794,-3.1202330959105886,1.108007909580963,-1.0168548217902542,-0.5183245495785461,0.5010816027533157,0.397963366828545
-4.16790193342389,0.3430783887774877,-0.043605667160781285,1.2510542596944507,-1.3350271071995976,1.2319520513193605,2.090453450456084,-0.366884121511574,-1.9456240516236496,0.4081823086754972
-1.9983120874006657,-0.05409557870036063,0.2735787022564155,1.0130758479456583,0.5038593553528686,0.44023345193262303,2.4212680368557176,-2.2899850065648595,1.3197187293034125,-1.256671932373702
-4.61092402117189,-1.1855045076283373,0.26634919193773965,-0.7450917955704347,1.0202664691044312,0.240742700666304,-0.6111096059547195,0.3611433401012611,-1.4786631335006601,0.6129177557662614
-4.12293907661575,-0.18887554677022778,0.2837345895771607,0.23486324282484183,1.344214970788052,0.06844777427145608,1.4746342263634407,-2.1388082413688494,1.9203836666597396,0.7179140167018742
-0.39109577255466416,-0.25893380653760434,1.356289672459141,0.2502929456313233,-0.5222119892928742,-0.17751097678803202,1.9937547877891804,-1.5264634244073334,-0.726724906325677,-0.38609155765142994
-1.7194464063821115,1.6758869232163502,-0.44500252930477524,-0.6125381068297483,1.3060636913388264,2.8046095850169763,3.246300172556145,-0.34150179542526726,0.40949281803272847,0.21393312798874117
-2.81321347106471,0.621086142993923,0.6401783792406969,-0.16322395389470135,-0.4700528258878549,1.153441528018361,-0.07245023929632476,0.10183954612157561,0.6908992485239582,0.17349909431806462
-0.9662295146109147,-0.5221616989539261,0.16177099001743875,-0.7207055090788205,-0.8842330379189044,1.0226580624534873,2.9393188521770215,0.45150612283700675,0.9425761037046625,0.08129424055069293
5.231036379604442,-1.542282680281353,-0.9919040599025869,0.634979464534491,-0.15006756552859477,-1.0058963370333662,0.16052071852259928,1.7589631432093893,-2.038619815142041,-1.6013724618565035
-2.173790289672952,0.25129398485198956,0.04424568432621391,0.3836291811065385,0.9446213510344958,-0.8347808763888118,0.3236363602007576,2.7154687907690533,2.32165763906584,3.1371470082360116
-4.21643480370187,-0.3694233532096052,1.191307536266936,1.6163935092605939,1.2413167464755512,-0.5843513863666,0.21444267179543192,1.9546327909408723,1.9404563108322894,-0.1865905223361925
-5.209937053871915,-2.192110924817225,0.24991009574358156,-1.0085558190686912,-2.614789018644552,1.893603790638056,-2.280509374588484,1.3737755281336044,-2.140695479358754,-2.5923947805118615
1.4079657780709292,-0.22943920827955247,-0.13111561629711843,2.1133992930618395,-0.09703679420231102,0.7139798849959791,-3.235257778098271,-1.3138323326311099,1.8037103421647434,-0.9153393536433702
-1.9188869827828883,1.198173755264172,1.3402097873698138,-1.3441453315781557,1.1096237992040632,1.6614748052563346,1.5226761328604472,1.778665256460882,-1.3561373258873906,1.7563828171580416
-9.10597556735878,-4.834701033804237,0.7523458293606281,-0.05947692106813486,0.45120468458295104,1.0088842371857172,2.150820767663721,-0.02639167155720454,-0.7574203703377062,1.2257104922220596
0.36825108640344945,0.8481596441714165,2.2896403654611803,-0.04972276297561135,-0.5214467810594036,0.14019885438887258,-2.9623754047405617,-0.7799035520918872,0.7217079624902161,2.774791679855008
-1.8696607531137823,0.14765957680089456,-0.7100942207712558,0.6570135887793839,0.4509586225427794,-0.15373585241987023,-0.72822960528214,0.4476362205463272,2.3718593230361518,0.12051194685750695
-4.950659544051478,-1.0337220195005667,1.9428170129944995,-0.9283226448970001,0.18646542003917638,1.9480619797371368,-2.4082725576020603,1.6577572497101418,-0.10559003489954807,0.27977667542003826
-0.5377433677141121,-0.6219300974649258,1.3465499560096716,-0.9438046808609818,-0.17863955157509026,2.4247605616050643,-0.6458806290820135,0.06045603153952627,-0.14805976382202204,-0.9509692045791043
-3.0350907754178675,-1.0730906261947692,-2.1531204042853673,-0.06548092789329442,-3.0665972831004766,-1.9570480241389487,-0.24299461276167844,-1.9599419935309208,1.4681348635875149,-1.7430899444125525
-11.978873023039423,-7.908011592708283,2.420685739541402,1.5647790774867578,-1.6492381331254726,0.05401938412819967,0.16347443561466685,0.19933299630311616,0.6813270928763491,0.04837566254447312
-3.230660045728726,1.3642369988608716,-0.5814064872519068,0.10523749533910984,-1.017147615463892,-2.0887468031128216,0.0021412000037784157,0.9495656848022278,-1.5452518865339473,-0.13302081173556002
-7.0253818585530645,-2.5972043641304827,-3.6512186787769005,-0.3747955986973144,-1.931605395448369,-0.5238612867066567,1.4364218430592999,0.6108778721575789,-1.90305272860059,0.8680377404511906
-8.538355835089638,-3.5806295107637003,-0.23927519779099152,0.1933689193833498,1.830964394952549,-0.3790568674617252,1.288001411239329,1.7547731890223723,0.9533877302589142,1.009054199493554
1.1973426286778717,0.7003323005838199,-2.0144287520775186,-1.5723678708800295,-0.5184245527002447,0.4030871990669314,-0.7149552686698583,0.49033789424339425,-0.527786593970165,-0.8313081884352217
-0.39742130710545714,1.8170159907570085,0.9403255663619311,2.463872442423881,-0.00240156801194663,-0.27298487817854794,-1.4540916238262687,-1.0725312824238615,0.32263115378042967,0.8596597293554004
-6.396333783357302,-0.7110912829731383,-1.1623589636609688,2.2429353396762015,-0.2485039559394401,0.011206054365738334,-1.7673601488130013,0.5639664224135861,1.1460633385288803,0.5974409264450452
-4.216806857446075,0.5113628980222256,-1.365643459985932,1.2670016523166374,2.977662112120028,-1.6909173985739474,-1.0131692344971792,-0.30736158319471213,-1.2312861254063197,1.430081806993507
-2.386720410638184,0.5899053446592728,-0.41825579847314925,-0.9138157403653032,0.02102743504146067,-0.12854653786611642,-1.609148406252199,1.4642477661814661,1.381386391080854,-1.1925837883879606
-7.176874199939607,-1.4005665879691358,0.20628149238838492,-0.5555616720517141,3.626613250014284,-1.9746050793117533,1.0927455216310284,-0.26879084405964715,1.0329163993132544,1.2809743458693765
-7.326709332781145,-2.0251845974655422,-0.26349252420763686,-1.4352953307478549,0.25534130877770184,0.5211361415905269,0.22640392256583097,-1.1483761972616635,1.6924550845440252,0.6336342564725913
-2.1717312691895936,0.7019504463789027,-0.23260258702928835,0.10631408322782693,-0.7165936214351928,0.3701489652263418,-0.9346875900007562,1.650553991448949,0.39042306971705526,-0.5115181525015854
-1.7375984387268946,1.0954771813231585,0.03949161479329467,-1.8386565372226646,1.2829094569831867,-1.8198289169583488,-0.9414120669321199,-0.33274699701315574,1.5095581165500422,-0.7042792049274458
-2.9523275815605086,0.7620913614844776,-1.8793063114102961,-1.7704384625479928,-0.13630831193200946,0.2332336898726835,-1.0181278167612842,1.3624194078023104,1.202796391443381,0.46164658992737057
1.3496964438846775,1.4853483799421783,-0.9066472013887504,-0.31274938294728216,1.2963718235779838,-0.5922032357059356,-2.32797107513157,1.7721710253903113,-0.39861107942600155,1.2350758260585397
-4.068764358855491,0.6436316949203138,0.00925070221779837,1.1149875401955869,2.6487584250686065,2.2560917651335597,0.4103026772555086,1.3921201966397467,1.06740361212679,1.5980257410497822
-1.8748980026575515,0.48551877823450024,-0.07443651832671556,-0.16444466918777342,-0.7630092301582156,-0.6396901091532637,-1.5450750764604317,0.07241193969754509,0.28575782834690266,1.2195666611241307
-3.6017876182088933,0.5806828206889941,1.1352882108729383,1.420094036662633,-0.13099918272893601,1.254027822058044,-1.3713398236531544,0.07682650063075722,-1.4979899514588961,0.4983930899273963
1.4920264184754044,0.2604217329545357,0.16879819244976632,1.4887481676313188,-0.3939912820519892,0.05911425853817632,-0.47246217593047196,2.5952297982408394,0.3010493539526514,2.6354472671948566
0.16974080713581569,1.2626824502032523,-1.6250382713727682,-0.2419964634548162,1.6694026834550326,0.019665655945567198,2.704386025199172,0.686982360609425,0.9280633565087697,1.8730250436715634
-3.8788130461733625,-1.4802775771225019,4.759505728775812,-0.9339180367286183,-0.6514880649643184,-2.305707570130781,1.7269579653644047,0.38507848936078215,-0.3379405182325498,0.24017942608904996
2.6331882805024676,-0.24684647966080528,2.6877470672645343,-1.8823408950480203,-1.9012302804274144,1.623223151018752,0.8050681453803142,-0.49867917858178346,1.585595060403456,-0.384675006283203
-4.575541899804464,-0.40278315979539314,-0.3845477606018362,-1.2722781839581816,0.09274313332664574,1.3320618267062465,-2.4109474176457475,-0.15191531419186913,-0.46998242565647375,-1.2099964884646073
-9.307912255780813,-2.088258909976767,-0.530816979895006,-1.0673055832940501,0.28293312991511327,0.3648788036355467,-0.4073662158465547,0.5020279778243951,0.7831051674653847,0.6583545474439193
1.2996045544377541,0.7544245918261225,1.0851793621784933,0.07936931372209632,-0.6129831327726157,-0.23864683447929352,0.037298938607689146,1.822498243093987,-1.045129900390216,1.8196156975118603
1.6489699411332421,1.1344834425515316,-0.175704428768908,1.0275814804595524,0.14779595487441682,1.447861804223393,-0.13783370169586942,1.3677662268969968,1.0963454447464827,-0.3852428683038612
0.01748480841843724,0.6876214416992197,1.080344538025251,0.3438277795410579,0.1388275931103423,1.6222219536895799,0.41568052464736627,0.46968287327519076,-1.7790940975098304,0.9063667221331811
-4.379571888670218,-1.25724222791033,-1.7216883045136508,-2.1087734992437275,1.2380969874837149,1.803771397498941,-0.00984258272056245,-1.80139471750965,-1.0287211736551927,-0.3588300803953837
-4.141971820149454,0.08992879425300679,0.2923172891693325,-1.2033507637510434,1.895318847578224,-1.472259568906198,1.6622008620355508,-2.0244239145923624,-0.5458043645929451,0.8104680448839826
-1.8073095292884158,1.031285337608952,0.7760523627445463,-2.017113898389656,0.428881232443832,-1.2349141542729165,0.7453608474189093,-0.1824911704147176,-0.4228665481231252,-0.5465866145715075
-6.124252077804842,-1.6565862478318332,-0.18442863638542903,-1.0428513095007605,0.5118854243444735,0.5692399522285599,0.08777407635333538,-0.568084783119901,1.8037938337793098,0.2004771948322892
-2.6016075185796277,0.5847484097920779,0.9561050956586437,-0.6733504055595023,0.7208803935962856,-1.0229780746454347,-1.6501166152222526,0.1637619374478281,1.8535097717661604,1.7410527479304565
-3.0352142767433965,1.0787514457909169,-0.26051206329407517,0.23882235372355945,-1.2656912426213873,1.245479314925572,0.5583295642153323,1.7280154890733705,0.6875760332175781,-0.8973544632205122
-0.9515540399155669,1.8168706399963737,0.16776841256735797,0.15072764441858738,1.2899929335432396,-0.741177934016547,-1.5167417647813481,0.7544339786708236,-0.7788020438329963,1.8572352027728902
-5.824689670368896,-1.2739890769992608,0.7503914699720143,-1.6653541951751334,-2.0523540051198106,1.1371717181969379,0.8087882257487096,-0.32321258284499466,1.553680269098501,-0.8288563881638308
-7.26734449560597,-3.1747337066762684,-0.9899390429117917,-2.439745261155217,-0.9034744462226111,0.04299514466083221,0.9345339953026324,-0.6456719907093201,2.3790156428178384,-1.0253004184821657
-1.6959186000575717,0.4417864735629596,-0.22330883203599972,-0.2278564586252932,1.3056004420827714,-0.6294594362128042,0.6062939854874144,-1.1733258277858274,0.08447097447002609,-1.9915207872521814
-2.31059112483606,-0.15938168073351466,0.8200755449138628,-1.8486532259380852,-3.091415032712664,1.1236305775171922,1.2884087303454606,0.027639957412481254,0.31632828622814807,1.7452127668789275
-3.4681095270789686,-0.046826681099558065,-0.3003847080451356,0.48482495890083843,-0.5732858462540432,-0.6872892584725121,1.417741874981012,0.820933191841221,0.6415145196803766,-1.537205755064144
-0.0852499960950363,1.7234395167838694,2.4039442102750646,1.0287580919887247,-2.4016869479257443,0.5320554742953955,0.5798064042398581,0.643729279220855,-1.1758794197016404,1.3985678662822996
-5.066738181575489,0.836516328261477,0.9833511733273854,-1.0191810519528768,1.059307807971094,0.8499000290637702,0.37697327262085506,0.80718220962965,-0.1145415933084103,0.7374767096934899
-2.483479035570205,0.9468035972994756,0.20861451757134386,1.7961292213416848,-0.5322489512258227,1.9092556967855323,1.324122831268694,0.5302493914143305,-1.236220032918759,2.2169729016802378
-2.177519837334894,-0.8569266946322891,1.533395923803253,-1.163036963845737,0.9227031270216255,-0.8271070756495291,-1.784613834264382,2.4521063180541924,1.046116127027708,-1.3522260151472558
-1.896972546752646,0.7233305841796792,-2.1108913852528555,0.48721229872583843,-1.9484431519774554,0.6348370835604253,-1.0748816344327807,-0.455271280807365,-0.214934133165417,0.21271805566386823
-0.5649860626930974,0.03025989873286368,-2.7781011885595825,-2.578076772489147,2.099244636847708,0.7921118358884993,3.970888872197011,-0.4364693556130862,-0.04813108186166784,2.0473680819163462
-2.8728405570934497,0.40946148702696444,0.1993990189012518,1.6835608032365141,-0.8033928786073322,1.3872077284655444,-1.1960119582030262,1.1799396104586346,1.634713673511119,-2.746849650064649
-4.239250068724771,-0.2990012434269167,0.6259642949738171,2.316394136601282,0.9703885532266754,-1.0756657849611493,-1.3991219384529363,-0.622720667951067,-1.6340255448854157,-0.21391811417959078
-3.4583898343146546,0.7490280071003804,0.694951105125535,-0.28175155147251274,-2.267177071324467,1.082957680630046,0.20126592425036094,0.1572789594402838,0.9478378641782824,-2.4727990073082298
-2.3824536001490104,0.5197534053628023,-0.8018936232052168,-2.0459030801268203,-0.3541604187892888,-0.13287734657409003,1.0275924791406577,0.9382851605996352,0.061931878986117204,0.37847584029958126
-2.9257559990028965,0.21664100859950883,1.2867881810016801,-0.3039701793828398,-0.17733675059221804,-0.5645756860042142,-0.7172387133439903,-0.915263914060333,1.1926627931888698,-1.494518721312402
-1.7198447911458226,0.7286747460053051,-0.19970557004578454,2.4600059303701434,1.9189701698756705,0.6798942100174749,0.858983888381036,-0.29044438779867443,-0.6812172470819085,0.3214578862774371
-0.8414068341730945,0.9875462360304142,-0.5426299549166613,-1.720064568004304,0.7307580645064928,-1.47735895103092,-1.7400147426792867,1.1755364103827497,-0.5077336406157735,1.1566934532917552
-3.8637937523929735,0.2789161012397015,0.1824714831837384,1.4213343021631686,1.6010908115156062,0.9354924713426758,1.1511910568738575,-1.4568595050297992,0.5786039809254095,0.9404359315762352
-3.3463171059313854,0.8247438280277466,2.004014428786976,2.2352687977830294,-0.027729333703408677,-3.8792795238611397,-0.2697648950419639,-0.2262816409225997,-1.770766438805794,-0.20453566874470977
-2.949361223767811,-0.14545026998151914,0.6240037975288719,-4.113041411838945,-1.5975443862779832,1.9994406962471545,0.26541580553095706,1.4417647223012122,2.4773131658512346,-0.962032350468622
-2.335826628919448,0.9677067554338181,0.17134051713481208,4.073281960139857,-0.11957462064817144,-1.890277292457009,-1.873074571302789,1.7676533625948603,-0.42732259583175075,-0.5241032943087879
-6.408137457428003,-1.0712854294874157,-1.389659885132602,-0.8477746260946729,-1.5639806403687826,0.44454721432780575,0.24091921856250273,-2.5672669503891754,0.22516832255402808,0.2070819230662487
-4.603360741038777,0.5965200544394823,1.6006454512281865,1.990834108927558,0.5828383043911411,0.49329795523990455,-0.44151927159364535,0.20864118751099944,-1.4951954555196445,-0.26357860240111536
-3.585779801618967,0.4851319937336353,-0.3344477106462133,0.6370374602731602,-2.72515362301136,0.5873444290658261,0.7820971702575518,-0.031833858609212014,0.6117116057965499,-1.7118914457762786
-3.678345566302573,0.9502294216260485,-0.5127801580877879,0.9893235785111965,0.31264259285318896,0.700416988117082,-0.09622962024766393,3.275874512820351,0.8923893866225603,-0.21536617029562077
-3.9837420850297423,0.5467447269955216,-0.8004205978346761,1.5404684866742833,-2.898092259999137,-1.5884141168782568,-0.5873498717436135,-0.8227685843879858,0.17793159162981806,-1.407451184485817
-0.4573152477817327,2.1337026463804922,1.6369944049391671,-0.1687822681226922,-2.0502237411282525,-1.5309265249989659,-0.8885042547494949,0.33089177618017923,1.0078462552272214,0.7409069583713548
-2.7902695752002056,-0.48886781632268983,-1.478154363289414,-2.1415271416574906,-0.43752155891768457,-0.34200126317816704,0.2380573044698331,-1.867029881196871,-1.9289356460627023,-0.6125482613731393
-3.1380225126375554,1.0434774497143826,0.22503232817385088,1.1224090553765775,0.6924896801005483,-1.203004747152975,-0.547000306695273,-1.680261725930022,2.79923969101492,-0.5755957955860238
-4.190491438982183,1.310010090403164,-1.266027348423659,-0.011115262726651556,0.4320100543109353,0.7888007350924946,-0.44845551309741527,1.5034664091195205,-0.7226515350799407,-0.03300877177019892
-1.8605803236842953,1.6300816695492837,2.3010730929920182,0.742026227296087,-1.1460297977836387,1.5176880754070006,0.7352631850046271,0.7584943535103423,2.0538662259408778,0.4797562193144925
-4.3304949222587945,1.6933539062379046,-0.8444011109399309,1.1636215989671197,0.8960762880024273,0.7641188448453375,0.9167226295341081,0.37797760406595665,0.6640191167804941,-1.9849935737020292
-7.70705664245396,-2.58557885310742,2.4190595190265407,0.5413934009089763,-0.1668416317091382,-1.587614401763947,-0.013886922185009419,0.3572152313639608,0.7221488488308409,0.05677082334263821
-0.7589138500898246,0.9408464334503062,2.957942679057946,-2.1966230323837994,0.4730539672063729,-0.5827580233485927,-2.555918847294954,0.8862050350409932,-0.41150347095963513,-0.350570647389088
-6.602322129153459,-1.4360735100225333,3.820943002140881,1.9918279997555532,-0.5417350347355342,-0.0034068264010829047,1.0003483397605026,0.5714561068503738,-0.08208870456282939,1.396467374308239
-3.929351887208611,0.3798035246123711,-0.8990078603864345,-0.9164951589065742,-0.12293240484711127,-0.3559634737429457,0.3680914839180482,0.820365103545477,0.2266294270184403,-0.8612532349767764
0.6107216553361575,1.591654102719819,-0.38514271424214314,1.2815987040025316,-2.204934262200203,-1.0909650465088871,2.7347681616586526,0.8325429015695271,0.2551452005309105,1.2691766592552398
-5.512151568938734,0.11025139905238099,-0.1356406392269994,0.8326174832378038,-0.6875845191302283,1.3553183881214474,-0.7317984846752402,-0.6381747482682802,1.2916784169103512,-0.3455626572022786
-1.6253866026074304,-1.3375092965580206,-2.2817086553808146,0.6335531192772108,-0.1994798838489158,0.6725840473746405,1.9463060363154105,2.477291024724143,0.47923361754671673,-0.25616355063326673
-6.140472792419431,-0.5775945113410614,0.7801338972211346,1.4191814865217423,0.9374909920651199,1.9135615987545664,0.4525841721312621,0.018699631978489215,1.4333579099828029,-0.08904715330747692
-5.092170760160044,-2.0542638879823127,2.1964078056641907,-0.23223332705505076,1.1016671686520405,1.6185185408034315,1.4227150408803377,0.4174914907919009,-0.53925109425891,0.9494756822726534
-5.098870249084176,-0.9057178307387487,0.27855559349620995,0.3868667158731952,1.941710164267361,0.7567439891363108,-1.3469200223045583,-0.3878776392143851,-0.8300925929596928,-0.654374712239315
-5.321582776644044,-0.2324294249193568,-0.4753190314193893,0.42135203012215133,0.19377202292470036,1.1775451631645875,-0.3492893023145235,0.17488912526467762,0.3768829336767843,-1.0090601679379636
-1.60725862751905,1.3572475291353954,0.812250036063319,0.32774174100913045,1.077155178901887,0.007258555431738327,1.0383628612348896,-0.9630066245954877,0.11816185292688278,-2.040724415642191
-5.967864360702779,-1.0750886696514401,-1.4485733860221344,0.8060510725837013,-0.019207805426872216,2.1554835794113387,0.1603843252276865,-1.3888424070766192,0.33290230584383107,-0.6616769799874268
-0.6273954483999861,1.0954027744151362,0.06827169952082734,1.1728675346097093,0.6641411313279489,0.03461274524006721,-1.9078197816240803,0.6198986359838978,-0.08576973205230255,1.0061180930910838
-0.3833238496972387,0.7876651564833941,1.6744188416516932,0.2577420959878729,-0.28118245163338745,1.0095176303540576,-1.0395772684140954,-0.4184210899356042,0.7369601962676771,-0.27384714955044487
-3.4285287445322403,0.4127270329403907,0.32303324668454986,1.1385898558545686,1.536547704092144,-0.26408064298233447,1.3536651857913855,-0.6521261406032992,0.20094097892264925,-1.4952519573642242
-4.813362734223382,0.0478444374333345,-1.0035620861571493,-2.469896137235344,-1.148039842301565,1.2387586807902011,0.849264279486163,1.090984580928758,-1.6959344142792778,-1.3304909847516915
-5.6824255010907105,-1.9290363625712346,2.786496949079789,-1.1773753899572976,0.37829582396779066,1.2041268515437582,0.4622315706430269,-0.7410338553185383,0.6126570929813606,1.2868878885808106
-8.035509033557117,-2.956164311269284,1.5095366515689086,-0.2052108905544749,-0.09898656887735577,-0.328155155634273,3.061575494447037,-1.6630936294978038,0.31399049889397956,-0.9346470141634349
-3.2365580788757473,0.569895600265041,1.0581735486369157,0.11225455646505333,1.6943343303367155,0.22069276566957663,-1.621435737484966,2.7860429833085028,-0.06569796100804541,-2.51556635947687
-5.3174258740802385,0.8095749018868666,0.15760280564193482,-1.3741588254046722,-0.4501560990371045,0.1258371756827717,0.1291513567661105,0.23496109619785754,0.3280554246131117,-0.5686796694595724
-4.432610798227748,1.8036645892508296,1.244890316219883,-0.46657291378255733,-1.310637838560315,-0.9082220475327942,-0.10698829116779918,0.4682910641260929,-1.50649524420526,-0.10527920166245389
-3.7153815273890616,-0.7146516233065151,0.801098724482351,-0.3656034940716733,-0.5913188955866469,-0.4969825881206236,0.8950056223334484,0.789903965174778,0.3477279964260142,-2.206798963595803
-3.205468904883925,1.8907519165932034,-0.1953970560907491,-1.649739831082258,-1.140064906614404,0.09381145773698908,-0.6647078195538474,-0.3928518555496809,-1.322242501668143,0.5735641249379365
-3.350991424138972,0.23118061949037458,-2.2382349860673068,-0.15994182804357965,-1.2796591606943275,1.2501383536055761,2.0960548806126726,-1.7139281709223941,0.5837275306798215,0.7819191635493951
-2.285501671228253,-0.5670580133182646,-1.1211650804567848,0.7441486836845773,-0.2984774579940021,0.14962780502921527,0.42651776706379124,1.234487673122768,0.6477968816762336,-0.24918371110975104
-5.03508252631411,-0.4650711901647371,0.09995312549805171,-0.5531008856969388,-1.6924759550121997,0.46243658117002684,0.4959660641290608,-0.2772744952924435,-1.282773843305563,1.7846207817335407
-4.622427713506328,0.1571458838444244,1.2566394133370054,-2.7541738220095757,-1.6451418290748439,-3.2823400598480874,-1.3485817681853773,1.3074356256902104,-0.7998587934967695,0.04214105625279424
-1.556779280994544,0.5960837606009177,1.5954169020810507,1.56939791113895,0.34698959014215236,0.6254840617463765,0.12819200609064899,-0.21188146831184076,-0.11523612376426516,2.055617633331636
-0.8105382152530711,1.2365767992004078,0.16878739376842408,0.25866460233124206,1.6510790908913653,0.3161448562014425,-2.165504330127714,0.8299764185173006,-0.18144243199044774,1.4792178808116376
-0.6665931378422274,0.613919963667891,-0.9976455642166704,2.030839550188853,-1.7994037229416493,1.6861537667487903,1.0808061263944475,-1.2243452452647128,0.6991337201777014,-0.9284167990867264
-4.208560020229439,-0.7206510650319196,1.8748851549630625,-1.1056185486142578,1.60025831244335,-0.2760059626128932,-1.1866864256910237,-2.0439837207129896,0.6440201457901594,1.4447655622047726
-2.1707047694121138,-1.9050813080219169,-1.532469055733332,-3.0312679298078873,2.8710889889060036,0.3782129453070359,3.936010093631539,-1.0672809136155648,-1.8004123210029985,-0.7746458719249348
-0.9699362177444546,1.0361949954766778,-3.3847477429754877,-0.18340529166867772,-0.7029687492463222,0.9729008365323425,-0.13710699651499633,-0.35853093715280876,-1.533058059142065,1.8415973196222886
-5.4049731158642205,-0.37409707535085146,0.4440044389842365,0.7999336344089033,0.41168421345682443,0.7305126389617034,-1.9346889068439959,0.39857515438106206,1.2171902146978806,0.5304356195382907
-6.933799160488039,-3.9926422664346317,-0.6145660098063263,2.5647157880461315,0.7156059537344627,-2.2766753377295292,-1.1573232866051368,-1.5640145148456746,-0.5105884723821559,-0.6000109451853146
-0.8072441038809347,0.7307348322289396,-0.3128375936273876,2.500479147851925,0.5700232559784234,0.876123323378235,-0.8222712069647752,-0.17365663075144638,1.908123532245,0.5317915821432426
-0.30925776575793373,0.5691142350728279,1.2867286211363567,-2.047541129900084,-1.331875965982925,-0.8732035273015597,0.8504850677821303,-0.4310706172201552,-0.4475090345851241,0.10542542103938354
-3.465158359293209,-0.5124616983749203,0.7846453157910837,-0.10561094181887697,-0.8208052804271221,-0.5413807007969792,0.7572592622824578,-1.9399650979641085,-0.025900309910846044,-1.2206368267986607
-3.7632419967860855,-0.31132764782332556,-3.3310697466058126,-1.2773145490419764,0.1418845946075416,1.7554741361795858,1.1612028290231085,0.01825580438934427,-1.7216713082231176,-0.7200807278033944
4.7729888276044345,-0.4957475356197022,-1.026030017440567,0.10734393895309875,-1.2370667175177241,0.7084976168993682,-0.8614984212434806,-2.1011367873498754,2.093837521285683,0.46943508579522036
-3.444963950450776,-4.163572637010357,-2.65221091779933,2.3750274179518813,-1.8865791177361277,-2.1228627321666598,3.136468768515426,-0.8070394857255384,-1.4403989783081919,-3.676922179627949
-0.4467113692129781,1.7655909446081648,0.04245786056482633,-0.9041202316348128,0.9626791080852284,-0.9649177022196228,3.266907437332976,0.38499673732387163,1.6695179241212488,-0.18463980859263737
-5.4391447299872135,-1.0467474160177426,0.6156695100481153,0.65619324472195,-0.8547873603337235,-2.522751813221286,-1.8542613296844324,-0.5198200102802571,0.7109856209310503,-1.1113862063815998
-8.19106936679245,-2.8868109585482613,-1.5372757289608194,0.37097493822109834,0.8111373978706992,-0.20095629650013858,0.025382582623358244,-0.2633698456825107,-1.5357461454389507,0.08579473050003016
-1.8375680332434405,1.5762227533414432,0.13677180483798873,2.8369151028282817,-0.09402141514834267,-0.8389111091345774,3.4431820906398296,0.06081663892515872,-0.5289967024742936,0.6323121347214727
2.188494183594754,1.1449638619767846,0.5252478266200372,-0.12005114842244144,-0.23163217904119748,1.6995740795748562,0.1946551300976666,0.6808513389498074,-1.3278884176510681,0.3889319316411379
-0.5773779483735223,1.2060940122453652,1.5800168258825824,-1.750700071448564,-1.7971745667384282,-1.4632342873879824,0.41050524759943435,-0.7411793428356791,-1.329276280389315,-1.661386562835099
-6.535485470829751,-0.0875478700979686,-1.4736072593981024,-0.2923789974807777,-0.3190585095177364,-0.8719996427833838,0.7886085595234321,-0.6601703670854246,-0.17926326169985166,1.1938963712157693
-1.1936492017060145,-0.3358656802160156,1.4227375677425937,2.6916221576170725,-0.7777418896403896,-2.3507419945177728,0.47989623165479167,1.7999315985338409,1.9888263027394637,0.04411428676228073
-5.074401067567034,-0.7212626794180179,-1.544706661050538,-0.1881331771635704,-1.044678728764361,-2.095164213178373,0.20848044514375805,-0.6574473821606743,0.7285596333570294,1.78699888838731
-0.47628954002136137,1.2070525942092765,0.730622099441741,1.4383309094470298,-0.5728844202959862,1.018599133868694,1.0184223193009774,-0.3042284276329497,-0.4689350957978544,-0.8469229698754669
-0.36665284749726945,-0.2100958858513875,2.1128405284395204,1.0625775463654092,-0.6082403684377802,-0.8639126258799823,0.7601004958834385,1.6436997614849873,-0.8944740436341055,1.106046702593335
-2.3414672076720464,1.2108020843497986,-0.7993153908001476,-0.04250304090498608,-1.6200512960683677,-2.048512471066554,1.1399608547102882,-2.2816007143283294,1.21908711477211,0.28827985711299525
0.172663732528625,0.5208466281057893,1.2710600860494004,1.0282093506053473,-2.307316109126286,-0.10123665176247912,1.358772831255964,-1.4821866337130278,0.15665909375259357,-0.9978493753235359
-4.882482010025136,-0.17503350858629396,-0.8191687389014507,0.7956935680980608,2.9729027004210304,1.3142397164980237,1.3062912425317486,-0.8229231206432988,-1.335273761710358,-1.612080648735303
0.5044392724327385,0.6611624473071713,-0.7845877993059693,1.2859906844993054,0.8095359596895986,1.7321537337523851,-0.3774234090733058,0.587500313162617,0.15980574726803728,0.7405676862132538
-2.5354594026737316,1.9913534106125461,-0.6716360290162795,-0.25728210913292177,0.8079065161524097,0.7674792781246488,-1.0894064395834024,-0.22485205142182121,0.7197923728394842,1.6370048480797637
-3.8963530214588014,0.751295987098607,-0.1989517319257216,-1.4438453834865894,-0.232401526200393,-1.3108798434112507,-1.3582625227526959,1.166614569340929,-0.133714868670674,3.0773465908670277
-0.4492095980157376,1.7175251432099512,-0.979266188279983,-1.8462035073600531,-1.0667719785740264,0.18644487152809164,-0.8848787616186337,-1.3753638508346124,-1.2550628409125137,-1.1566789899662324
2.561809654813535,0.5551538084587379,1.090053778314201,-0.35945206801386276,0.646063062608719,-0.13264468223882564,0.116136150850613,0.5169920788555621,-0.659647006332567,-1.498601476444098
-6.19685216302369,-2.3077335416693017,1.2865370577997979,-0.020912183763034983,2.7280953133818566,2.0185770702303385,-0.1282719129113435,-1.6513904319403538,0.7368446704858532,0.49453390987302454
1.1986710355294925,0.3055750266063084,0.5023606758282794,-0.7333376065087264,-0.7651610295660402,-1.9751828038071606,-1.1529223569055962,1.5265906133811202,0.4323144546691588,0.8436063041658319
0.23191400024267492,1.0178340862430435,1.8781537650915632,1.3168025027873027,0.5271122914180387,3.9599099954687036,3.1691686467832594,-0.6955255720519395,0.6520225811884869,0.6240667482579381
-7.005005739242192,-2.8013650457090953,-0.5996392404934296,-0.5664023178433152,-0.21742658594098163,-0.35109346458207036,0.8842960406059395,-1.2150983776733006,0.06264077144191525,0.8436966948387193
-0.6049807797144392,1.9434976605665224,-0.11501642465785353,0.19108072150600228,-0.688331045844094,-0.9953299941787659,-0.6564255041300372,-1.1710855187979983,-0.8672828893661689,0.8566148533630944
-2.480852466714173,1.1768514298609292,-0.3110376928093358,1.911198259505391,-0.125815902076389,0.04163237345159998,-0.029008068726835163,-0.7070204176486784,-1.6202903310575894,-2.1412161914646775
-4.554205498269809,0.8647507862747034,2.861085457212755,-0.7195669797840327,-0.925099172746003,-2.033573781238028,-1.4944005751848484,0.11689368793983193,-0.46105098488708,2.4135381226685526
2.248618156854366,-0.3987972323425055,-2.2840556190503225,0.4506258318053785,0.19602308324818915,-1.4017833764326746,-0.9702866637591889,-1.4348956786152127,-0.9077950176259826,-0.7332691171851907
-2.5623238984550913,0.13546725838818902,0.018768149948421492,-0.8214795537264146,-0.657490015691504,-1.9172271478936675,0.1768981126202626,-0.8995894813515987,0.3060256801814995,-0.8696583776637599
-2.8244286757925683,1.8691605559655813,-0.1537674786353507,0.011670035409116118,-0.7473218419846996,-0.12706460185657775,-1.1807194602770472,-0.48479161209146454,1.17300040381853,-2.4452539731330574
-10.755968232937064,-5.313312190958081,-2.407162384580588,0.9021813008061317,-0.6691654407142879,-1.0775612779239283,0.5700705296846148,1.897971287298232,0.03843446817094594,-0.37602489481310275
-3.8542460303086132,-0.6444381356298379,-0.8251735509165454,-0.6188474462836235,-1.3560250346604243,-1.6122301279606408,0.2793135639277359,-0.8778921597683247,1.696707971889676,0.07861752685583454
-6.365358684220462,-0.6462835232345635,1.0788027840459489,-1.0419740491303504,-0.585983928619292,-0.5279056895144614,-0.8195787211375423,-0.8666654134156859,-1.4733337139607867,0.9997385490176777
4.875716729250876,-1.06309222125587,-0.876837144122198,0.6655951573383858,1.1404687476690853,0.22418979311173637,-1.7515806022731022,-1.53365329286213,-0.014986674007370254,1.2337027508464318
4.208658239685233,-0.6101732363947953,0.25936614521760293,-1.072965126998134,-1.735362408043022,1.2418366165669028,1.8736099921919627,-0.5918720798507365,-0.6741138074497091,-0.7404940793430418
-5.8756880295960805,-0.04174853649539024,0.32217884793901597,0.3823735586460911,0.9805788715249578,0.5025823887923312,-0.6065838907723015,-0.8556414607363474,0.17443277465485874,1.4437940194885817
-2.395556752376213,0.7043271088130691,-0.5285456124587072,0.3184736200108988,-0.03687290662588578,-0.027193485765428006,0.5129607880927235,-0.9570889157480958,0.9010804065465482,-1.5771329752200482
-6.476159056681965,0.8897837855309002,1.2487314362577586,-0.9076817010492632,0.46949006715121716,0.5014744510648673,1.9091211576396319,-0.42269454544136265,1.1499571866182237,0.9881693632178523
0.8344449896384113,1.599404289901174,1.812459404289561,-1.8848733786199154,1.2089416496329617,-1.1617847182409886,0.32711779658553236,-1.1924773791879382,-0.849583573634977,-0.50253371432061
-4.238999166924756,0.1858217726085499,-0.5920659270125925,-0.2506899235731056,-1.6278971478177553,-1.1363670973465727,-0.40798362181963954,-1.3215616069354292,-1.9083429748988952,0.8854526669243529
-0.4005935377681093,-0.30481644837638994,-0.28461847609297886,-0.5854034176338524,-0.9068255444290062,-2.057082598345682,-0.7570996523392376,0.7718645976135748,-1.4672381570556046,0.7757688542169833
-7.136104631482777,-3.348201133347089,-0.035287669083558945,-1.2075914285370528,0.59913678080403,0.3499820280750172,0.6274321722874742,-1.725579723590205,0.9242881765863067,-0.3569889352078634
-5.082466826906605,-0.7759636436685011,0.9044534032813931,-1.5209385932942934,2.3450158663195917,0.9930639366186342,1.0391955368995442,0.3530084038642895,-0.9911221646871454,0.13027226671597628
-5.439300957136214,0.10724770486695243,0.10644896288002084,-1.847522390217724,1.5268036337085011,2.9366805888245997,3.1164821701742715,0.667083508991805,0.15348598629881346,-1.1999784097647908
-3.884745133162405,-0.5633462169584194,0.29176692666553755,0.8576381371794383,0.7420183491471493,1.4207031081494632,-0.22258605993582367,1.6121756796910687,1.6619416700391214,0.7282030139612738
0.30359722314428716,2.020631366536083,-0.48745757250580607,0.22370331330131635,-1.663472767951475,-0.1070422510161998,-1.1081181192329344e-05,1.4470821400739609,-0.8222594188340253,0.27209033763361196
-3.4349582658767397,-0.24676709550703177,-0.9546154684703254,-0.2986558955789355,0.22476473184605247,0.19400441769879045,0.8342675768346536,1.3230902617588882,1.6156076778811272,0.25114472073864585
2.2735868728412303,0.749333696166915,0.7700133655425977,-1.3249338609062085,-0.688203451438246,0.23252079879992757,0.4077389960341269,0.6004740558078334,0.9950974538378787,0.023057549914348427
-3.750748142255248,1.5411559015639453,0.7802693497270009,1.455935630737866,0.9942865329026759,-1.8100672382300087,1.5097188144177247,0.48360433091718685,0.5293089762373463,0.17004109505324308
-3.5562805531529507,1.6143513694693585,0.6980959364056176,-0.43092763323014316,1.4093779209566175,-2.1740149852341855,1.7800061617869694,-0.14326952820758423,0.05837789516296047,0.11844771157469199
-2.9489260151400893,0.5158133972264533,0.38822225451393744,-0.5134249640467363,-1.355348095688915,-0.7105359755042502,1.7114833827109168,-1.3757256187322155,-0.45714163476035397,0.4959169127656068
-0.356959272009208,0.05739177323206404,-1.3715306005452903,-1.5929234431731496,-0.17409458483515802,-0.4714572596340511,0.05055970538755395,-0.09312546463914403,1.0079924356555316,0.6578814067420174
-7.742793898171141,-2.0987766583852454,0.04123059561227462,1.2187265211122806,1.3972983926770717,-0.4751000260563026,-0.870740360796224,-0.5300996007226818,2.2068398257881525,-1.5452681680100413
-2.867673037252709,0.2652770008614842,0.2174999916491176,-0.2314402328103129,1.2480752816034777,-1.3240224834238783,-1.7540705285283786,2.2704887020086315,-2.874174173287864,-1.4463542452291078
-5.858379871276981,-1.0554441083937587,0.6514533275669925,0.3861370622250074,0.9338030513685536,0.4778147031843977,0.5284155500265172,-0.11984882239690925,0.5921685685391997,0.5478939213482723
-4.801040196393783,-1.1875801346855734,0.37786358652792934,-1.0910210189126286,-1.1833169959376342,0.5851610151470077,1.5793814259279924,2.0439893932662603,-0.24033763679887035,1.0306210921346752
-3.8256825588076215,-0.6298445589756824,0.7024024872556885,2.196235728746059,-2.7252393036386326,-0.5773957597976306,-1.5953785178827184,0.23006805648694534,1.831116824641335,0.25444940744512945
-9.123902222678826,-3.5807321022898617,-2.185190940191957,1.6710855109879468,-0.17393270626654242,-0.40955316378897644,-0.5106055154710452,-0.13845759231002783,0.08233915776978237,0.08989330200992884
-5.380771241632593,-0.3157134393389295,-0.2602347058221609,0.09871794143167786,0.9608845483771774,1.8277612477230103,0.40989027713458903,-0.9544352822503487,-0.15429191791759023,-1.1901644250912347
-2.3586671402623316,-2.257951002259977,-0.8018554667974013,0.27008396103927035,1.416759106269442,-1.550785483706137,-2.3889449515191026,2.873893508032159,-0.7105553967339445,-1.2200240796079749
-6.387194837191433,-1.4411379815020728,0.4173209609034446,-3.191576894616909,-0.9426112602077227,0.3658223189609739,-1.2919756800926385,0.47595400954127853,0.29472596075628305,0.27258122400550033
1.931129802504004,-1.2765739963409968,0.3572910680528228,-0.11517116435144215,-2.1624137234674525,0.25091555634008234,-0.2520318991891624,-0.39435665599259717,-3.3270842717518603,0.04523522660660081
-3.8779551785968653,0.3704316596392438,-0.4421622751909331,-1.5360809162189064,-0.3772453340725184,-0.9077239423811142,0.9799845513956129,-0.2757610954616801,-2.0379867361751067,-1.0282799747004578
-2.0054579942309503,0.04654003240399897,-1.4180567981722678,2.9177666980802286,-0.22976538743763758,-0.5379282390635232,-0.739428794684095,-2.0958616921478073,-0.2689688758553535,-2.8062829570256778
-4.649704969856302,0.47576999312832313,-2.5025817228981935,1.5003230278337487,0.0504928955936116,-1.017834388188666,-0.09248794867205325,0.23009032468615873,0.17989300112783144,0.796653012879473
-1.6475845815684507,0.7176360562091696,-1.8680261974685937,-1.334471427355453,3.0739109997119365,-0.7390456691810922,-0.3902449623233339,-1.9168804610926402,1.7202236706167167,0.7476676678251022
-4.194079561245036,-0.37803560201210823,-0.9409111247405596,1.2682027107272487,0.27116087123344373,0.7046777232875807,-2.0660070599875424,0.4203410227800181,1.1568414871964936,-0.8785414184386754
-2.5782544377685084,0.32719314929498444,0.16455651003897817,0.2277581028801067,1.13540296582225,-1.1570341441229277,0.8701872354749756,-2.7419901805336027,-1.9571438516872564,1.235441492481424
0.1706693992187823,1.846586749585224,0.31803136122255915,0.01749185127646712,1.9457525274990581,0.3224712487619845,-0.6474619947281294,0.30219002804856254,-1.9978278525806903,-1.9595813597079843
-5.007019372809266,0.374912741594945,0.2664150143161569,2.218059677673832,-1.0539720645930872,-0.09221524911372478,0.4564572022560871,1.085349619454993,-1.6683368627328081,-0.3662438303769021
-2.594831494422735,1.7993590259954833,1.384185112228413,-1.7453565816753518,-1.4227421113214627,0.8443770597088758,-2.043071355135256,0.6141014750733214,1.241800842301336,-0.549450137404623
-3.2807638325288173,-1.1234225291589601,-1.2136241467346842,0.8297770197155908,1.778908751300834,-0.7116079826545085,-2.423412360785569,1.980798203549249,2.488865901435254,-0.5157552640416155
-5.402276328442507,-1.2968070546322792,3.796108022433299,-5.809749373786228,2.095137194654447,0.36666084212488154,-1.290334598662813,-0.33451358803804293,0.2502180672348831,1.077904705106687
-1.9531925362511917,0.5353840413921952,1.0285727650962018,1.266342497125701,1.2720541935825747,-1.071717233595999,-0.25336892451809895,0.49566921362439803,-0.12252324027681526,0.17461199797408208
-1.4735864274166122,1.009758572176555,-1.4659942073580714,0.6819289927042481,-1.6892238669584518,0.8519249278800806,1.5566397139750034,0.660966197875198,-0.747045875851922,0.6077583584097261
-2.6540466451584637,2.273888982078746,1.1964282711886862,-0.10968245604917767,-0.2146502791585405,-1.562092064143278,-1.9489618606202284,0.4437112792121955,0.1029069226569494,-1.49426763010531
-6.597183028724438,-1.0532179355874765,0.6285631144719777,2.610957552949483,-0.2435064248721189,-1.3371156355730551,1.8907297355960897,-3.4209461048733365,0.771429916297593,-0.359323291538726
-4.891648766537177,0.010500718624045403,0.8222331090922228,-1.3645399568240024,2.0418816380462745,1.0397576698487676,1.1764591306613175,0.342025146239791,-2.2713683249955663,-0.9021943596036907
-3.6416862785729425,0.26459969315126686,1.7239896892068416,-0.20905733959888168,0.4194830410016482,0.3209465594892712,1.1201565858456022,0.17015874170772444,1.1457706238704493,0.22338537845308276
0.5653920944408934,1.2674743178098935,-0.2704590238301349,-1.750183866792824,0.19072076544486027,1.4907884244496388,3.028739394722327,-0.7965523609190348,-0.3647379180050547,-0.912759978390504
-4.918012933579692,-0.290644961479301,-0.2862195743755673,-2.7215867478665015,0.32036489144657226,-0.4707038938084209,1.0417726521033523,1.2195218848787068,-0.22850580625855388,0.0020929531972980323
0.30624515208140657,-0.13320725631811292,0.22608446150929334,0.2746373001104422,0.9885483461013945,1.0785990857021626,-1.0016501243315132,0.43030637596959853,-0.9482859881957073,-0.3714591134366185
0.2847717540099328,-1.937307239723715,3.7391825720150207,0.19258248667146877,-0.009268902053458613,2.5099641771270367,1.3498288839264536,-0.19588650153435183,1.465882925864005,-0.49710406660457807
-2.8086612945068237,0.5020276986061475,-2.8417568541645544,-1.714219366859032,-1.379986127725685,-2.1493779653479765,1.996774216738924,0.9602168764108949,-0.7245351414034591,0.170388706229136
-3.79320800476565,-0.3770386342773105,-0.7515877420875581,-0.33834339595346435,2.161435000790762,-1.8460695936441995,-0.3793945260860093,0.783860050193313,0.4095853104855303,-1.5300935160828741
0.910042847540302,0.5107283890633818,-0.5547339790101391,-0.7925953523764732,0.7313681528689107,0.5263304613109864,-2.509601164922324,-1.3921220397717493,-0.6545498428026426,0.9536283594522403
-0.6946933505142939,2.0552474454599934,2.133508612885938,-1.2488698659753923,0.20362755890333264,1.664871835977598,0.3058444740903231,-0.2047344385866338,0.7430298140377374,-1.2618555081552802
0.2368235062780178,2.443572526853427,-1.3056342910694516,1.004423425651421,0.47618985139984416,0.5484896693972179,-1.6284643200983557,-0.09729565298531791,0.5280388950577648,0.3290651543552998
-1.6581178609143923,0.5935361717889224,-0.7374529145867516,0.8124591934010468,0.5632820725574905,0.9005892066073652,-2.01820116937315,-1.639971496830184,0.249931017552172,0.029917335643553172
2.6887433866914354,0.4882291870232512,0.36992794476383245,-0.7212857213706751,-1.1758055937336638,-2.6655202386236376,1.3438418504741232,-0.8911147292368138,-0.9670701494223254,0.42092482360293515
-4.647459618039758,0.1875104764735741,1.4632620744016764,-0.8367566513951828,-1.6930746125936715,-0.6930321836658823,-0.721665631850574,0.2879801505946905,1.9002091712885514,-1.2611569051574654
-3.491231153098322,-0.993563950012953,-0.6328017073556069,-0.7101344095122615,-0.8543152465297534,1.3270125664995955,0.009127622365944027,-0.3445491178999371,-0.7242529046946794,-0.3950834354344462
-7.037295606867483,-1.7831894024243025,1.610356005239522,2.0620976401131847,-0.09129789880345483,0.7011205775551094,2.0542767048761172,-1.9246385830462447,-0.5051820513672256,-0.44673507160187137
-3.2114040459386612,0.05706841990483831,-0.9649753211348652,0.43077649957036435,1.0556233872684484,-0.92269081671674,-1.193236526174693,-1.8521282361290314,1.7381152451527344,0.1905135272805216
-1.7613914793571182,-0.23899987631378997,2.325636928531529,-1.8434337932872162,-1.5370310193049845,-0.7429645632881671,0.3587250103659605,-1.617537890429075,0.3217442321907566,-1.984439398866675
-2.866150813877622,0.3254785716760363,-0.3190715504904785,-0.7167703869183638,-2.158880398441014,0.4195571319104517,-0.04223407865055785,-0.1840948868397152,-3.8108737716318237,0.5207484025258866
-2.286486316267646,1.300213304995192,2.522515257363173,0.4079354475531392,-0.9280100069279288,0.05716262752590233,1.3970328500018852,-0.4316879322538584,0.978832500047763,0.1258130006302284
-2.5448228210744714,0.5088737331493353,-2.1988505815921524,1.4266025322572766,-1.318376434037996,-0.39698454327787036,-1.0478441747492229,1.0339817988619573,0.09197528441577686,2.8537881544022574
-3.675433851755544,1.7051951446718425,-0.9532775423862173,0.3541807239017358,-1.9183390206514506,-0.8362249692773804,-0.625611480163233,-0.33361023564730596,0.7990083379481464,-0.3549760199876721
-6.858077105458491,-1.954598255594369,0.6039941750136587,-0.9580627944604083,-0.6798854872884986,0.9617739103373427,1.2723238451390741,-0.05317609405839172,-0.2961168217731179,-0.39573891250975385
-1.2313626113420217,1.247761772241676,1.5549056214924106,-0.04534363522227873,-0.014120526456343846,-2.3559129344807728,0.13777426417918284,1.9759505700496969,-2.959692646404884,0.5549809195324288
-4.559164750649582,-0.7949955926836428,2.164190268132122,3.2745086936768177,2.2318172273373595,-0.35969004361395956,-0.5215484899100555,3.6260176005160485,-0.016436264072296224,-1.5816852391439897
-3.3766570717017275,-1.5442046983981,0.5690202600468268,0.262303188014399,4.27002997009595,-1.75750051735387,0.08957351192426888,-0.7676999308089464,-0.6759879897308798,1.5831358480171251
-1.578154070800413,0.950698627247105,-0.6504333633021193,2.0506402122832443,-0.34683940877920777,1.1460762281405297,-1.3516880105086915,1.323197416061825,0.12833378371250145,0.5910107280344341
-5.874859912039395,-2.158594149300079,1.7726623369120234,-0.6660177276259034,0.14292135788682564,0.5248759458546032,1.2793144600702928,-0.29598859136953,1.059560900275329,-1.632647269071811
-1.5269385775539417,1.8712063128501362,-0.5680195224376564,0.5042266707162936,1.14743514359166,-3.294822795159656,0.32980512886435825,1.4775661024496878,1.216736277151094,-0.3095761091239901
-4.866010424342405,0.2365453859999363,-3.295288576738362,-1.175348486406755,-2.502939492081118,0.3533927154289047,-0.42983994742211457,-0.03293473315452896,1.4816288776506767,1.2841456151633648
-1.816208385977226,-0.5419539850304167,-1.235004277674346,1.6149279088256399,-1.1687168965628258,-1.851541671107692,1.1175689389949914,-0.7350659945822468,-0.5821989616228341,-1.872124430190099
-3.3235551072532004,0.1456781962464263,-1.6401558146039141,-0.7595589989748958,-0.6551761957723693,-1.564268823556104,3.190307726332934,1.5547963271375744,0.8461697504691869,1.470256346147375
0.03362972587090272,0.7508007865427175,2.0680074945447444,-1.3538726228561146,2.335279511154597,0.746714457306026,0.8996552565493238,0.4848822148278641,1.0429578108568218,-0.07310782109839233
-7.236935771456213,-1.7930263846163028,1.46631068747865,-0.3632549873997813,1.5718786551140873,2.5189031980259715,-0.3800483974438064,0.4298257428869524,0.022367633158845122,0.7905363667151889
-1.1760521657760947,1.7542371584162915,-1.3741789589572726,2.0098286169453066,0.12063413238402773,0.4775483017549382,-0.01768795129868595,1.941597797808422,0.8501677502784973,1.3601593527820761
-2.512832345463026,1.5848612864277845,1.6465212232541568,2.414268213260949,0.2024676150390267,1.1448278724023493,-1.0601609567341148,-0.43422575582298883,1.1041261080367573,-2.3653394885347176
-10.235633672485966,-3.7885716964161196,-2.0781052447305592,-0.9676601934048414,-1.5387604660322491,0.1748467678810363,3.1418094095872213,0.3304558950532506,-0.3559885553316849,2.634438453621106
-2.7233868733803623,0.5465460745411519,1.8032461571725475,1.614238820416808,-1.461268422293102,-0.9868206702986725,-0.4092091155860793,-1.2417542011900962,-1.1001764850609357,0.020562211020084296
-4.040654835130013,-0.08383821221216549,0.9232985800580729,1.0122135458948411,0.7714114526642726,0.19152524782108368,1.209314758829616,-0.01021259212381039,-0.5390143652624904,-1.0286602303166656
-1.160845980964485,0.6880521105157323,-1.8655273403232024,-0.3036992044596638,2.0539329274685127,-2.6653449945224628,0.7047237215026483,0.8060209902973039,1.1530366670456658,2.096523719429917
-4.703448529174916,-0.3849454508167879,-0.6143989087243432,2.1142247161940197,-1.9426596917833303,-1.558474750909429,0.8349466992826549,0.08224544459649642,0.6631796154985579,1.6048668098006909
-2.9020612270506816,0.9605923757675486,1.1758290136969936,-0.025989731166403972,-0.6978294386289567,-0.8560708972139565,0.047941358410654916,0.16902960430749425,-1.4809567460782627,1.2291053296095373
-11.88371388680365,-6.4514551714483215,0.25602568206421217,0.11582696327887496,1.719292639308774,-0.042593350595138586,-1.3793895256084743,1.5851263286522725,1.3227856952998736,1.44210829374547
-4.2533648518471825,0.2822987530207686,-0.9042005495598582,-0.11323416243889227,0.5662727960415866,-1.0356303479109503,-1.5295384904746903,0.37917928475981033,-1.6581716496636785,0.7189270464171152
-3.782342414482794,-0.3085963226253161,-0.21861662217348096,-0.29691829574700446,-1.390227179015844,0.208338351968814,1.100905877497057,-1.0797664375104374,0.9812344235016645,-1.4109548126093947
-2.0749074987160925,1.6707542000094657,0.7296497655217484,0.8731837411089495,0.7341109609238311,1.7135223000520452,0.18841039084101968,-1.1403682465831888,-0.1031231668018589,-1.582611342702625
-3.1519199166494816,0.2555009294168134,1.1811392762279251,-1.5386881223941475,-0.5329157667772542,0.26032857962274875,0.6427384079605801,2.4290828937970947,2.480256757628232,-0.26776027346935893
-8.846286658848461,-2.3185601168343286,0.45716330607607525,0.40696153459529993,1.8160703366471527,0.5024855704695356,3.4123584943613468,-0.0537491854415259,-0.8312045792505385,2.4164959536816135
-4.010572704486965,-0.35089542389029693,-3.303427709360657,-1.707279683860303,2.1936468525384916,1.328321345581588,1.9210431850388368,-0.743287564504016,-0.11970217240318727,2.331466479017683
-2.4498240702238476,1.020904041859635,-2.9060198446536845,0.801492701358135,0.6140205825485721,2.0800060929953865,-0.8045612183113621,0.9524551907034381,-0.25709487887400817,-1.6066974127472735
-5.884814151057823,0.7923096339091802,-1.093144067368131,-0.03600780323376069,-0.015501326544677644,-0.7105403688867661,-0.21847644463773833,-0.974303780873974,0.7237327122060173,1.8185732557460546
-4.138893325630802,-1.4737437030730067,0.1044498596159682,0.6680036017972557,0.4839865984794335,-2.0372938671652356,-1.0779710485868637,-0.27074188737001154,0.01423415618704977,-0.7847777182008129
-1.2406396873643974,0.5831622162863914,-0.3936029048230602,-0.6473132575066147,-0.5615555160171906,0.803638797054654,2.304123988632176,2.6730411154551312,1.2527208493576139,-1.6557429137416262
-8.089678838034883,-0.8003509397103518,-2.285958026605515,0.39963274713958,-0.07025499135058737,1.5457804643793658,0.2898479795934862,0.2311025959655023,0.3597084188559617,0.5605364045157591
-3.1183888907390696,2.270173004170472,2.8017432880071493,-0.00532946863208309,0.419591689969344,-0.9830312105792572,0.6608739600302151,-0.7587760929806513,0.5436705024790828,-0.3658218950621354
-0.8554012331912719,1.4968931547178248,1.1533603857654076,-0.2884233986796963,0.6901556153572533,-1.1786395062536488,0.08681839486546512,-0.8388690040616982,0.5156835266208224,0.38031424341104647
-4.386130987960783,-1.0912479252032272,0.7661734146687956,-0.23180210305202584,-0.5551444918182971,-3.4548602188238373,-1.2052567314302307,-0.7757241394957176,1.9651841321974741,-1.4362782798880338
2.6527846852841583,0.5208307704929798,1.4043458556452801,0.988452109501837,0.10407601459389659,0.6010880597863861,0.8150325663168131,-2.2616617444934772,-0.755693408645715,0.024927189995494134
-4.535624703596396,-1.561093687574198,1.1274529135791456,-0.049952508972053736,-0.3496754449468639,0.5569732017758592,0.8076536238120782,0.904574182377604,1.0892385377272717,-1.5612940168872984
-1.6553222893054818,0.36683901413217035,1.9623190297471855,1.95916862997488,0.24401736162178062,-0.16334189885499817,1.3259899266338642,0.6038174046604763,0.8855933826582394,0.028660351196254482
0.160723412368076,0.8417241561563624,-0.1134669410961749,-1.371479565848706,0.4485213110632761,-1.0983835364538346,3.12035704926195,1.1192965674537991,-1.0130252368387758,-1.5041671594971122
-0.01665823973589099,1.3442241579225656,0.5816695381369488,1.0239072101627629,-0.17026007195806073,0.4715703343428316,-0.1788286628030043,2.1374353908392125,-1.1859628949748282,0.3085838901877232
-0.5473244099025132,1.6149868754397043,0.37828505321229156,1.944678069765805,0.4089912882279124,2.8175971294532935,-0.8316760979740525,-0.5580618280260641,-0.7677133367361888,0.7083829077793399
-2.6350294533454686,1.441786783114391,1.455293462946114,-0.8347674663806237,0.1179671254423043,0.18707753742342892,-0.8914315972929716,0.6600959427336468,-0.4657390753709961,0.21457958176356828
-4.636589896094833,-1.290879915430687,0.4060221274572113,1.7872880117268197,1.6127105639257766,-0.3841566525380577,-0.6174840714341076,1.5059262011859558,-1.8706913488020622,-1.6865221721284271
-1.8670506355993401,0.5677454010649493,-0.7254772634137739,2.1183786918349297,-0.36380940988758603,-1.6822868289269448,0.07262405840595039,-0.6967028352429476,1.1032325449276421,-0.4734304743771478
-2.8475601904218855,-0.264263997673383,1.75317108586583,-1.6400648376920808,1.1453122999559582,-0.3059067382147703,-0.5533595085734923,-1.510740479839501,-1.3514027619692526,-2.255825197995729
-6.440886407819287,-2.3150135252825828,0.39076285673624955,0.923796270420678,0.044113668061783705,0.16423281922022495,1.6341994614675972,-0.6045499053267834,-1.7977233715441865,-0.04121300457324909
-3.769095812536275,0.16959199355282623,-0.0931765721136632,-1.2921324807518793,1.5817296330449793,0.99320575967866,-1.3569509105271385,1.8332929823082873,-2.1602022113750503,-0.7621329588605862
0.19654934425494072,1.5753996561075194,0.35687115193650937,-1.9334883958157254,1.1746065998702477,0.31413628630357543,-0.09467058579767605,-0.5214274364894929,-1.02503872457738,-0.10271316063910076
-1.7422716519259795,-1.1083736971676332,-0.09460995099822983,-1.4920131186361976,0.21683241018356092,-1.344605743175191,-0.5021922256089753,0.6397864768963534,0.7814606498477535,-1.9125703421916016
0.6809306598132487,1.0112209135157464,3.024066148513236,1.5480266164025944,-0.3150510624944613,0.4788761636017099,0.1811456710593996,0.33235746627531665,0.25615746349595436,-0.271024636801229
-8.506440577374164,-2.948388453996634,-1.451623234546035,2.486685481243637,-1.95397954861503,1.9332232984719058,0.3040340790078699,0.21252007308529092,1.4751396956103044,0.4942505098156691
-0.114835448986972,0.4777052782141315,0.8164064519624906,0.4003264928266025,-0.1710856060560512,-0.40363109390353913,-1.319639810955459,-3.7839840319078997,-1.7249042141671613,0.0502621797524885
-1.3477033728878545,1.5571857885038038,-1.6317061308265113,-0.20670772812450008,0.3641333190029323,-1.070916674623448,1.3712261904011669,0.8724302651661784,-0.7842434901098801,-0.7447668773036173
-2.5124252323350365,-0.3121441616713896,-1.7864086302637228,1.613170658419205,-2.7861137451373237,0.22081056320683043,0.12456729744924223,2.94966620086481,0.7184288554135467,0.10499515668474838
-0.43728193922591535,1.0069455090247377,-0.24481586907176306,0.4454106899202642,0.20897666472589277,0.5341581660216155,0.9975163492062519,-0.6628630739401707,-0.2001259905457681,-0.34764442810205054
-7.547212395414341,-1.3868587126912493,1.1574717899103488,-2.890275363148861,0.20836894076735685,1.2417271034154767,-0.15926531327371546,-0.5105130416825793,1.2115142211596492,0.5239716768478091
-3.5025416292295417,1.0732421137974306,-1.7823073360367248,2.831069140793945,0.37064569800704783,1.48034099667524,-1.4633804165903517,-0.1429405127515835,-0.660281678436741,1.0780305321158539
-2.556909032915104,1.0393744727603447,0.5111225122795192,0.1629322836849701,-0.9541053399319913,2.3733922955164752,-1.1677815993572869,0.31967036730307313,0.07658014711926486,-0.4487840941602137
-3.459681163961516,-0.2765880453789721,-0.49112523489371407,-2.1682721149656214,-1.6706737169492247,-0.8569544700738744,-0.14206253131926516,-0.3173166202343462,-0.02872608391415926,0.010351285783378437
-0.5831810007563281,0.6094660259623375,-0.007671352762371915,0.6621459830110281,0.7961025580154422,-0.9439946510134731,-0.5338050230142591,0.27423928267146375,0.9201784522085761,-1.2150091491079327
-0.3811810212719295,1.5795717098128725,2.0189459079299112,0.7181328252551318,-1.1162753785467776,1.2411786575516035,-1.4378066777814,3.0811809389522535,-2.762357911969729,-0.19272607091033306
-3.82965382988483,-0.9780091610536265,2.909515583029029,-0.7998277286234186,0.8358976319970848,-1.0501335635760518,-1.6511849689160074,1.553021656965984,0.8076955415022758,-0.8566510498290764
-2.3073477481966145,1.763755856398369,-1.4574500350743824,-0.2782496456362518,0.30126568717301644,-0.9274617351104254,-0.042744675883411236,-0.22531979243958786,-0.1734858844336145,1.0816507658173842
-5.61293803042276,0.037161005093541435,-0.5004678210656024,-0.10272656426022458,1.1918097390657816,0.0738208155617936,-1.2497308670316294,2.5171973530093807,-0.8436262584475903,-0.24696062930989252
-1.0049560474291919,1.4283282872156495,-2.1615545779607586,0.6920006470273294,-0.7640796920767617,-0.2550363546408814,-1.0540847253653833,-0.2890156436143113,0.9845616764559654,-1.18541961005862
-2.4953121218521495,0.7306317162251951,1.7509445819301783,1.4797195249150388,-0.5989687984241354,-1.5358929045874115,1.6300643307553941,-2.54841465735111,-0.41316188622944944,-0.6483358589787795
-7.076343872328039,-1.4226613247377895,1.0515379612977074,-1.0060685282339288,0.39530900760456283,-1.1577850853880387,-0.13397090707242937,-1.134376412098441,-0.5984200221808689,1.386519350515765
-1.0812316339243657,1.029763056375062,-1.861608724396769,0.49966535640681997,-1.4435584468783684,0.6189848048564296,-0.6531400550090193,0.2762339443183706,-1.135932402902423,1.0763829150116566
-7.562230396813983,-3.4478125155159822,-1.2982764164548943,-0.23229255853977565,-0.3060814761643807,1.9356105653893556,-2.190175613217118,-2.7162853954328514,-2.75311656123953,0.9625626090295382
-1.5178989672992917,2.1430290898549926,-3.6775931781260334,0.15373646912954225,0.6858486034209386,1.1755998612376326,0.41668662967362724,-0.9194746807210201,1.1264782657569237,-0.7808434918180439
-6.498684706903633,0.030959927539267056,-1.3184031853071205,-1.4523163422130112,2.7850941725339218,-1.632707092994489,-1.8539763729473258,1.3650628793282824,1.1771504008975062,2.1863328475666908
-6.032672611363847,-0.6438752404281506,0.9227608416934493,2.4289957972744163,3.1655259527589865,0.7623196084513926,-0.14325176412166848,-0.98030408197905,1.4336218036164854,-0.024105933533088913
-0.0340396303952666,0.7766026514907602,-0.5044574510752697,-0.1290695320996198,0.8116822456952622,1.482583616271808,-0.026068791969863187,-1.0677653012410182,2.0428852540579907,1.8337438797272718
-2.784483115855463,1.3730008625760408,0.29392755189316927,-0.5903204136583752,0.9731054061752489,2.1030325522794366,-1.2211139949704486,-1.1204210278201576,0.6099797185102803,-1.294974298684072
-2.9223128769006297,0.38562560798555434,2.7633888199981733,0.8637795445962733,2.128286669581729,-0.40718400830274265,-1.7958483967516365,0.015849571087173234,1.7144251475289565,0.6195181682367567
-6.069417824623703,1.0011420710911805,-2.309404185066667,-0.5224516534684848,1.4567936670103132,1.4235326354089435,0.07436949876461442,-0.7801504807532527,1.3682468178708924,-0.42373060914257255
-0.040075280392784775,-1.7954557940687625,-0.6589957328071648,0.7442732619941282,1.6154406741895588,2.577849237958209,-2.354347411460708,1.415368661193967,0.2702346321621221,-2.078203267772888
2.15854112271518,0.6332169432157235,2.5765098161031186,0.27299000194362055,0.38792685282832495,0.4350166220827675,-2.2974501828386726,-2.798143493480661,-0.6214310606794095,0.629989932219399
-1.908706735317986,1.2442317179890867,0.3567224579747909,0.6525345250101123,0.2802990795061889,-2.1214553028793466,1.2580374606296012,0.8384085715142925,-0.5669977065906361,-0.47704270725512493
0.8377564003702932,0.7220079377868983,-1.5486521973692733,0.18477661750367488,0.12930077018857794,0.5445726554776017,0.5332440664989078,-0.8668779504253966,0.38650095892906955,0.347050042924326
-1.764162497383504,2.4964025418057227,0.022961734303687587,-0.3427648420645172,-0.8042666693489923,0.6466022650198601,0.8668537843271293,-0.10617456114906251,-1.5901796870082705,-0.800129555882063
-5.423734581815306,-0.3686467814151334,0.1351377162488362,1.6440287307245183,-1.300332571650681,0.04059458630464116,-1.1301266193155384,0.8470226868330885,-0.6306035259277083,1.33570566163611
-6.572445830688798,-0.6423708013241419,0.9747888923560473,0.27605917884765707,-1.4639054079908944,-0.6310422860459034,0.26514014368567235,0.7900531820615114,1.699770721143337,0.24234412073309655
1.039574452921236,0.6329785392991254,2.665182452963533,-0.7512308553526506,0.814036616928522,-0.10684057250014255,-0.33652937595920773,-1.848838510156505,0.33177060846379636,1.5685196420152812
-0.005987064029514353,1.1938979825892664,0.007178033086836774,0.013750369654632517,1.6470127902933434,1.6361159329455197,-0.4178851863372507,0.8180496467643472,0.4404457576356655,-0.6845909998745613
-4.612376032780698,-1.1385576351396565,-0.5220758955039315,1.4894672890951255,2.066815792593906,2.68676385701158,-1.1175542455892373,-2.5462986321570313,-1.3781329498816184,-1.0308404168730876
-2.4223715213879764,1.782938261276944,1.110424619880907,-1.3913805458339408,-0.9662737784923349,-0.8925177743226119,0.2306389815444866,-0.33995539899425853,0.7237851624301441,0.3339851945193715
-2.017824063663331,-1.47266339989742,0.9569997415211945,1.0108977074700702,1.599839536651169,-1.1783923953808215,1.3826656150842869,1.017430214011446,-0.5561228745618104,0.4805686704780242
1.0113428950272703,1.330511958796698,1.2009649555172837,-0.6505904740998679,-0.229887878351824,-0.9695026958445462,-0.9271764301843862,0.2481363504805585,-0.205395684896173,1.0430817131114865
0.17169822880960797,1.08561141707269,0.5695983026012572,1.1776284206001968,-0.2254006458413486,-0.16037531105819394,0.7467366015550804,-0.6098465060977707,1.874050391175351,0.4018374677621977
-6.919308541509895,-2.328653980735314,-0.07443596175024206,-1.2833755855090054,2.3974445917493026,2.7874561831120963,1.724647327468564,-0.8785283449726312,0.6801046383213755,-1.2384319964296302
-5.118416986185192,0.24851404523360987,-1.5013245838807336,-1.6399135313534128,0.06469598373955998,0.6208742962699425,1.5213206622970934,0.17919698174173376,1.049910004327575,-0.6283010988537407
-8.084718796773718,-2.184002420356206,-1.1286316715466653,-0.8113267961869358,0.03990398287432389,0.6474173965822031,0.3006385938423288,1.5866006339700383,-2.2196448322922664,-0.7996253675347442
4.022989055649403,-0.36240491511333445,2.522126119895881,-0.5027848001150036,-0.44852673470478754,0.5151806434172043,1.3277952445143577,-0.5407038170492636,0.025721478353714158,-1.1383752120959434
1.0474573463542969,0.5715998664082449,0.396832672791688,-1.7661302894059845,-0.6654633753914607,1.7400504296627886,0.9186207698312242,0.8003050989359349,1.1950959111705082,0.6754745306438417
-8.78163742893597,-6.420847831132154,0.970990729229181,0.4519263181518555,-1.3373304593311877,0.8645230119887427,-0.43455694463244937,0.16821993931905843,-0.6589209393369997,0.6696905669150359
-3.5973952339714703,0.11127912142308434,-0.875017311425553,1.4083916374890209,-3.0449601245483633,-1.6888570318919296,-0.23484021415289338,0.7386496255213959,-0.6437085738313308,1.2406414496253466
-1.3200440294414024,0.37819794372660964,1.7556980606405923,0.03055014230594656,1.2211968356514467,-0.006590560751911773,-0.9034797795543249,-0.8466452334863095,-0.5841764021242963,-0.05288946864040667
-0.7777549688937498,1.5936252032678677,1.093303205814774,-0.2813312730935574,0.5164052292603631,0.948378848442954,0.29219905142419533,0.24312534097465988,1.089211773335923,-0.27183516273556163
3.5669006113505706,-1.5767366076518121,-0.9621010915210938,-0.4344340186030827,-1.321686441522264,-2.102246870191526,1.8866539776909574,-0.23655635341728434,-1.6564005023143238,-1.1609717324355027
-2.653867687109936,0.7772389229929149,0.6867569178104626,1.9036100926961865,-0.6484189732177227,1.2756309268550048,-0.5910029808262571,0.26601046497226094,-2.485843267834897,-2.8359109161169096
-5.097087103110082,0.4164910643153986,-0.35412889576912954,0.24726801525480566,-0.44979295113813,0.17934497825218512,-0.008994452908662664,-0.2771463553639099,-0.8699373192658443,0.5136819330230467
-1.7108499578087975,1.262472474914906,-0.34838945833600027,1.1536388032088682,0.027530700521066813,0.8443406181726959,0.12715961221559144,-0.5833879640418076,-0.6337575051294747,-1.4534899616444448
0.3509153642317642,1.9383493188115275,-0.7117501678836876,0.4161836795645137,1.4204296945288704,0.803844608492814,1.6722582817114982,-1.8961091139212138,0.6811373885268361,-1.9354697964046301
1.7227255057250461,0.7640460321022895,-1.4046222505590498,0.657677291621027,-0.947419287292235,0.48941598786183155,-0.5542860584507716,-1.2334419898669702,-1.0612909555612222,0.3140692789793114
-1.856935783443315,1.1564339882206613,0.6782124366839549,1.223528907457931,1.2698205074421696,1.9599782445977012,-0.6571847900304754,0.5241918590377067,-0.6679698712219535,0.046283932968465134
-2.6519717439795425,1.2406328601839949,-0.8128625326997485,1.5120066227549125,-0.367233737634523,2.717364403278369,0.6054255417176124,2.0102037532411137,-2.1666110753156254,1.4230151318911628
-2.255600974093427,0.45971690226473794,0.6680248176526868,0.30609477640129656,1.061981144810699,1.012977135536886,-0.8388998728829035,0.12063542147709388,0.09785402056659215,-1.6729723461341555
-3.508545607824422,-0.05169806347125588,-1.6914817828530915,-2.338117872394618,-2.1821654449625076,-0.21143879902610052,1.0453533624661024,0.12002908442375526,1.4047172325781794,0.8436682265374323
-2.03236635050519,1.2356109106619768,-3.3088152506480846,0.7434499687747204,-1.8324624867596382,-0.20161858123853654,-1.3947919763703929,-2.3048271055910146,0.6316398120553377,-0.6388141511447374
-0.9230890945691475,2.714953964030705,-2.4006882020946683,-0.3587424040640347,0.5642301969705733,-0.12397806464710802,-0.75369134522224,0.8380601278125714,-1.7642000471079022,-0.7574647498573495
-5.28101151084203,-0.08594434203590774,-0.6628282950064367,-1.2448698872440833,-1.0736380156022314,-1.0910986963861142,0.3938779318351756,1.01946881401644,-1.1811622603231533,2.268482715964347
-1.8475799209804828,0.5662044902012089,-0.8598827543035875,0.7966923219319388,0.9030995834019092,2.9400461980867907,-0.7971639693248377,-0.9475714696926038,0.6604788335144841,2.0438309830517563
-1.9391943721449936,1.7374954420952122,-1.1826732750957736,-0.03577208430824869,-0.7367997988290163,-0.18835594689964044,-0.3462506711824101,-2.9041407934140637,0.8793161352800167,-1.203389886124462
-3.6373730071525467,1.3382555013578739,0.8284174250717087,0.8316116622689046,-0.8582121542139816,-0.7657117839474527,-0.7773628812267344,-0.5217120522754461,2.160379129690325,0.3550260095397913
-6.901611207923329,-2.9395188044595484,1.2152034317747702,1.4657670952305273,-2.3259501548486776,-1.105120929127545,0.09967848071966139,-0.12535799979228882,0.9675140244255993,-1.8289190214900442
-1.3097455782018874,0.6892666841323669,0.5494053177692161,0.8203447990538767,-0.5663338655617014,0.6014321675182671,-0.8200174823173649,-0.6467337492691739,0.04751635229647108,-0.9448866972406857
1.782278600842552,0.04500033937892183,-1.2391374556041987,-1.8611483941088955,-0.9790659556628291,-0.04338143697878277,0.6769215609157059,-0.32404992210046224,-2.2482215047556275,-0.9759926784416428
1.48605178912504,0.9223967445681154,0.30058493485006593,1.1400958959376466,-0.07266170267350132,0.49678398706490845,-1.9946220098475518,-1.0838758115389628,1.6451045991951208,-0.12798460162889513
-2.413265907929279,2.151568088778454,0.5561917931247439,-0.911355673127448,0.6144614099577302,-1.1694528750365567,0.4313295947242015,0.4044182978921407,-1.3006654434323153,-0.3746536556777818
-2.3842405005290734,0.6972733903972168,0.7987222768950816,0.7673854232698875,-0.4115039281446056,1.75465921295279,-0.16902443620562432,-0.23412178768452116,-0.4058285926881731,-0.34497489884368165
-7.2320127854053196,-1.7076937600555646,1.4422667506453692,-1.2467175059020685,-1.5066102979964031,1.7570634994726377,1.6213580736384443,0.8781063832945889,-0.1584146262834696,1.287215090814483
3.0853147039632423,-0.33165020428815367,0.16547955642137518,0.10834784484752046,0.8603334046882253,-0.05734743917010227,0.8823126495027412,1.2120310826294833,1.1708536619653782,1.0502596368112214
-4.84203867540594,-0.53210541884365,0.8688314745650576,2.63588856959934,-0.2776196393392476,-0.9115630840220762,-0.5306039582268001,-2.81493292248598,-0.5807967543405065,1.0571107043869445
-1.5957970408827111,1.7573247804264527,-0.09603583659486081,-1.578175454211657,-0.04213805939740236,0.7751023717730535,-0.7795602556144164,-0.8976941400571532,-3.3975032528396527,0.7486265504525186
-1.1415621571801413,1.0193227755264673,-1.7559557659300227,0.7301276783176297,-2.2412490658975934,-1.026126589381082,-0.17265773640788407,-1.7996379100008169,-0.9899327878035745,2.0167337995611487
-0.6685821697422051,1.3016811613478636,-1.4148360120897556,0.8588447789427702,-0.41818129544438076,-0.9709854389827481,-0.40266236863236693,-1.6074945763442008,1.1249909954844024,-0.12103956209032074
-5.3713421659728064,0.9132835458955723,0.2671232564567992,-0.8618831491918797,-0.013031967696922157,2.1880080106492397,0.8128796451884932,0.5655368919244169,-0.47215093601645675,0.3040380529767248
-0.16297597475602352,-0.918104422299863,-0.508321268742681,-0.9455217371970787,1.2131596922232069,-2.1728664306817747,0.5753723275206185,1.8745797126605563,-0.29376946378067653,-0.7289982430705328
-1.0600054031163568,2.097615093877209,-0.14042483648424875,0.2216405038073485,-0.5382221619385731,-3.059020313335523,1.6098916841815274,1.2191397213656243,-1.2971909911725283,1.1207895021802257
-4.491513798409991,-1.4518149834526977,-0.16035549240261276,1.1241929579578185,-1.0566034347494933,0.03129586818068113,-0.0290892697072107,-1.893810351361206,0.15282220401807806,1.5588030684059495
3.8933855020979915,0.665071028921382,1.7528260472055188,-0.08098321774517367,0.40833755459257925,1.1243842215944027,0.31052373876413564,0.8862349007155663,0.2971226221397832,-0.2133923650112353
-2.452169088465139,1.3827654033728922,-1.9401860271419478,-0.12106950034637809,-0.684396080020252,0.23973964290335548,0.9518280872968707,0.9246142977901304,-1.4451761652119346,2.9772803790004705
2.2789022662352023,0.544778614033536,-0.9478899920777367,1.1833213037645371,1.0107895628556074,1.1301347728175064,0.9664838965951199,-1.6337190186394548,0.5632865117986067,-1.392504914407633
-1.1075871803573376,0.4902598384588182,0.3382915135587279,-1.7436316769897289,-0.2768816511449874,1.4512895602071825,0.52040082183076,-0.3084137625782877,-1.2400793359054088,-0.4037916695383971
-3.712894691553147,-0.20047801685500277,-0.5509671207850784,-0.1326327301246888,0.6164903873030998,0.7655809882513233,-1.0741299674252036,0.18818249014011745,1.0478582775123189,-0.34320804771796265
5.105749685268873,-1.794509970396467,-1.8643791117211779,-0.881436651314386,-2.128681842966144,0.07315163613054276,-0.11032629746175648,-0.6974978811170958,1.2620111265909628,1.2449187919187457
-3.672419386605263,0.5969493214296989,0.4598247362383197,-2.2315415563781795,0.5252095257688651,1.0034343340868985,0.5133910679372145,0.26889105446111294,-0.07934579085224017,-0.9609174699114719
-4.275912485860154,-0.1559833817807008,-0.4336432522447319,-1.7654304908551084,0.9646168788617758,0.21577796687958006,1.1497375422297564,0.6743090615793583,0.33674852189787596,1.0890604429754753
0.27253332914928446,1.6887966730337687,1.633238389444588,0.4904729910028204,0.10552987941003328,0.8954140045763916,-0.3047974787693853,0.7357528975603959,-2.2481990613173046,0.6747083918504633
-0.23739187019180108,0.10008261316957266,-0.5200744483407478,0.3705492097714762,1.489051087377002,1.447228839083263,-0.7520553962917894,0.07000962443657088,-1.8711428067941454,2.0452520857586585
1.8417579020180792,1.251989716021972,2.3350885213718793,-0.15165559290638625,-1.1732069372912286,0.006360260121221214,-1.3893847799141494,-1.3273426390416827,0.6762134673714629,0.5934601548949384
1.4630907161883315,0.035506684904659386,0.7047349101476935,-0.08320508630541204,-0.11475766037265739,0.29646348991076266,-0.3545718219132515,-1.0283330676415394,0.78530713659694,-0.9175673761094074
-3.1168343251847235,0.6467952692725433,-1.2562861426724177,0.09879898707281858,0.6615499678439614,-1.6565032330497316,2.615050242627799,-0.9517078157808149,1.2557391021406752,1.0145082030963368
-1.912050897705087,-1.182613441180379,-3.248267182637347,1.3589898682028825,1.6561497266165779,-0.37996156148433097,-0.8144801174978821,0.4944438380870473,-1.6768484512808726,-0.4421052239447058
-1.6625808750055948,1.4346953372237197,-1.295245145063917,1.0677402676250014,0.715197857219283,0.7813501776263687,-0.25731568426440243,0.029988293427554717,1.3033215391444937,1.2097854323938575
-0.8209042169442959,0.8884000448186324,-0.5184181525180149,-0.4458361654672758,-0.6502959974976805,-0.5126060304181229,1.1065027167861339,0.5578418857788817,-0.021555566705499636,0.07993676268682443
-2.6607430430482792,0.7591992797965009,-0.7433615836719903,0.18410025297137642,1.0370743329936074,-0.20472639863736475,1.9407830866581561,0.5693876261277757,2.1079706057163246,0.11732076354593032
-4.131155551279132,-0.0626738559107961,0.15280728359990367,-1.4104708754514024,-0.9478358304928557,-0.6415202424745099,-0.7725341120504685,-0.1650107608800292,2.480986360158988,-0.57786177081699
-7.368512703657326,-1.4754954140244911,1.0392634229232791,1.4065310673307845,-0.8238295591862628,-1.3029460999243245,1.7261918185735814,-1.192874160599287,0.21219295063384047,0.2302271120693402
-5.945742262296731,-0.9814927064986314,-2.6301399042836326,0.3154700714064477,-0.39485214008971764,0.24048942323960457,-2.2774457923023954,-0.12146833903567378,2.756704824637794,1.774094964581264
-2.2882716171608704,0.21496748554243122,1.3135844150026366,1.729491544149619,-0.6608983812480209,2.6114633951190056,1.8813060570626503,-0.7474512144354776,-0.01964463786731477,-0.4354430799525883
-2.0416734796407576,-1.4548277014929962,0.6680780792968184,0.2917360564211172,1.0757549653102148,-2.3796084515912272,-1.628073999275754,-1.6667522004344022,2.6616059451323686,-1.1529824295316982
-5.9921238454509975,-2.062935497790298,3.084772697309707,0.3846686897975561,1.617804063033353,0.27973753661522216,-0.7884606544088953,1.9579003628572211,-0.8946654264846114,-1.9244778779786285
-2.266599880337141,0.8407471778019125,-0.8519160079108502,2.1171109492531217,-0.8848943231621125,2.1035848146339178,0.14970566672963928,-0.9074988050766907,-1.2179140855470698,1.1727006193882576
-4.179965354041453,-0.3510702752800475,-1.1485380302035335,-0.2265883189591782,2.0783547287449387,-1.050175415529542,0.7090347287783727,-1.4747417520131743,0.5469714106832136,-0.44838625167689145
0.6280012309532759,1.4934962076930214,0.838612619553697,-0.9270031608142364,0.7205349466982705,-0.7768818009346483,-1.4110760647089835,0.4062412263143931,1.6737401536477197,1.0123465379064118
-4.424971692875375,-1.2906291981400781,-0.27307801003141746,-0.25176226380222594,1.1172585704594056,-1.0669240419459973,-0.0542448894468222,1.7583734512490625,3.1028934683306986,-3.1190960520949997
-3.651750861296262,0.6564930589722262,0.4856521840405726,0.8298857390961023,0.4331750556563939,-0.09085086914930561,-0.3637935812432618,-0.7580571068948195,1.0620021124585393,1.101148186643898
-8.511832496180315,-2.4856639018074693,0.8132408896237395,-0.25148186860697797,-1.286130076667484,-0.03903705087796386,0.6293531211704961,-0.2570719392206746,0.623179631706674,2.455297784532411
-2.323145772626532,0.4000450800959838,2.715185730179632,-0.5238779166085452,0.3579576360374031,0.411933398301458,-1.8151003103876202,-1.609018295639501,-0.15171996197884594,-0.49316690337016816
-2.284303558442387,2.1323870860804313,1.2733424875359898,0.5795472696262678,-0.9284041062323276,1.371079228551049,-1.4101132269443613,0.14912344495441993,-0.6529728337311442,-0.974156852172445
3.5416386713049195,0.05717139063938479,-1.0405333814036373,0.7880942692843796,2.64599388127947,0.345145651510398,1.4916164822022628,1.3943140327752348,1.4284637781719758,0.6380480422410838
-0.8512412710744224,-1.7627376444624852,0.05218458767396664,2.7797136182020696,0.2683849421920029,-3.626929708423962,-0.4866206971812412,-0.5388964058643633,-0.32583321414326205,-1.4905782255005766
0.8830254107234189,0.8762074042741764,-1.080434414019889,-1.2498788102183929,-0.9008762823552354,-0.6283038818810923,0.41429770136159255,-0.40096382305157563,1.3712807958755406,0.7300196351020366
0.10180578906344628,0.0661750779984782,-0.5362551048777617,1.3168535158694625,0.1263310584368616,-1.101130703257745,2.6508673433014147,0.6580973134004471,2.774558753806667,-0.48178068146345243
-8.160689876720053,-4.779626628858428,-1.2069332402033546,-0.9831837574846197,-1.8078084316638752,1.242949526643431,-4.072110727053075,-1.0085614179098579,0.02887066645594587,1.1660304999145428
-3.0983805578068337,0.6611351329014241,-0.8116001770203061,-2.7351084860510966,-0.32494461578257533,-1.0186824638314322,-0.9270274447705098,-2.1244334549009984,-1.6084633544608034,0.38984750428956283
0.5287172301846891,1.4872356412328929,0.596873247892199,-0.09144335771365047,1.7699064449806339,1.0547556963326084,-0.4535856410886711,-1.3427738263954943,0.4497889388630967,0.6079559190049594
0.8323727529065663,0.8457420387446792,-0.7326721875636946,1.0320404118322077,0.1965277396629489,1.1463315476634361,0.35675952909168823,-0.8570140660761186,1.8175274435869284,0.8648419841410511
-2.416244743872844,0.5966735018283134,-1.6680867516216542,-0.9996880138853795,0.05911052699145299,1.2974463738729272,1.0524686689538802,1.677602814751075,1.9496840444170858,0.7834800332855428
-2.651561108026008,1.4126053349559666,-0.12749379784569104,-0.1424262835429646,1.9764341508134615,-0.029819457760681192,-0.7232342476173917,-2.6924539541405754,0.2477616384656458,2.465936052375892
-4.702337158497228,0.9681260851791312,0.5825567875444277,0.4445754850831783,0.1897709361669661,1.0729726543804028,-0.9044074126684029,-1.4592390157958224,-0.13667426291762408,-2.6247624011421054
-0.031962602907293074,2.096020123071212,0.6869213240623989,-1.2809476829497446,-1.4862257370020455,0.4713378228435487,-0.8146746601921486,1.9600299914485433,-1.7933572604378434,-1.428219697766846
0.061045821191616195,0.4121461103030398,-1.0465675003706423,-2.086863419352584,-1.1296522279587458,-0.12707579270869634,0.29515797105306724,1.6031390893380715,-1.3612512219910151,0.008283106935616555
-0.7826304032763308,-1.633012635800307,-1.781574088809462,0.18872202416443992,-1.774046010157425,-1.5240576843568758,-2.30907445373407,-0.030571713296851964,0.08637082565666472,-0.9560063950889818
0.5431407010693088,0.16321789507752682,-0.49300329378654545,0.7091285136223471,-0.7379349216054089,1.0197243480346623,0.19529215582350967,0.6187912805959391,-0.4279380834508199,1.5053787019359568
-1.6477810677511502,1.3477886435847597,0.6613355260215886,0.052734103701279095,-0.1841659507649767,0.7519028491292079,-2.0592404133093054,1.188980588020079,1.761324155207287,-0.19712018024416236
-4.122669959642859,0.5765626455292796,-1.5339398364598207,-0.8016112317551356,0.1802413941173443,2.7411034136120715,-0.37148265598423735,-2.1620699771977185,0.23275002997303793,-0.7971333201590323
-1.4711993682887963,1.7871512364958808,0.12415395747694441,0.7485732276360431,2.759031014530413,-0.6653043788065153,-0.9428571421642697,-0.2863715179785729,0.3314925891428043,1.380754902732218
0.16944430961448398,0.7652964585598391,0.7245508164521068,-0.04775198598305011,1.4241755392783857,-2.674942935780841,-0.37997235467120277,-0.9447218425140311,1.2788564019745619,0.845501027865411
0.8777929975832216,-0.5022700248608518,1.5490426493759768,0.2936118451005751,-0.23722322326167336,-1.7522953376473076,1.0923330151753905,-1.604808320488249,2.138001829961857,0.45308082901071733
-2.9088014616081335,0.8312518082158539,-1.268561028533672,1.340177206164477,-1.296844625403813,-1.5421596400384618,-0.013740169764409756,1.2787657487902835,-1.0549002597110255,0.6390458440978006
0.011957339295359012,0.5048832378001968,-1.1500754538890134,0.3755543460745507,0.48981248176169717,-1.6715567865040972,-1.571037920624759,1.2271409033481058,0.5025947916315173,0.07616531258424315
-0.7599480066386614,1.7666292013845026,1.8190105356336614,0.5784715208097362,-1.7078123895697,0.29490453643568393,0.20725655197949794,1.9980699185822055,0.06521517014027775,1.5074703116725912
1.7086088399713095,0.18748587883494078,-0.6216811693526487,0.4099742207961592,0.6706599817490655,-0.547045082539109,0.9390105117637523,-0.42358229966344685,-0.4031133834720876,0.9631435961510364
3.852172355725587,-0.6378465902748474,-0.8349087522576872,0.38020561079844933,-0.33412346629694295,-0.6832102778917297,-1.2793682330353786,-1.0700406940876974,0.6682541051253656,0.3298668147040399
-0.3899467032500133,1.4712119063436568,-0.30399472697215846,0.6934440485737273,1.0556864002161988,0.5642754933073219,-0.6769217737520591,-1.5476923808091128,1.8094078900516766,-0.8908605468405513
-1.647516753412238,1.7391956914641324,-1.7585653174625264,-0.29331309101973246,-1.252586607628072,-0.04040438671948778,-0.014158074909979182,-1.5090865942418497,-1.4475605806996372,0.27353127609792166
-4.9838804574692555,-1.1757268562385643,1.4520563782714673,0.696768960696239,1.1245848270873136,0.38017025935783266,-0.7523329803370674,0.39587974834986017,0.7149989493339154,-0.11584443312558014
-4.572271006533824,-1.9559509281793395,-1.6351135568938957,1.4663412847513995,-0.3889077626564941,0.5024334668765782,-2.557205989347805,2.1098384671536805,-2.2057354787672843,-2.7766592635250684
1.4709297010882183,-0.0837131629308291,-0.23442300758345178,-1.7998382723112045,2.0518470361062517,-1.057866775484842,-0.16317703936717645,-0.8739623543275222,0.15765108730134436,-0.6995321547255796
-2.4633113408949905,1.5696965511324297,-0.10141674527915903,1.3504117966995541,-0.12968007177856877,0.8659494244445664,-1.7508706679505848,0.9779260737970168,2.1173535128898986,0.9838020725083784
-5.261442078378385,-1.3605992924731352,2.3996881235777536,1.7007117195879335,-0.47671223970738535,0.26580073360139805,0.31104958029180174,-0.6561823782741695,-0.43188804212097126,0.4399641643316851
-5.377182543522574,-0.9651287200749461,1.2657981606479982,1.3611088332443726,-0.6027919163447806,-1.5707715835199902,-0.5088742029326833,-0.764480268306102,0.7166748282664476,1.0657513585909495
-1.5097719619495609,1.4165267126626602,-0.3173361337865307,-1.3488971394870353,1.098491670673738,-0.23454368566999084,0.9938128852072436,0.6541533271649442,2.7213034188191028,-1.7179480040141812
-1.4867820086843244,1.576498765350642,1.0831527137674088,-1.2124023305883844,0.7829582737988801,1.4801734922312662,0.06046298342196465,-1.8193190928004004,-0.9316923118080677,1.375579856981388
0.3029344429041047,0.9754083651745659,-0.7114670433254172,-0.4013818996587707,2.123469365793294,0.43316247191549395,-0.5514127753720612,0.983321085214501,-1.1774013694163146,1.7562040965213792
4.843529477799128,-1.0151307664431561,-1.3739096356037535,-0.9232656757236892,0.1435334953776653,-0.09888743103105647,-0.38865162710976414,0.4368807373945419,-0.45279526711528956,1.2107037808367582
-4.805653941676732,-0.30482083572825935,0.23584279968849264,-0.919664279849482,-1.1601178026837213,-0.6236770840881094,-0.896301362924507,0.08489987844165613,0.40121892125615827,0.5696083996427824
4.14989084448606,-0.5344458891044368,-1.3106346057309606,0.8169463106621826,0.8016673289350935,0.593983688924372,1.1296158536812164,0.23730783680265236,-0.4254811560699721,-0.23721177417151745
-0.9521383001912828,1.346950887040324,1.4265869066456947,-0.15554786421546976,-1.579838820354702,2.4797299960724426,-1.2926129761635878,-2.2097643581785014,1.898745221958869,-0.647336504850497
-1.9719776840749268,1.0895851171158992,-1.0135473852986896,-2.0642085690097636,1.1685419044016716,0.6374427460608995,0.2745215829592514,0.1550884945964518,-0.5767503349026828,2.9814615427844235
0.6096918312301383,0.5722822564869885,-1.5010518592875215,-0.23475825796151606,-0.8565092166389239,0.0695737186700139,-0.03729976933843051,-2.3858494052680825,0.20710710993156783,0.8273105854355783
-0.13123301482525998,1.5054041028840317,-0.3860472741981502,1.1665992671499885,0.7565415247103789,0.951181475768548,0.7092845617559927,-0.41724067135686266,0.25438101265024216,-1.3466378396732641
1.7433504497973538,0.836872377019678,-0.6849621067248727,0.18547505819277743,0.6735029824379661,-0.9940970992672375,-1.1603220070069682,1.4767916851540481,-0.6338984465350626,-0.21760322160249984
-2.147415918950989,-0.13294861590455018,0.9467723873120829,1.520295790725113,0.5801067861173008,0.22409203004513562,0.04494811678407817,-1.9881147769522642,-0.40940306988581826,0.3449721672119217
-6.449789478480555,-1.78832553593171,0.7053916718200308,3.122410983028122,0.15077368247459555,-1.4301752632774092,-0.2709527537067104,-0.09899512119616659,0.6019262811512895,0.46020278539415477
-2.134798086591438,1.2461303620024653,-1.7383163144938871,3.5627209504088753,0.07884933891382068,1.6411817632476604,-1.3011471521759148,2.1684521374203856,-0.37966964600788283,0.0131919315181058
-2.902820003276606,0.21192753107767257,-0.41443800938188236,0.9614522719698578,1.177282291306247,-0.028146045866144376,-1.7344779079624828,2.339295659938249,1.0103688403092952,0.5715964981903425
-0.9181275622194959,0.7065940040756302,-0.14525919487081596,0.9007765550665097,-0.1342219320871188,-0.7484795620582272,-0.9907148531673301,-0.1151000184407842,-0.2504108319595686,-2.597448002351365
-0.017404364082695824,0.3587184747907572,-0.18005946669186249,0.6148101849926456,-1.2131404495880576,0.3930876953416862,-0.4562300871273427,0.12346004446126048,0.1510378376272302,-2.4489451787284726
-7.712555304587441,-3.5116549591338173,0.03081660105441241,0.8984340641597751,0.3381383983050218,3.013818019571472,0.4856876195583094,2.2966039186514493,-0.10636019491039377,0.8911425914931218
0.3406033703223177,-0.5374714262349638,1.972012814455232,0.2815185028818623,-0.8347937533221722,-1.020578089433106,-0.203606764204251,0.18544750845899588,-1.0315756344808649,-0.5455219326101302
-3.9367582869992335,0.5489973730755087,0.544603776391895,-1.244738101466169,1.3201618833911906,-0.12609590326639786,-0.5257859915254742,-1.4483327374808455,-0.5646108368185246,0.5718962833871812
-2.386987841964622,0.013293808976702385,-1.4247546399777649,0.05805943928591607,0.8889003822490099,-1.6857748169508602,-1.2387742536976092,-0.8650866830991044,0.30341517675385943,-1.9556465888151804
-3.6540033813311004,0.16817971211224853,-0.11657970947847782,-1.1651717151183945,-1.9301262317189332,0.2996270349774355,-0.970667490326472,-2.6752955583579685,-1.6552247741996031,0.6725101629046094
-2.803607883573857,1.2013557038845208,1.31940311853915,1.2157164935865208,-1.20242119957907,1.5316014456095097,-1.2478409537544675,0.20380874381371183,-1.1585757482537848,0.5468777112874774
-7.851372404676675,-1.2872196476438733,-0.36793319662033075,0.5563968263771611,-1.0425014400152723,-2.2290543309419366,0.1323723409475344,1.497164333899254,0.9024836828356476,-0.5174679175790418
0.5544512376939567,1.1441586302944726,-0.6307277762553771,-0.274736809672143,0.6560064814712067,0.7687303804087751,0.3550892425945268,-0.2418928913621404,0.20854227204905562,-1.763349382678677
-4.3994173607279565,1.5140125653521597,0.21470654349020862,-0.026075000724592453,0.6810458082293886,1.4925087375291946,0.8416926149208275,-0.30263036976493307,-0.9251529530294552,1.77085392560802
-1.0456933627392875,0.7265572154535509,-0.7504082394214742,-1.7779432657605767,0.5938543943848695,-0.1455029161005152,0.7950180006377086,-0.1606245218531554,2.4071901950438988,0.30594954240804534
-1.9414802696361142,0.9715860272996611,-1.360343514119466,0.432235699498146,-1.4260566145676923,-0.3653728737303985,1.0227107416747843,0.43989788083545095,0.31485842846346124,0.9885419516332096
-1.0624123782893389,1.7563703317351105,-0.4859469575972815,0.6452539939557417,-1.7455782203836074,-0.14465141086117592,0.12062646046583583,0.17720663454584618,-0.23632314485135758,0.24863124254567576
-2.436210848182612,1.8873046101059794,-1.7896956930574925,-0.2718216717935287,-0.3210690983078997,-1.2045220105308696,1.6650409954381535,0.6395069729670123,-0.7205484988815882,0.5257437474794415
-2.876877402106328,-0.9512806362085593,0.7710162627400398,-0.0417944471774959,-0.8221050603527357,-2.1502237669844133,-0.9501823854002884,1.4331981179437945,2.0465137719143187,-0.8480570774582336
-1.2250570590183645,1.0153514442423015,0.8659429774567332,0.13243146657295718,-0.08845688849134502,-2.0145762699223453,-0.5388363894561123,1.7173532251969674,-0.7428171051606592,-0.22613182733861456
-3.4491849785466484,0.240333437449184,-0.42598062341540516,-0.6632340723700072,1.3394800022631645,-1.6100261647904501,-1.7703114648222618,0.2793669421330598,0.7542302066197769,0.7220375401538424
-5.077546209939132,0.12542224083857792,-2.406285697860396,-1.9605624162554134,-2.3248218286543194,-0.5260001037590648,0.0021085635578012287,1.6203096438947626,-1.958548701332795,1.3705221284728413
-4.747863319506217,-1.4218433934932326,0.6661960239620611,1.8580188216606104,-3.6512122459994805,-1.1658329799689882,-1.270367647500645,2.0759378048762898,-1.1706362956517402,1.575555071150423
-8.810002327012153,-3.668658693237132,-1.3195950174175493,-1.9590135371697897,0.3969875206643484,0.7665206980638004,-2.5559686658556826,1.066130449332794,2.8422673464523966,1.019670720625189
-3.3681596425185667,0.10744081721094739,0.8277286007605735,-0.06583063481771696,-0.10810181305510307,-1.07280035792523,-0.5439253779645619,-2.390783710239032,-0.1493286657463106,0.4664568942422482
-2.1581182590101227,0.8860111316139531,1.3193671112029597,0.1245992999704694,0.050544141838355594,1.6575183677898317,-1.896302102989437,2.8359216928340474,-2.6842799742354124,-2.96783110868856
-1.670371237493219,0.8360844821168133,-0.7333593815717707,1.2707741070131817,0.22439736081712067,0.8019514060038259,0.5640302920739853,-0.9603936448677345,-0.3677613467791495,1.6012984495411922
-3.546462634233482,-0.24050834973385846,-0.5557002781520345,0.7395733244449608,1.1923695400324408,-1.4904493415150364,1.7700971763606521,2.3062846794302767,0.7983626224793162,1.6767756224027606
2.783934668197547,0.179050623359547,-0.8104725929713779,1.7040179951587915,3.257042230516835,0.27412963318278266,0.5364854774628444,-0.3511494152862639,-1.884035647662425,-0.3704023511180597
-3.230357749710985,0.602441924642049,-0.6303183511650471,3.695241728601543,1.0537026730462,2.484131770837531,3.5563651439298263,0.3337243145588031,0.5145783599983792,-0.8955172971901799
-1.4599143224913302,0.4240280306838444,-0.9733221845252361,0.6885415601294848,0.9550684103753563,1.304402210608062,1.8794679534344345,-0.13594627523746133,-1.7925517262759703,0.31793375279338243
-2.5497432474738506,0.8478247299686811,-0.9141218261577265,-0.1504560082921373,-2.5660555482658918,0.7216587695017141,0.056341536849334725,0.7266523350991818,1.5381574470226211,0.9862611067531719
-5.663159793582473,0.1198727756213618,1.0273656111149656,-1.1518393207094593,-0.40708659223319205,-0.3582634081294987,0.2916893350370487,-0.24710392304887888,0.10554047314701004,-2.388030881707373
-2.9952452764241184,-0.5298966740353767,1.214236906624065,0.3497012685239038,2.9265778851248196,0.5336512326877828,-1.0781958126487396,-0.2719012791644777,-1.0197396055204446,2.7147522602386003
-4.658832696443398,-0.6999078856139598,-1.2287766360513488,2.687624100231637,0.4523601770216858,-1.4366595890536837,-0.3681788802937935,-1.1674117745854171,-2.1399594757808584,1.7235242293255115
-10.859463513582936,-6.674207901730873,2.115618541734677,1.1803973819070568,1.2593378467672915,-0.14476537901853162,1.6150176680525001,0.33708960875792704,-4.316422377407207,0.6514167983015282
-3.1785791553060005,-0.393780675376811,0.9819724693638838,0.19725898066085634,1.702262451562529,-1.8021190927916944,0.39599570189592936,-0.8478833890682145,1.1079832517002721,-0.6408103442495838
0.26389143486513333,-0.8750989499852707,0.4778545577621218,-0.3030183072895835,-3.319235523212086,-2.9286826310838383,-0.33592492888992964,-0.42276013866431517,0.5171048434663896,-2.4245972829571705
-2.7527397429359746,1.9799325040207205,0.008766395351975991,0.7665206416198149,-0.058794254323537076,0.5158118491664836,0.2741566098290621,-0.3043555928181654,0.11972229653176067,1.6211326732923461
-5.250381127945524,0.06374500291567582,-1.0389232691906727,0.030665684909134162,0.3636081597506148,-0.46632547730673135,-1.0352461646412068,0.7362965483283992,-1.4915311505371245,1.9581388838355542
-6.30793108256097,-0.7405142555358223,-1.5986530800399303,-2.7685020540099505,-0.8233304292683753,1.7568841545564755,0.10928100421038323,-1.2948782466575695,0.3954900176266336,0.2833572333167568
-4.578717297453372,-0.2272557884034726,0.667424648358843,-0.33845609564314444,-1.3726608867189722,-0.02080255641160209,0.31645772958824514,-0.6674633911514172,1.0920403466710202,1.3160147837632803
-1.441016218659735,1.625104326821421,1.2230374681738665,0.004338371349339788,-0.026469846785595066,-1.7176982340548155,1.5166502612704538,-0.7886877494690311,1.5171605019530172,-0.13539820943130224
-3.5530428540460717,-0.8969674964544899,0.5116347995967419,-0.8245029727640093,-0.8966155324950681,0.8950855198316372,-1.1687212966930303,-2.3719667240702362,1.149330602221287,0.41688701732429867
-8.64973553318201,-2.1848066124081345,-1.9280704439725833,-0.6904092141928385,-0.06811587964374323,0.03317124108840431,0.6913823734050448,1.372580375131298,-0.36188818268300693,0.2949945587416492
-2.347671187410079,-0.23054592670998675,-0.9377790576631556,-0.9255319534570202,-0.3530199644393069,-1.38005430660871,1.026386194745235,-1.040975023166169,1.2159350493378511,-4.179780868608271
-0.6341790240352577,0.954415219449775,0.7640914111524356,-0.10015990559604712,-0.8515402184387908,0.057706633373251354,-0.840568954937427,-0.1834264263879393,0.4350903272458473,-0.7133617494740102
-0.8855837910829674,0.015485384355566052,-0.7691517555795486,1.992921286211892,-0.625519507110848,-1.1832292549678818,0.46105398574720347,-1.7255268601723255,-1.534569534382111,-1.6276271899436885
-2.631592028387147,-1.100996751677423,0.9687002795051901,-2.3554068605741394,0.7479115310644642,1.9074509294848494,2.460442264814383,-1.363015411496745,0.9394510345756673,0.6373006665603359
-5.098928673055525,0.028301391045955027,1.3346105250500369,-0.16419681330828453,0.25163408188626235,1.276272929334405,2.265163178127273,0.01548267230884818,-0.4506688744700063,1.061351446443954
2.237268701077622,0.31167866407414585,1.458116521453686,-0.07076834614371695,-1.906442750777378,-0.528551224129675,0.7168195028219125,0.5497067605125141,1.7047595097635644,-1.4804018048830974
-7.794318408712824,-4.213302344965788,-0.29916935821075674,-3.957824387361146,2.452610881352866,-0.4393280327379222,1.1057164073507064,-0.5821932016649026,-0.34246154651998284,-1.4658393309648914
2.4789493221287,1.0166981992073216,-0.4714968131505774,0.9210818015318836,-0.2433889408437803,-0.6600707970739776,0.13890896195032484,-0.799838996777135,1.0417855035625372,0.35173933723112966
-3.0416108969726414,1.624066245584926,-1.1429613285275115,-0.1101586599880832,2.8840912781064794,-1.0887102906691475,-0.06744324589188537,-0.8032399686276404,1.0876719236584675,-0.4943710995102704
-0.9026053637294679,1.2882588183006614,0.55622534652467,1.6462901680436088,-1.4890177128803235,-1.5791841333046857,0.48410427077178514,1.0884022980247847,-2.201009622068815,-0.8812564756357315
-6.637672378416994,-1.0913879999155331,0.35867531844593864,0.6349867587503624,-1.431912645835127,1.9051510481322573,-0.9690083336620079,-0.7307713126721727,-1.3591803036107164,-1.2462438503395623
-6.035809496425475,-0.7828785957568469,-0.21209467597192783,0.9103953507600098,2.149334831227474,0.6417998910249276,0.5279230036433428,0.1950497570683372,-0.3917043450055728,-0.6713241016584187
-4.984963261180885,-1.4461602657711121,-2.817726787952365,-1.39040335723791,-0.5787156956011943,1.7702887072935931,-1.0391076579943612,0.4381897186781355,1.4016876660174629,-1.5733366700135678
-4.685909332481514,-0.6017850704867844,0.7494507932543936,1.6121046752339447,-1.329945381788768,-0.7023968829806992,1.3309875184174165,-0.8117377246130547,-1.0472443010196777,-0.0229403986505507
0.1862005937812472,1.2373584317840614,1.3833027904965849,-1.3433262048502663,-0.42063430702907845,0.7111055976521674,1.8845199476661727,0.236203658475814,-0.4810829269339391,0.6867727028838962
-2.3315687194394394,2.1813042038407557,-0.6832842783845606,-1.978812955483216,0.26235053440447614,0.45289022675078255,0.28747293621792414,-0.7590225191525478,1.0875936372851678,1.5942769845017986
-1.9293387649902267,1.1966151407289025,0.27200333116783987,1.6574455313558312,0.6206734408989368,-1.57553831334797,-0.6309629953921787,1.6073919984384375,1.0426598334511117,-0.847488681048324
-2.1624386474490525,1.506948559132319,0.9125796820230666,-0.23573633500392863,-1.1205246179084485,0.5375835067414412,-1.145797650256504,-0.5132824872141093,-1.8865407332013755,2.1646185230812303
-4.636450562472014,-1.5395109473016149,1.3533448242616528,-0.09405024426759571,3.5074867012562834,1.6496226154482003,0.8559031430254717,-1.5120160224084547,-2.778983456083298,0.4048291704944299
-3.3332296074364236,1.1210838660458617,-1.0310128533350427,0.24947229167236934,0.08985481737375055,0.026313952050791324,0.34203634210885486,0.3122847761788761,0.49712421096376214,0.37574397598939424
-4.8600777672533955,-0.15815924579135301,0.4730256637311536,-1.954388590805098,0.2262787830817854,-0.870348852749944,-1.739122355370753,0.5170570356681141,-2.114848650828367,0.9663621859018344
-3.4662887500702944,0.9634223052278212,-1.7702556669466836,1.781979544345675,-0.9180715987222166,1.425410030764919,0.34124267751159487,0.4615750635329187,-1.8210379857915195,0.13857349308556902
-4.359977110177505,1.5745653564432918,0.5797759723703109,0.08753259934804668,-0.6970756141569809,1.2552646646550587,-1.7671243203655678,1.2791954997650923,-1.7488855204061955,1.2495805180376451
-2.5985179092934807,0.4520355970559168,-0.1419185630663873,2.095423500801746,2.0963996830866227,-0.7633802204441134,1.1337254501204257,0.7791883094078658,-2.9422857419243664,0.4151138316083922
-1.8281777707194,-0.6257880024068248,-0.7714160606026171,0.555857287248002,-0.8267109420164868,-0.7181196929529409,-0.254712462698724,0.7948637506692392,0.31982938016117474,-4.043175054573798
-5.09627424271796,0.19461945982905082,0.9577775503995385,0.061196975451916054,-0.6681680019818347,-2.0029896974706194,-1.2357348940675021,-0.30769388066439873,-0.9778946072679566,0.7572353633924794
-6.473158750150462,-2.0869568220946264,-0.32953700036890254,-0.39746940080405657,-0.34375052210256296,0.9617365380120343,-1.610342949400469,-0.7915913846927947,1.4427434555103433,1.5789853058608458
-1.6644392886655244,1.8086571348527007,0.028039268133045556,0.5020870973082107,-0.7860940777965908,-1.5631353461337971,-0.7986282288357136,-0.4881588740851119,0.3110117777191041,-0.0344464688304729
-8.021126592320618,-3.211320168226617,-0.44603991024362205,1.6299948779209228,1.2966338661230787,1.613111880910758,0.5842005198904705,1.1096547894639506,0.21692776060718552,-0.4888322238111798
-5.044986532377241,0.20469404658533216,0.0029577294736671342,0.5646444391056478,0.9287593128373764,0.48851378333103407,-0.4408390834747101,1.4039294031609326,-0.44952085795571595,2.574417211487066
-3.517459274806975,-0.3469348378328872,1.4488615147874107,2.664505917079913,-1.3887430468825837,1.35224491846836,3.0011678668368567,-1.7884611316481946,-0.08245570057591071,-2.4500165012268034
-2.0447178458104704,1.6282452638298301,-0.2718872521756999,-0.1937193484567074,0.36541664448759886,-2.546513790038367,0.688121758003202,1.2469370436315754,-1.983840349333017,-0.805076356090455
-2.967409566664968,1.0839912938913256,0.6126043704590903,-2.5210530050085076,-1.5930861269690737,-0.5701805302519473,-0.09235360545201102,-1.8483740211157553,-0.10578043290274626,0.6259027584864083
-4.835901029388599,-0.13816923492584943,-0.36036998745691723,-0.21055458124004042,-1.988966935134774,-1.620331274845217,-0.5040914381449453,0.5129377166507432,0.48691806592925474,-0.27543888311707815
0.48105614108266964,1.361406718880609,0.5679139822768885,1.5474403824371705,0.6295688834365711,-1.3684352834521707,0.8580277421107856,1.1581825673702517,-0.11282020996942935,2.32656271027744
2.406898843828265,1.3518865827993256,-0.7994555743001337,-0.5338767621336501,0.17597408425836067,1.9033517135511326,2.6471872420755953,0.9854680461717722,0.6620092264954637,0.20759135519926636
-4.26594785223059,-0.5621829076412479,1.4181310327589365,-0.9890976408146487,-0.9589929703724127,0.6338460841426291,1.3920413310155664,-1.9741300254022216,1.4951564602230631,1.1909050947091508
-2.3363472607159284,0.6410734864915921,-2.2974108629987393,2.92237475297365,1.9406543388211637,1.6396078524254079,-1.1101266988090959,0.31174889001835443,0.7161568660656698,-1.9245995194302665
-0.9562358042758006,-0.12309115798850387,-0.6834960192382917,0.6541234066158286,-2.1004153857592365,-1.3483120273933653,0.2081149048004091,-1.3976975433369585,1.2160431561254983,-1.5180773206538292
-3.6152275380355707,-0.026018216863612914,0.1484661253197021,-2.0989202005996406,1.8405825268566873,-2.3594125276899782,-0.9358090699212417,0.8333513170957214,-1.332367147538254,-0.6009576182994143
-4.609233589663064,-0.5452919982540371,0.7287413939668901,-1.3929596333858478,-2.553559407401987,-1.0991394148462303,0.10768830662799335,1.3474739751962868,2.276884057967366,-0.6449936772041756
-3.0149800889645673,0.33596504664551746,-2.0791269648542743,0.04224297936703068,-2.21359877731196,-0.3098280129085156,2.0778428604416366,-0.028539422853285357,1.5569015779718556,0.5820407486668279
0.25647826184186684,2.646919859309351,0.7971579142047062,-0.5691515447366108,1.0613517811243327,-0.4539256700434966,-1.3118131082941615,0.0703068058575692,-0.6913727732191471,0.7042457696079882
-1.5617354486657078,2.0633914550994796,0.5116525563817541,-0.13638679401819484,1.0162639250938532,0.21460105654369244,0.4003849670198402,0.13652744357138916,0.02984691805656365,3.3832114987995294
-1.3863378907901485,1.8836455327031283,-0.6735611297011893,1.1537401916024213,-0.7829401295952901,1.3541962598361428,-1.0028930907297067,-0.026715571399455327,-0.33472992768643167,0.7648967670248159
-2.2361169442797846,0.20602356267707572,-0.789728864433993,-0.9393442117189019,-0.3354632103027663,1.3207927433437385,-0.6874516078742273,0.3585410838422829,-3.166904504311154,-0.9751765175504397
-5.475580386648825,-0.5662342919043727,1.4668130359784888,-0.3899076304368394,-0.43422568601740147,-1.4003998655900936,-0.5115177431197804,-0.8427577546744499,-1.3035439575941021,-1.222817661959802
-7.692818455468307,-3.0625052578850034,1.2171023517813337,-0.4325759862835945,-0.03880617567567206,-1.9686579126801216,-0.6128374579327465,0.7488986959737867,-1.1697104211702352,-0.6470402626947581
-2.8694117699448514,0.6039835423788006,1.9067968074270858,-0.8527157786148869,-1.876057813572799,2.3337486326528682,-1.0213508968983405,-0.16805629353089727,0.005605348372779953,-1.9910033082068412
-2.2215740682986467,1.5357647341912821,-1.2456876676929693,-1.6372131706109443,-0.5165124208971472,1.4149166374072342,-0.24346427997160017,-0.744995212171032,2.263673946968267,-0.8086797846729253
-3.096780701935974,-0.02900868681729597,-0.8381514627825928,1.1369538107045551,1.5702089046568695,0.8046839928154497,-1.0882994698671102,-2.3549868926427444,0.9944692356208134,0.021615002160763907
-2.7314319160732854,0.500922352541387,0.5726224831786272,-0.5384011692746421,1.3052042337289165,-0.33346797968753983,-2.254397590395749,-1.3963240254917495,-0.8388163070949367,-0.34250439323770243
-3.2904453743957385,0.14505044902583442,-2.33386560666689,1.4235806192741114,0.7879572940803962,0.6936356045615362,-2.438950696472384,-0.13248404609948555,-0.11987286268415333,-1.7399169320778978
-3.3714898317804214,-2.135346006544465,-1.1742644256828418,2.1194262658597856,1.3701108957001165,1.1283857493009142,-0.35599676672456815,-0.1291292931988351,-0.5286771780361725,0.5763222250988436
-1.4765912562279793,1.0349410626115474,0.7555058459995437,-0.8454845971259979,-2.1808653294273572,1.2387427326447658,-0.8310481913621173,-0.19973018035503198,-1.192758423204651,-1.1135632944350984
-4.885818987835637,-1.2010671836925235,1.4561963632521988,-3.254731451729093,0.9538429638831293,-1.8306233501482794,-1.5766402651039069,1.4629481537677596,1.261554783283696,-0.21800520358270256
-0.3978672513293457,2.0263963389961126,-1.5915185838879427,1.292818215813333,-0.48149406087277496,-0.16857281047282932,0.1566438792367396,-1.5233261051176499,0.012542966611714978,-0.08260823670536574
-6.86382993996476,-2.596910160661852,-0.7774560236723426,-0.034447244424653224,1.3090446795715411,-1.5217631191309335,-1.1983818581353303,0.8790965584877007,-0.5185034714672784,0.7926989724134531
-4.242659087534592,0.31869648603748507,-1.1457325567989805,-0.5893854974542064,0.5466600008406136,-0.8916764006218142,1.4729025291308706,1.0738752328051793,-1.7433447460569769,0.8997718147936771
-3.513708271143759,1.034511956289719,0.47791150279683575,-1.8556249662807214,0.08658977730421559,-0.33472459583282926,0.4424762270672807,0.45088698114210957,-0.2566206708319305,-1.4359963252168877
-3.4475199816242834,-0.6488015206832303,2.1685809127768443,-0.9159005084555871,-1.5065185511327637,1.9791770381795855,-0.6094485566972496,-1.6955012424767157,0.977856603583865,3.09623840840205
-0.5332313552688124,1.4140581338299858,0.775208732868405,1.1440762021925222,-0.9932109558610273,-0.5224218020887695,-0.6985730576314629,0.13048609250239257,-0.9161824422687415,0.2428550940741509
-0.8781802141048284,0.2860726482916202,1.128082447644633,-1.7885602472608948,1.813717653388701,-1.860442084687083,0.5381607365528889,0.19436862054309567,-1.2423271581022046,0.5778086777370179
-5.358200804215879,-0.09404149589492296,-2.1585494310209166,-0.22916500329229933,-1.7076971040806046,-0.2412235761867992,1.307832483376653,-0.0951294934480945,0.09032562957047026,-0.14011181745278356
-10.913685645027297,-9.108814022368264,-0.973055059855244,2.7900864197271984,2.1884061782492434,-1.3638464886254744,-1.0740969282209767,0.01890303590784973,0.2886967957234316,0.04827681731814634
-2.414297983053364,0.5850347323412711,-0.19153233791790542,-0.5890689505890353,0.15653772319730785,0.4415498410688126,0.876307678048016,-0.8686325940041278,1.1885023519189302,0.05154660552160163
-4.632790052474895,-0.22312862387108878,-0.041920589018871225,-0.5877896438528829,-1.6253816228913347,-1.1059061316184762,-0.05861781231167497,0.20293040619844727,1.0747672340151408,-0.40010270678497734
-3.4599805898729676,-0.48181190711305244,-1.6774034021201232,0.8830989099180696,-0.6486047658532448,0.25609731282901743,1.5409672114507547,-1.6390082147867304,1.9580496257450524,-0.32778799800631236
-4.86612988577391,-0.2123768268895867,-0.632579154928348,-0.03448599697608996,-1.1390046575102406,0.596962255277944,0.03162889628949246,0.7075814316820757,-1.1334587711391102,0.8267711610770732
-5.777238069596095,-1.2851865960532975,1.6391929304076578,2.1220320871368297,-0.6540875074884619,0.20395397476435265,1.206475786002022,1.3906120546701422,-1.5607512286776417,2.0467971124498785
-3.9453161932091367,-0.2409019643322158,2.531838629831515,-0.6885133171034974,0.7179664802219036,-1.3394126314564396,-2.187718884513255,-1.6607129666367837,-2.4207939251785096,0.1968905048612574
-2.6103040866746685,1.4322217978998864,1.1380130072399102,1.0616116868822971,1.2055673447092803,-0.40670600654122374,-0.6874039454971038,-1.364498706725487,1.5489301931065729,0.08046914103712283
-4.015077969393293,-0.6258361145070822,-0.47923966097425225,0.015619974647598452,2.2159825545391114,0.09508416402475364,0.37858008739589616,0.49636079611262535,1.147968826591583,1.5058875866077954
-4.481044845038128,-1.0501124000634614,-0.13964736476721176,0.1299288507197744,1.4321052151715596,-1.234120140446648,0.3272295688311337,1.8150824855450702,-0.962975244833913,-1.4968858882442646
-2.6128244528956683,0.6084382440139793,0.9479839589013025,-0.02637855922151896,-2.3673829513751974,0.8020346899109002,1.791452111319718,-0.56915660907275,-0.8852770497173021,-0.07480912817747498
-8.430163259620995,-4.708066042678497,-1.0503870233553039,-0.7220611621632119,1.3522310926627126,0.9421309206831117,-0.15627760032934615,1.7115636369742868,-1.7780483191612513,-1.8258195423644763
-2.488833239353143,-1.3374468296874653,1.2969847430010162,1.3555350126531427,-2.8100306581631367,-2.2210100512547015,1.202296084729325,-0.9515872127647791,-0.1005966465345025,2.2404156505858257
3.45062929404479,-0.08935072780145244,0.3669938539301289,1.618793906288285,-0.6529773089314312,0.15044194275281778,-1.3063484337521938,-0.8369196898936718,-1.3613243896165632,-0.004665068859959736
-1.7241721875107165,-0.42755619695543634,-0.6821803188160243,-1.7596925761485138,-0.5175998558192844,-0.591495075821462,-0.45202532416131647,-0.7708849485340424,-3.419852182425581,0.2825049953454695
2.709927197180696,-0.16602625733485454,-0.9705167918777956,-2.6925783622859623,0.878195155092966,-0.5933534130829787,0.2012320649903739,-0.22786649478817594,-0.15091376741004348,1.0600311807163216
-1.8037114105890892,0.9997725779119122,-0.9197311954707431,0.6407869404679531,0.910625800503281,-1.1809798628045058,-0.9992117226617543,1.5121644175094549,1.6727192234364476,1.2535496710884761
-3.4718745348906705,0.494991718413375,0.752027510611955,-1.2797357857364577,-0.6513528925201544,1.4226164520712294,-0.5013720000580913,1.3921197490724955,-1.4616700582838542,0.47614487846673187
-3.549289100902308,0.2319469388198652,0.01589722191806633,-0.7128335120145598,-3.1603071683822033,2.912037730126945,1.2915271821571825,1.2298696177899884,-1.0063883867062355,0.9970629252118256
1.1407176324249564,0.3625216574880455,0.24070173696010624,-0.687034266766492,-1.2837727053670904,-0.6406351647667905,0.8860440985350966,-0.08947252228214427,-0.16256371892769494,1.6499359405371579
-0.5761210282121773,1.108491876892944,0.09965782460955461,-0.15666748035006392,2.158069872308724,-0.08912019689147964,3.16569994520094,-1.5866549700906043,1.6460129380853987,0.3411572818005959
-0.6906202800155553,-0.20261260982135962,-0.49875655232520605,-1.5259483671528924,0.3752960892732544,0.19893818213327724,-0.6929932017224122,-1.4362225888431774,0.4933623694525382,1.0157526352707213
4.269175497308794,-0.2590201743515797,0.505485751522275,0.49011395908214656,-1.0925697480943883,-0.2184725203559452,0.08613374096311022,1.308885253858706,1.1009135695682362,0.8470080117504505
1.8327161706950812,0.6611238696356361,-1.9473082817237406,-0.6639487872104669,-0.3846902901279277,-1.2238283807488899,-1.9543020771769115,-0.9684822962375554,-0.9314635367863824,2.314254276969033
3.4864907322324026,0.09378869343770305,-0.40685189071073724,2.188756841926978,-0.9217558857364141,0.5793895277841731,1.080828666709906,-0.6354724543131233,0.5753016508720136,1.9160668658915598
0.710149895991665,1.5670204214613284,0.41434466442965184,-0.0993218635811352,-0.6604832250586564,-1.464046254844903,0.13895213769891476,-0.8807484836674278,1.0687403250852476,0.28730658134816706
-0.5815034203723574,1.7687887024746842,1.1885033181874607,1.0545967573403026,1.2483421973043052,1.9308668621476455,0.4270720148589435,-1.443994979109583,-0.46133665375396066,0.858019431994933
0.03890774731855331,0.7510910323478124,0.23081620329403915,1.2689098333528455,-0.5512152851601545,-0.17503353930076318,1.7983571836484138,0.2938636082796678,0.925017547276003,0.7069997581890332
6.328008387044962,-2.1992593875754416,-0.6959348448605893,-1.6335385747271023,0.8990250067456464,-0.13104081749093538,2.35549023872219,-0.39380773331873115,0.7094784566460592,-0.43917057754388295
-0.6441458177369236,1.0499251697778564,-1.8840921079364024,0.503259719812463,-0.743927899266905,0.6588795765633659,0.49636551970648096,0.09771342417517066,-0.029440432095112695,-0.5822894766131619
-6.837134064425385,-3.614967287098436,-1.3093731091033949,-0.5671734072593644,-3.1473826171627,1.521806762612632,-4.015422356591268,-0.19836369642720023,1.0102203167639925,0.6002472209523891
-3.448917364547072,0.4727430570498067,-0.7722479039090352,-0.9884074788566877,-0.7970066586424925,-1.7915042701319015,-0.6775745653341768,0.7794900534157722,-1.3452272019328648,-0.03375825465327181
1.2684237758546055,0.6558952054567028,1.3722007792212167,0.6424889402086896,-0.4121211843793369,1.6326383773955553,-1.004668172314063,-0.10622441035639471,1.9778500498393348,0.6134611233610575
-1.2244661502683247,1.1840326419739586,-3.8697030994626824,1.1177444821776645,1.8781704035646958,0.3042894440015189,0.36417129336309106,-0.5963351323312643,0.21204913201595743,-0.8755999263864612
0.7725204229361061,0.558345161527827,0.4045960381346096,-1.5374369279866558,-0.6423691875210844,0.8069561907838549,-1.2164640744553117,0.6075329734997799,2.4589744535272477,-0.09304074977804502
-1.9245392305982527,2.177491913579501,-1.1374923645072414,-0.7428717507913661,0.872768073379289,-1.4498786195278295,0.04932924341365779,-0.2155528488156674,1.644891670441661,0.19293037964288967
1.9933789350746265,-0.5120739349541923,-1.4242225110305724,-0.841968236912529,1.8631468841792298,-0.4642147120211478,0.9445866459024813,1.2570267308468048,0.19903875321661846,-2.1117978829789497
2.5956546476023745,1.1921098982375253,-0.0425047482443597,0.4995029053008556,1.501364245444841,0.9070246210017024,-1.1606314553925212,-0.37893182040727375,0.30557851399690994,0.22078815551167263
-1.6878286043603123,0.15731053145155227,0.25291112791852594,0.8233974179717749,-0.015373377921804997,2.4074444981831107,-1.7225127041076032,-0.38056869921765096,1.3221639064351294,-1.725207942850925
-2.8883258736903454,0.8132856098655805,-0.3045003488153099,1.1419952939702527,1.075738242099724,1.7956352325952967,0.033925185109447406,-3.049109049131559,-0.8425920357561296,1.2197212124828363
-0.8441140816177659,0.6270640260690843,0.21680670796691767,-0.7271926502061072,-1.2101606552167998,-2.1426530902982956,2.0985622559717263,-1.5209879788512477,0.5736124000200352,-0.2020148338024437
-5.159944098153003,0.8338443406725692,-1.4469856768945109,-1.1775849322490626,-0.03136646302911012,-0.3813862996353654,0.3307181653511483,-1.4887091140776982,-2.544883010933589,0.27561847376783494
-0.40754708098215625,1.130887241506374,0.21297045879186713,0.28322076582179395,0.22470217534000322,0.2731490277926777,-1.9588940993968005,-0.2899455534165742,1.259395034020806,0.6795813052700171
1.2792102645949042,0.8069716741375185,-0.8867514062744885,-0.8457934013072496,2.050432011323446,0.19974279204372283,0.9937533693676756,-3.0752190441453156,-0.44298233041875557,-1.30970325203751
1.744153200230003,1.7289674290871029,0.27000728421788817,-1.521977348279231,-0.14520739159403856,-0.812001695660068,-1.130002731040115,-0.4561287904877447,0.2955132695910114,0.4251938285615654
-3.629868681767765,0.45677987448555135,-0.7708282507614692,0.9262330369158998,-2.6943230980951496,0.31050940963662693,-1.335307408495347,0.34131336576946236,-0.02731495778230916,-1.885018404865186
-2.068458584425748,1.07786643104316,-2.2843509338546153,0.8745444313359576,0.022795629557689604,0.4615517990904129,-0.6951651509191625,0.1402788109939671,-0.07178794559167163,-0.8750005100034614
2.351744932590285,-0.920596910595041,-1.6905363716797877,2.3484097464551392,1.3043451344764496,0.8144357305576445,1.232105492994529,-1.2510472101768089,0.1807609023254822,-0.8234221445657391
-2.2553415789658082,2.522099028793547,-0.5066670141287661,-0.7326259036881283,-0.8751424213752025,-1.8645427912065289,0.3284601172330346,-0.4001508281961365,0.5999930283550398,0.3065749519396976
1.8638733370905045,1.136057307567686,1.0527485771868548,-0.6091178622744596,0.29893368378452606,-0.23302270722552607,-0.6311242659132146,-1.1918122423853137,0.5510601819568023,-0.7679748093115918
0.3627904258628122,0.8676705585366112,-1.0493588983434172,2.862005051765828,-1.9552017314100334,-0.7492230010927483,-2.1606506755156736,-0.7127302629293223,1.2930593197324454,0.29072546172322944
-0.3071597658876802,0.48032949426147864,0.27103080377308447,-1.1671846184767718,2.37354997611409,0.040380658749716455,2.4526361812248862,-0.7658179793411243,0.9403466612036907,-0.11130227341128943
-3.335282493641402,0.04419566674740507,0.4347919220024655,1.837619808438154,-1.789928756210795,0.41571944054184573,-0.7167759628012669,3.0678050985914256,-0.642571314510362,-0.8125798153520055
-1.3195771359703252,1.3158277960120521,3.0310129981320104,0.6456390904927432,-2.1686252618836304,0.4383214165218734,-1.4654686527478682,0.12955955110119557,0.4891660797749167,-1.4242306149280304
-0.6612874109313351,1.4311027956263396,1.3023148521489207,0.5112032437331323,-1.66283516986382,3.068424384580308,0.5953837437019339,-2.491948817854236,-0.5830133958196683,0.1373589102315968
-0.39666723563056844,1.9175671220542765,-0.3838217770011899,-0.6942545506477128,1.3559704773044101,1.298914653966561,0.15475332134333686,-0.3652843819325601,0.7724858934410187,-0.257373981360504
-2.0360141525251367,0.59746698735456,0.43724409377113554,-2.7714810988900815,-2.5679570137858057,-0.900343450872197,0.2731731335436904,0.37692737322181996,-0.2952630752241091,0.6287441894566497
-3.0897236587562427,-1.9520517248436327,0.7464007335112339,-1.8298321182037678,2.661231928771957,1.5322594002397605,-1.0734949702579053,3.504188615286442,-0.2693167896350017,1.3865157275560982
-1.8143957739255376,1.3157380326750558,-0.09790612706106835,-0.8353627794832005,0.04648457972199037,-0.1745609585369775,-1.6058022315019358,-2.183699729899643,0.008246013884041583,1.8168796170665649
3.2729447878711917,-0.292602761304986,-0.644412840682158,0.2749902570223194,-0.16716817530210829,-0.2488881442825541,1.9371000204853037,-1.7203423300093386,-0.4459188084971114,0.972241552051152
-1.3452956154736244,0.83075682858148,0.029902856871866557,1.0956490352033004,-0.8153891428371531,0.7260209196752412,0.5621884371899291,2.591432909927096,-0.3784892236646444,0.2220795557660197
-2.83827721891247,0.2633771749239698,0.13388799037750412,0.1488665766454482,1.393057183629775,0.4102018332498349,-2.2320171050222832,2.420797945924064,-0.3517546895607478,1.5688145900304595
-1.5463907074365608,1.3178470941224556,-1.1393367256875357,1.1825028453246964,-0.15641989301926562,-1.1743894199325977,2.012239664012975,1.0747097886702155,1.6963186394352066,-0.2827440734215828
0.7668675720791248,-0.5000206116467267,-0.021293893087602767,-1.3925361040505682,1.7151979669326691,0.13910767322408182,0.13365963093045577,0.6437931118100263,1.4006136579939745,-0.4976444369072266
-2.540947542399433,-2.028061717950723,0.09408174796017402,-1.9111346258128372,2.2350339318097223,0.19109012375255524,0.3767136952886948,0.0039293364749999615,-0.6320458270451372,-1.5323371574553875
-4.20226956201411,0.9458695898125007,0.8813442451394922,-0.6865228865169439,-0.21320311018295185,0.23288710694224052,-0.4842369861244655,-3.342516546134202,0.32260932519194435,-0.5617220668876785
1.9333997865182015,0.10089737758403626,0.19217114085434003,-1.2377589480122018,1.034651383176166,-0.24131324765649897,0.9573021523853519,-0.6747018438372637,0.6624622709346258,1.1910155121056198
0.20617811745480194,-0.15082657626822613,2.6454362309702337,0.21708786661078044,-0.5574760921313965,-1.5782942173938497,1.2123461645188158,0.7394699843925816,-1.0892677786804577,-2.609853445211277
-4.219410372377232,0.2065624780373113,0.527634348573987,2.5803074233201904,0.49857934296437334,-1.2836876524003387,0.3810868232393018,-0.34648105583165967,0.4733775496702716,1.495521299549687
1.8407025013661382,1.0149299490050927,0.355174294384516,-0.990282865052019,-1.1887811282617469,-0.7023011895166937,-0.4453330894193393,1.1985883661374879,-0.20430495027410095,0.3642674115121691
-0.6865378207244036,0.4649690388285932,0.9811846641709246,-0.01836169420359383,0.4097845747440963,-2.597885334803181,-1.8077262811711223,-1.0720235415728157,-1.2238072418940642,0.5668514290576768
8.433001961271028,-5.2570228288128,-0.3974859172197354,-0.12759396236530382,-0.5854131674098695,1.809023272065183,-1.468283343779919,0.41631229805355796,0.9730241660102135,-0.08507269915805798
1.5549067196594584,0.2030020715774747,-3.2708811400402618,-0.16979398628643613,1.2245364499332096,2.0914889648759956,1.0379871764100637,-0.4305602578548642,2.3121507977889184,1.5735212119947748
-6.522088018301269,-2.063795919621866,-2.430851480534303,-2.9995890094875532,0.544482360733789,-0.9889273907606277,-0.8141326516396219,0.972808902828239,0.00921895808540831,-1.3076383603740525
6.32106453314772,-1.7382123761084975,0.9704193173212559,0.9045326626599766,0.30461341772653466,-0.559628495367629,0.3998860612234695,-0.474053837066572,-2.540004467980354,1.2824559111764087
-0.23059487634247813,0.4128302322749484,-0.45164355430654457,-1.2309200018375839,-0.9726577596345326,0.31058460919763686,-0.5643370934408868,-0.10028939074980656,-2.0758760766190014,0.408461903705393
-0.8086139620228131,0.9655115824923143,0.24284665720801396,0.14482881138776385,-1.0076402732521066,-2.4570198301360118,1.6307459876684776,-0.08593343996158491,-1.110927429917919,-1.8791642366743486
-2.2410094369028535,2.218337178781559,-1.1032662719180908,-0.3583355563152567,1.8660418497035762,-1.0995695809780746,-1.0927454148771798,0.7056923781685469,-0.40544880598639077,-0.4710104377439792
-2.2035038850656763,1.7669194236037802,-2.095423019893705,-1.9603790011424778,-0.1562708033579531,-1.3994605592997098,0.19431051235200997,-0.9883435474327855,-1.3393372447124978,-0.014684266513439046
-8.24849450752402,-1.952151231308004,0.49450365919376343,-1.2668096203778074,0.6771572621564286,-0.5109043714896755,0.6112813653492705,0.6322633769895957,-0.1915809637909624,-1.3542096272828392
3.1391928258248627,1.2592433279575432,-0.025979411736558676,0.38749133112187767,1.2340039204004492,-0.08734962034427952,-0.8389836274532365,0.9223092679316387,0.30004295862422403,1.7958309198345181
-5.971964204937666,-1.435574914750003,1.597962838075042,1.2423755898446844,0.8272525795290626,-2.1100202750557364,1.8473167183045216,0.47978330774684397,-1.378183007408048,0.2208534254152588
-3.231222555304093,1.3251018527700922,0.16506611552416356,0.47413377463888107,-0.3070885661159492,0.4322514131002896,0.10234788036824508,0.2721306217809807,-1.5959078279955834,1.2293142561580095
-0.2282286008138653,0.6789548730512558,-1.3542891430397845,1.066310147367468,1.2251588345854076,-0.625996231543103,4.083009378808444,-0.959476085513959,1.035651521077033,-2.0421045232127146
0.20316481455374719,1.4849635743318983,-1.04514380646269,0.4598982032962917,0.3732280818007273,-0.6539840650928739,0.15479751113186985,1.2241537785637393,-0.7616982984550559,-1.230707463445066
6.3700604352242305,-2.053279942772691,-0.6573023517101774,1.1644680429251069,-1.6019520856188427,2.1279884272131246,1.887201918916816,0.9892815283455373,1.2154281950164592,2.42108478903735
0.5154418397809672,-0.06843583121411344,-0.14020758301237213,1.2020600248379523,-2.306946528952198,0.16833437868944812,-1.0747947794463941,-1.8582254389391684,0.4518507708393479,0.5614248894073893
-2.9143876810901417,0.3526627951319539,0.6117818480461025,-0.7081458911166901,-0.09012450517968905,0.12353930345895081,-2.4068711192014214,-2.612638115815682,1.4935564820112444,0.049389435740024606
-7.763753863186277,-1.3546746944552415,-0.5746798004316496,-1.2654633007975244,-0.6886110758789821,1.0915506189823785,1.0316498068790445,-0.21542128674259692,-0.7926380498352681,-0.49210683438810365
1.1744018884697616,1.0502508241751927,0.48909543221977864,1.3824829236065266,2.1114424948906403,-0.13548711470577107,0.18591081831462491,-0.7035819995826033,1.7386928528511911,-0.6063487201894425
-3.612657236904557,1.0150477015391781,-1.5448805416014608,-0.9563756362200441,0.40548295294717435,0.0050770626957745,0.038891208469121696,1.2437960311091332,1.632123128508976,-1.2639508811950888
2.2824043642477316,1.454899671467541,0.4831132244109597,-0.3850711031556693,-0.16524447417543975,-0.24378630463362963,0.9616927735867576,-0.16851197251850644,0.36206285697448426,0.15855508982699423
-5.730051048610115,-1.454263686124694,1.781176456066628,-0.7571185576100967,0.6731667637076333,2.8015990316472372,-0.4671321299303274,3.1142027375291677,-0.6088997952092355,0.39552751587152907
-1.462101790997992,0.4233955280973354,-0.35279272346048035,-1.0718300689385292,0.11411854968046349,1.853074229105976,1.9585737430585337,-0.9238041652266172,1.2257729453903983,-0.642399708510109
2.1975801730866618,0.3395109896257939,1.0504973270708784,0.8463156865602606,-1.6392526231967657,1.2276930550101068,0.3136028914426553,-1.8525938562451132,0.07994196812311015,-0.1661147576658771
1.6868954834361791,0.49910226431812726,0.19098273557778786,-1.033286658322179,1.0729238531798848,2.0014688750346337,-0.32854807599181585,-1.4404343995023168,1.8181106437026178,-0.8769258119272411
0.17329942290443417,1.4363228977252718,0.8585817337195885,0.36186908121290207,-0.36340882973896405,1.5499331820670743,-0.09368406339756452,0.9329123456226278,0.14423378991435915,-0.44277700266339015
-4.681242169620575,0.732514124502307,-3.3510823578607805,-0.285200219238576,-1.4112902228148325,1.0919828679992278,-2.1817940870957693,0.3627306862518241,-0.16052333378618905,-1.6449405675291384
1.8593471018550671,-0.09807645399351456,0.5865588712001923,-0.016131075282617757,-2.1560543388094406,1.0700249187057824,0.8689586097775762,-0.6737018212009094,-1.492842756030821,-0.8578703450225734
-4.772127569962971,-0.5850208825042394,0.15904757656339197,-0.7446157275825758,0.4637363346818919,-0.8896972542992978,-2.027039445516148,1.9483680934036653,0.9115044469601301,2.4361318518159525
-7.837139707833626,-0.8131569503457432,1.3140710020186248,-3.0149429641821985,0.815563183866762,0.34989043052099283,-0.2339772193452553,0.8733011133693074,0.6669322907868072,0.015340106704476573
-0.011791972282556547,0.9873550147246504,0.5444447826028219,-2.947487347532593,-0.4109841994249203,0.0022658328667524382,-0.7776587826942963,-1.6588268847017664,1.8325583165166761,-1.1732276030789883
3.6878352631330142,0.003831448718555409,-2.702371028910929,-0.6976994765247283,-0.9452932851470683,-1.4937440638987793,-0.4458343422182953,-0.9383195342275409,1.2628285469832468,1.9610658019834826
-1.7862868353122645,0.3787693526774155,-2.8235128756548127,-1.8483285447395241,1.545648527591099,-0.7251664462022722,-0.3578868615533122,0.6001362484679239,0.18359509768400886,-0.4568245819552937
-4.511118557272592,-1.57403514090155,0.773302026743743,-0.8742873541979745,-0.8706885057451164,-2.6122478811904957,-0.9781764902825477,-1.2086005517596417,1.0867620631453434,-0.8356746226416581
-5.018838963523022,0.46431450261784835,0.6621929117813034,0.2093143162126985,1.5604320373431801,-0.24818443378843086,0.10347839433840976,-0.4962284272436365,0.4744222575784553,0.5216904438871822
-2.9939022328901608,0.10920602379572207,-0.03506584290326938,0.8707121529913001,0.1784956465367008,0.7469728320583956,-0.9550259619470187,-0.7271726778941668,-1.6212597675441764,-2.7631703517567257
-3.4973005860418307,1.0962391201273498,0.5064257924537556,-1.216721065742599,-0.8240572164851536,2.041797714536775,1.7919043680176592,-1.8836025669196015,-0.10534003145758225,0.5761515386228893
-4.437425075621642,-1.2644874240581991,0.7888536694264777,-3.0893367456301397,-1.262258200861658,-0.6319298155855774,1.4084491977703852,-1.0962892915580962,-0.16139834365390698,-0.7756517910064522
-1.8043059522369778,2.217879963071286,-1.8035265160822076,-0.6616100891196987,-0.5233054642930683,0.46384751535726015,0.9982715314146908,-1.3261096489294135,0.299087485099738,-0.5053375865640326
-3.0746044086122613,0.22040555392148894,-0.09910456128995815,-0.6175543092355403,-2.515815101893891,0.8428207875110894,2.242742295489832,1.3106535821766487,0.449130682900977,0.20037596454195383
0.9551712115354025,1.1579011452102603,-0.20834907453664245,1.6922715728451116,-0.6179675210804862,-1.4476183146110826,1.7012920730243264,-0.2971912353805313,1.4391185823402073,-1.0628809600400952
1.6509651277132995,0.20332002845386438,0.9177944731707726,0.2014324172976,-0.3983786061586131,-0.21151196962429464,-0.8499180565591212,-2.636022876759548,-1.2840648442451064,0.3116709681447839
1.13784238439366,-0.2497013102420361,-1.117117221924962,-1.7310288609476872,-0.09712909671323042,1.100767483765285,1.2639369118735657,0.09741149042658731,0.22167446294988452,1.390691783340245
2.5872439800951508,0.5525703155891173,-0.1298136045854234,-0.20096433758914775,-0.004150702573036818,0.7053754598465547,-0.39796111143882834,-0.31856779079987774,0.00312620483839825,1.601432860177973
1.2195927021220276,0.6175302038909358,-1.3952843807605477,0.8353499743015507,-0.03889296996265193,-2.6003397957712107,1.8184315103997768,0.7407134068995119,-1.5016934651195855,0.7799438568252012
2.0399659822410783,-1.1296030407861541,-1.0062565549003337,-0.9380048753974695,-0.021028936571806024,1.1748755808096463,-2.1598292281350826,1.5988747516991095,0.8122520545423714,0.5410663739405135
2.874272888510836,-0.08767993309531907,-0.480889619287351,0.2927289140511978,1.437617142981533,-0.6091205789915395,-0.15490912155131265,-2.3454252909996707,-3.3623102615572,1.1364550981552226
0.29821772097897803,1.839388375761714,-0.3407193251728023,0.11430791335178557,-0.7207511682907056,-0.6052966342399846,0.07360292965148044,-0.020328002373120477,0.2928123324873615,0.8124132500773285
1.2215273438663818,1.2743347094871595,1.4502633581249083,1.1458060684352849,0.8208934637147157,-0.635992854351804,0.7647607205680175,0.40390048580440535,0.5490008048479074,-1.4751227733996446
-3.412640346726461,0.3719514276435296,0.8182747317588506,-0.1630847005734767,-0.36861951172378815,0.04340080855980035,0.5583058388164595,-1.0321809408428047,0.15078604169023666,-0.5886152481985707
-3.3019987699743067,-0.45112576694052814,0.40503942244035446,-1.4268245058897984,-0.6259601466934817,-0.3462141979331976,-0.37742602054152274,-0.467692130265809,-0.728841962265287,-1.3370386149194171
0.8483202948543496,0.9291247837819636,-0.040046858769979224,1.8495483359183935,-2.1282153655310867,1.3309318081470156,0.9735470847034345,0.1602698718328798,-2.1790775188224214,-0.19517716417877076
-0.45491902055847366,1.608008484791996,0.605505550598099,1.7164371344195568,-0.8610492176202577,0.08456243582316259,-1.6932652559634978,1.519887676310125,-0.0717565161254274,-2.2087609035159694
1.0750521647634645,0.4155449483619617,1.5013302076295372,-1.4802095137826532,2.0813205531760754,-1.0474284559966875,0.8393114211475529,-2.0621960542830906,-1.9443710923081439,0.7852594347621219
0.6557212739089011,0.6955398439467256,1.1013741722542214,-0.15404897013019378,0.5481673306783055,-1.7627860312887107,1.2206779100503,-1.045462027094953,-0.563974672741118,-1.5784355957362846
1.4006802102877927,0.6017965154740567,1.925322025557719,0.10413419235439096,0.5240704747309889,2.7147133193807265,0.09742151259808207,-1.0712973803032797,0.2777783432693536,1.2674922071897714
4.000590320509502,-0.2174193729873485,0.6879983435424402,-1.275683338271089,-1.214920472575137,-0.5716798513854717,-0.15528554043372114,2.0581653055762583,1.0178734122568964,1.8610822792583608
0.680191960720609,0.7625265180641845,0.5781443169426022,0.6097982452760166,-0.19449938270533004,-0.00803223361499628,0.17039367537839561,-0.7219159857708072,1.9393759313857082,1.974999768308607
3.0370276352055754,-1.8242264492126457,-0.5857880230416854,-1.951684468869732,-0.9786876041299728,1.1686207840437923,-1.423115884013204,-0.7999472822940146,0.24717984965105835,-2.5360858500965935
-2.087367204003436,1.0340685473513105,0.9073161838743329,0.9102591918403057,0.6857859402996344,0.48994610779949266,0.9972249319910186,1.1295732720612215,-1.7941170260935195,0.5530138790676968
